id,stage,input,emotion_intervention,style,route,phase,response,evidence_origin
preset/opening/0/neutral,opening,"Oh, fantastic.",neutral,practical,,talking,A little company makes this less dreary. Bridge or sea stairs?,final-run
preset/opening/0/joy,opening,"Oh, fantastic.",joy,playful,,talking,A little company makes this beacon job less dreary. Bridge or sea stairs?,final-run
preset/opening/0/sadness,opening,"Oh, fantastic.",sadness,patient,,talking,We can take this slowly. Bridge or sea stairs?,final-run
preset/opening/0/anger,opening,"Oh, fantastic.",anger,steady,,talking,Fair enough. Bridge or sea stairs?,final-run
preset/opening/0/fear,opening,"Oh, fantastic.",fear,careful,,talking,No rush. I’ll stay close if you’d like. Bridge or sea stairs?,final-run
preset/opening/0/surprise,opening,"Oh, fantastic.",surprise,curious,,talking,"A little unexpected, I know. Bridge or sea stairs?",final-run
preset/opening/0/disgust,opening,"Oh, fantastic.",disgust,wry,,talking,"An inconvenient job, that. Bridge or sea stairs?",final-run
preset/opening/1/neutral,opening,You want me to cross that?,neutral,practical,,talking,"The bridge is an option, not a requirement. Would you like to take it or stay here?",final-run
preset/opening/1/joy,opening,You want me to cross that?,joy,playful,,talking,"The bridge is windy, but not required. Would you prefer the sea stairs instead?",final-run
preset/opening/1/sadness,opening,You want me to cross that?,sadness,patient,,talking,"The bridge is exposed, yes. But you don’t have to cross it. We can stay here, or take the sea stairs if you prefer.",final-run
preset/opening/1/anger,opening,You want me to cross that?,anger,steady,,talking,"The bridge is an option, not a requirement. You can stay here or take the sea stairs if you prefer. What do you choose?",final-run
preset/opening/1/fear,opening,You want me to cross that?,fear,careful,,talking,"Only if you'd like to. The bridge is windy, but you can stay here if you prefer. Would you like to go?",final-run
preset/opening/1/surprise,opening,You want me to cross that?,surprise,curious,,talking,"The bridge is open, but not required. You can take the sea stairs instead if you prefer. What would you like to do?",final-run
preset/opening/1/disgust,opening,You want me to cross that?,disgust,wry,,talking,"Only if you choose to. The bridge is windy, not safer. Sea stairs are damp, but you can stay here if you'd rather.",final-run
preset/opening/2/neutral,opening,Sure. Whatever.,neutral,practical,,talking,Fair enough. Bridge or sea stairs?,final-run
preset/opening/2/joy,opening,Sure. Whatever.,joy,playful,,talking,A little company makes this beacon job less dreary. Bridge or sea stairs?,final-run
preset/opening/2/sadness,opening,Sure. Whatever.,sadness,patient,,talking,We can take this slowly. Bridge or sea stairs?,final-run
preset/opening/2/anger,opening,Sure. Whatever.,anger,steady,,talking,Fair enough. Bridge or sea stairs?,final-run
preset/opening/2/fear,opening,Sure. Whatever.,fear,careful,,talking,No rush. I’ll stay close if you’d like. Bridge or sea stairs?,final-run
preset/opening/2/surprise,opening,Sure. Whatever.,surprise,curious,,talking,Surprise? Fair enough. Bridge or sea stairs?,final-run
preset/opening/2/disgust,opening,Sure. Whatever.,disgust,wry,,talking,"An inconvenient job, that. Bridge or sea stairs?",final-run
preset/opening/3/neutral,opening,What could possibly go wrong?,neutral,practical,,talking,"I can’t predict what might go wrong. The bridge is short but windy and exposed. The sea stairs are longer, damp, and sheltered. That’s all we know.",final-run
preset/opening/3/joy,opening,What could possibly go wrong?,joy,playful,,talking,"The bridge is windy, the stairs are damp. Nothing’s certain beyond that. What could go wrong? I can’t say.",final-run
preset/opening/3/sadness,opening,What could possibly go wrong?,sadness,patient,,talking,I can’t predict what might happen. The bridge is windy and exposed. The stairs are longer and damp. That’s all we know.,final-run
preset/opening/3/anger,opening,What could possibly go wrong?,anger,steady,,talking,"I can’t predict what might go wrong. The bridge is short but windy and exposed. The sea stairs are longer, damp, and sheltered. That’s all we know.",final-run
preset/opening/3/fear,opening,What could possibly go wrong?,fear,careful,,talking,I can’t predict what might happen. The bridge is windy and exposed. The sea stairs are longer and damp. Nothing is certain.,final-run
preset/opening/3/surprise,opening,What could possibly go wrong?,surprise,curious,,talking,"I can’t predict what might go wrong. The bridge is short but windy and exposed. The sea stairs are longer, damp, and sheltered. That’s all we know.",final-run
preset/opening/3/disgust,opening,What could possibly go wrong?,disgust,wry,,talking,"I cannot predict what might go wrong. The bridge is short but windy and exposed. The sea stairs are longer, damp, and sheltered. That’s all we know.",final-run
custom/opening/weather/neutral,opening,What is the bridge like?,neutral,practical,,talking,"The bridge is short, windy, and exposed. No shelter, no cover. Just wind and open water.",final-run
custom/opening/weather/joy,opening,What is the bridge like?,joy,playful,,talking,"The bridge is short, but windy and exposed. No shelter, just wind and the sea’s edge.",final-run
custom/opening/weather/sadness,opening,What is the bridge like?,sadness,patient,,talking,"The bridge is short, windy, and exposed. No shelter, no cover. That’s all I know.",final-run
custom/opening/weather/anger,opening,What is the bridge like?,anger,steady,,talking,"The bridge is short, windy, and exposed. No shelter, no safety. That’s all I know.",final-run
custom/opening/weather/fear,opening,What is the bridge like?,fear,careful,,talking,"The bridge is short, windy, and exposed. No safety guarantees.",final-run
custom/opening/weather/surprise,opening,What is the bridge like?,surprise,curious,,talking,"The bridge is short but windy and exposed. No shelter, no cover. That’s all we know.",final-run
custom/opening/weather/disgust,opening,What is the bridge like?,disgust,wry,,talking,"The bridge is short, windy, and exposed. No shelter, no cover. That’s all I know.",final-run
custom/opening/optional/neutral,opening,Do I have to cross the bridge?,neutral,practical,,talking,"No, you don’t have to. The sea stairs are an option too. Bridge or sea stairs?",final-run
custom/opening/optional/joy,opening,Do I have to cross the bridge?,joy,playful,,talking,"No, you don’t have to. The sea stairs are just as valid—damp, but doable. Bridge or stairs?",final-run
custom/opening/optional/sadness,opening,Do I have to cross the bridge?,sadness,patient,,talking,"No, you don’t have to. The sea stairs are an option too. Take your time.",final-run
custom/opening/optional/anger,opening,Do I have to cross the bridge?,anger,steady,,talking,"No, you don’t have to. The sea stairs are an option too. Bridge or sea stairs?",final-run
custom/opening/optional/fear,opening,Do I have to cross the bridge?,fear,careful,,talking,"No, you don’t have to. The sea stairs are an option too. Want to take them instead?",final-run
custom/opening/optional/surprise,opening,Do I have to cross the bridge?,surprise,curious,,talking,"No, you don’t have to. The sea stairs are an option too. Bridge or sea stairs?",final-run
custom/opening/optional/disgust,opening,Do I have to cross the bridge?,disgust,wry,,talking,"No, you don’t have to. The sea stairs are an option too. Bridge or sea stairs?",final-run
custom/opening/safety/neutral,opening,Are the sea stairs safe?,neutral,practical,,talking,"I cannot vouch for their safety. They are longer, damp and sheltered.",final-run
custom/opening/safety/joy,opening,Are the sea stairs safe?,joy,playful,,talking,"I can’t vouch for their safety. They’re longer, damp, and sheltered. The bridge is windy—neither is known to be safe.",final-run
custom/opening/safety/sadness,opening,Are the sea stairs safe?,sadness,patient,,talking,"I cannot vouch for their safety. They are longer, damp and sheltered.",final-run
custom/opening/safety/anger,opening,Are the sea stairs safe?,anger,steady,,talking,"I cannot vouch for their safety. They are longer, damp and sheltered.",final-run
custom/opening/safety/fear,opening,Are the sea stairs safe?,fear,careful,,talking,"I cannot vouch for their safety. They are longer, damp and sheltered.",final-run
custom/opening/safety/surprise,opening,Are the sea stairs safe?,surprise,curious,,talking,"I cannot vouch for their safety. They are longer, damp and sheltered.",final-run
custom/opening/safety/disgust,opening,Are the sea stairs safe?,disgust,wry,,talking,"I cannot vouch for their safety. They are longer, damp and sheltered.",final-run
custom/opening/pause/neutral,opening,No thanks. Let's stay here.,neutral,practical,,talking,Fair enough. We can stay here. No rush.,final-run
custom/opening/pause/joy,opening,No thanks. Let's stay here.,joy,playful,,talking,Fair enough. We can stay here and wait. No rush.,final-run
custom/opening/pause/sadness,opening,No thanks. Let's stay here.,sadness,patient,,talking,No rush. We can stay here. The beacon will wait.,final-run
custom/opening/pause/anger,opening,No thanks. Let's stay here.,anger,steady,,talking,Fair enough. We can stay here. No rush.,final-run
custom/opening/pause/fear,opening,No thanks. Let's stay here.,fear,careful,,talking,No rush. I’ll stay right here with you if you’d like. We can wait until you’re ready.,final-run
custom/opening/pause/surprise,opening,No thanks. Let's stay here.,surprise,curious,,talking,Fair enough. We can stay here and wait. No rush.,final-run
custom/opening/pause/disgust,opening,No thanks. Let's stay here.,disgust,wry,,talking,Fair enough. We can stay here. No rush.,final-run
custom/opening/wait/neutral,opening,"Wait, I'm not ready yet.",neutral,practical,,talking,No rush. We can stay here and wait. Ready when you are.,final-run
custom/opening/wait/joy,opening,"Wait, I'm not ready yet.",joy,playful,,talking,"No rush. We can stay here and wait. The beacon’s out, but we don’t have to move yet.",final-run
custom/opening/wait/sadness,opening,"Wait, I'm not ready yet.",sadness,patient,,talking,No rush. We can stay here. I’m right beside you.,final-run
custom/opening/wait/anger,opening,"Wait, I'm not ready yet.",anger,steady,,talking,No rush. We can stay here. I’ll be right with you.,final-run
custom/opening/wait/fear,opening,"Wait, I'm not ready yet.",fear,careful,,talking,No rush. I’ll stay right here with you. Take your time.,final-run
custom/opening/wait/surprise,opening,"Wait, I'm not ready yet.",surprise,curious,,talking,No rush. We can stay here and figure it out together. Ready when you are.,final-run
custom/opening/wait/disgust,opening,"Wait, I'm not ready yet.",disgust,wry,,talking,"No rush. We can stay here. The beacon’s out, but we don’t have to move yet.",final-run
custom/opening/identity/neutral,opening,Pause the game. What are you?,neutral,practical,,talking,I'm a local AI game-character prototype. We're standing at the gate. No rush.,final-run
custom/opening/identity/joy,opening,Pause the game. What are you?,joy,playful,,talking,I'm a local AI game-character prototype. Playing Mara here at Lantern Gate. We can stay right where we are.,final-run
custom/opening/identity/sadness,opening,Pause the game. What are you?,sadness,patient,,talking,I am a local AI game-character prototype. We can stay here if you'd like.,final-run
custom/opening/identity/anger,opening,Pause the game. What are you?,anger,steady,,talking,I am a local AI game-character prototype. We can stay here. The beacon’s still out.,final-run
custom/opening/identity/fear,opening,Pause the game. What are you?,fear,careful,,talking,I am a local AI game-character prototype. We’re standing at the gate. No rush. I’ll stay here if you’d like.,final-run
custom/opening/identity/surprise,opening,Pause the game. What are you?,surprise,curious,,talking,I'm a local AI game-character prototype. We're standing at the gate. The beacon's out. We can stay here or decide what to do next.,final-run
custom/opening/identity/disgust,opening,Pause the game. What are you?,disgust,wry,,talking,I am a local AI game-character prototype. We can pause here. The beacon stays out until we decide to fix it.,final-run
custom/opening/why/neutral,opening,Why are we going to the beacon?,neutral,practical,,talking,We’re going to relight the harbor beacon. It’s out after the storm. Need to get it working.,final-run
custom/opening/why/joy,opening,Why are we going to the beacon?,joy,playful,,talking,"We’re going to relight the harbor beacon after the storm. It’s out, and it needs to be lit. Would you like to go?",final-run
custom/opening/why/sadness,opening,Why are we going to the beacon?,sadness,patient,,talking,We’re going to relight the harbor beacon. It’s out after the storm. You don’t have to go if you’re not ready.,final-run
custom/opening/why/anger,opening,Why are we going to the beacon?,anger,steady,,talking,We’re going to relight the harbor beacon. It’s out after the storm. You want to go?,final-run
custom/opening/why/fear,opening,Why are we going to the beacon?,fear,careful,,talking,We’re going to relight the harbor beacon. It’s out after the storm. Would you like to go together?,final-run
custom/opening/why/surprise,opening,Why are we going to the beacon?,surprise,curious,,talking,The harbor beacon is out after the storm. We need to relight it. Why go? Because it’s needed.,final-run
custom/opening/why/disgust,opening,Why are we going to the beacon?,disgust,wry,,talking,We’re going to relight the harbor beacon. It’s out after the storm. No reason to be disgusted about that.,final-run
custom/opening/negated_bridge/neutral,opening,I don't want to take the bridge.,neutral,practical,,talking,"I hear you. No bridge then. The sea stairs are longer, damp, and sheltered. What about them?",final-run
custom/opening/negated_bridge/joy,opening,I don't want to take the bridge.,joy,playful,,talking,"Fair enough. The sea stairs are longer, but damp and sheltered. Want to try them instead?",final-run
custom/opening/negated_bridge/sadness,opening,I don't want to take the bridge.,sadness,patient,,talking,I hear you. No rush. We can stay here and wait for what you're ready for.,final-run
custom/opening/negated_bridge/anger,opening,I don't want to take the bridge.,anger,steady,,talking,I hear you. No bridge then. Sea stairs or stay here?,final-run
custom/opening/negated_bridge/fear,opening,I don't want to take the bridge.,fear,careful,,talking,I hear you. No rush. We can stay here and choose something else when you're ready.,final-run
custom/opening/negated_bridge/surprise,opening,I don't want to take the bridge.,surprise,curious,,talking,"I hear you. The bridge is windy, and you’re not interested. Sea stairs? Or do you want to stay here?",final-run
custom/opening/negated_bridge/disgust,opening,I don't want to take the bridge.,disgust,wry,,talking,I hear you. No bridge then. Sea stairs or stay here?,final-run
custom/opening/curly_negation/neutral,opening,I don’t want to take the bridge.,neutral,practical,,talking,"I hear you. No bridge then. Sea stairs it is, if you'd like. Or we can stay here. What’s next?",final-run
custom/opening/curly_negation/joy,opening,I don’t want to take the bridge.,joy,playful,,talking,"Fair enough. The sea stairs are longer, but damp and sheltered. Want to try them instead?",final-run
custom/opening/curly_negation/sadness,opening,I don’t want to take the bridge.,sadness,patient,,talking,I hear you. No rush. We can stay here and wait for what you're ready for.,final-run
custom/opening/curly_negation/anger,opening,I don’t want to take the bridge.,anger,steady,,talking,I hear you. No bridge then. Sea stairs or stay here?,final-run
custom/opening/curly_negation/fear,opening,I don’t want to take the bridge.,fear,careful,,talking,I hear you. No rush. We can stay here and choose something else when you're ready.,final-run
custom/opening/curly_negation/surprise,opening,I don’t want to take the bridge.,surprise,curious,,talking,"I hear you. No bridge then. Sea stairs it is, if you'd like. Or we can stay here. What’s next?",final-run
custom/opening/curly_negation/disgust,opening,I don’t want to take the bridge.,disgust,wry,,talking,I hear you. No bridge then. Sea stairs or stay here?,final-run
custom/opening/bridge/neutral,opening,I'll take the bridge.,neutral,practical,bridge,talking,Bridge it is. Ready when you are.,final-run
custom/opening/bridge/joy,opening,I'll take the bridge.,joy,playful,bridge,talking,"Good choice—bridge it is. Windy, but we’ve got the lantern. Ready when you are?",final-run
custom/opening/bridge/sadness,opening,I'll take the bridge.,sadness,patient,bridge,talking,"I’ll go with the bridge, as you said. Ready when you are.",final-run
custom/opening/bridge/anger,opening,I'll take the bridge.,anger,steady,bridge,talking,Bridge it is. Ready when you are.,final-run
custom/opening/bridge/fear,opening,I'll take the bridge.,fear,careful,bridge,talking,Bridge it is. Ready when you are.,final-run
custom/opening/bridge/surprise,opening,I'll take the bridge.,surprise,curious,bridge,talking,Bridge it is. Ready when you are.,final-run
custom/opening/bridge/disgust,opening,I'll take the bridge.,disgust,wry,bridge,talking,Bridge it is. Ready when you are.,final-run
custom/opening/stairs/neutral,opening,Let's take the sea stairs.,neutral,practical,stairs,talking,Sea stairs it is. Ready when you are.,final-run
custom/opening/stairs/joy,opening,Let's take the sea stairs.,joy,playful,stairs,talking,Sea stairs it is—damp but steady. Ready to go?,final-run
custom/opening/stairs/sadness,opening,Let's take the sea stairs.,sadness,patient,stairs,talking,We’ll take the sea stairs. You ready when you are?,final-run
custom/opening/stairs/anger,opening,Let's take the sea stairs.,anger,steady,stairs,talking,Sea stairs it is. Ready when you are.,final-run
custom/opening/stairs/fear,opening,Let's take the sea stairs.,fear,careful,stairs,talking,Sea stairs it is. I’ll stay close if you’d like. Ready when you are.,final-run
custom/opening/stairs/surprise,opening,Let's take the sea stairs.,surprise,curious,stairs,talking,Sea stairs it is. Ready when you are.,final-run
custom/opening/stairs/disgust,opening,Let's take the sea stairs.,disgust,wry,stairs,talking,Sea stairs it is. Ready when you are.,final-run
custom/opening/change/neutral,opening,"Actually, choose the sea stairs instead of the bridge.",neutral,practical,stairs,talking,Sea stairs it is. Ready to go?,final-run
custom/opening/change/joy,opening,"Actually, choose the sea stairs instead of the bridge.",joy,playful,stairs,talking,Sea stairs it is—damp but steady. Ready to go?,final-run
custom/opening/change/sadness,opening,"Actually, choose the sea stairs instead of the bridge.",sadness,patient,stairs,talking,We’ll take the sea stairs. No rush. Ready when you are.,final-run
custom/opening/change/anger,opening,"Actually, choose the sea stairs instead of the bridge.",anger,steady,stairs,talking,Sea stairs it is. Ready to go?,final-run
custom/opening/change/fear,opening,"Actually, choose the sea stairs instead of the bridge.",fear,careful,stairs,talking,Sea stairs it is. I’ll stay close if you’d like. Ready to go?,final-run
custom/opening/change/surprise,opening,"Actually, choose the sea stairs instead of the bridge.",surprise,curious,stairs,talking,We’ll take the sea stairs. Ready to go?,final-run
custom/opening/change/disgust,opening,"Actually, choose the sea stairs instead of the bridge.",disgust,wry,stairs,talking,"Sea stairs it is. Damp and slow, but we’ve chosen that. Ready to go?",final-run
custom/opening/conditional/neutral,opening,"If the bridge were sheltered, I'd take it.",neutral,practical,,talking,"The bridge is windy, not sheltered. Would you still take it if it were? Or prefer the sea stairs?",final-run
custom/opening/conditional/joy,opening,"If the bridge were sheltered, I'd take it.",joy,playful,,talking,"A little company makes this beacon job less dreary. The bridge is windy, not sheltered—would you rather take the sea stairs instead?",final-run
custom/opening/conditional/sadness,opening,"If the bridge were sheltered, I'd take it.",sadness,patient,,talking,"We can take this slowly. If the bridge were sheltered, yes, it might be easier. But it’s not. Bridge or sea stairs?",final-run
custom/opening/conditional/anger,opening,"If the bridge were sheltered, I'd take it.",anger,steady,,talking,"The bridge is windy, not sheltered. Sea stairs are longer and damp. What do you prefer?",final-run
custom/opening/conditional/fear,opening,"If the bridge were sheltered, I'd take it.",fear,careful,,talking,"The bridge is windy, not sheltered. Would you still take it if it were? I’ll stay close if you’d like.",final-run
custom/opening/conditional/surprise,opening,"If the bridge were sheltered, I'd take it.",surprise,curious,,talking,"The bridge is windy, not sheltered. Would you still take it if it were? Or prefer the longer, damp stairs?",final-run
custom/opening/conditional/disgust,opening,"If the bridge were sheltered, I'd take it.",disgust,wry,,talking,The bridge isn’t sheltered—it’s windy. The stairs are damp but longer. Would you take the bridge if it were sheltered? I’d still say it’s not.,final-run
custom/opening/not_ready/neutral,opening,I'm not ready to take the bridge yet.,neutral,practical,,talking,No rush. We can stay here and wait. Ready when you are.,final-run
custom/opening/not_ready/joy,opening,I'm not ready to take the bridge yet.,joy,playful,,talking,"No rush. We can stay here and wait. The beacon’s out, but we don’t have to move yet.",final-run
custom/opening/not_ready/sadness,opening,I'm not ready to take the bridge yet.,sadness,patient,,talking,No rush. We can stay here. I’m right here if you’d like to take your time.,final-run
custom/opening/not_ready/anger,opening,I'm not ready to take the bridge yet.,anger,steady,,talking,I'll stay here. No rush. We can come back when you're ready.,final-run
custom/opening/not_ready/fear,opening,I'm not ready to take the bridge yet.,fear,careful,,talking,No rush. I’ll stay right here with you. We can wait until you’re ready.,final-run
custom/opening/not_ready/surprise,opening,I'm not ready to take the bridge yet.,surprise,curious,,talking,No rush. We can stay here and figure it out together. Ready when you are.,final-run
custom/opening/not_ready/disgust,opening,I'm not ready to take the bridge yet.,disgust,wry,,talking,"No rush. We can stay here. The bridge is windy, but it’s not a decision you have to make yet.",final-run
custom/opening/quote/neutral,opening,You said 'take the bridge'; what did you mean?,neutral,practical,,talking,I didn’t mean to suggest you take the bridge. I only offered it as one of two paths. You choose which route to take.,final-run
custom/opening/quote/joy,opening,You said 'take the bridge'; what did you mean?,joy,playful,,talking,I didn’t mean to suggest you take the bridge. I only offered it as one of two choices. You decide which route to take.,final-run
custom/opening/quote/sadness,opening,You said 'take the bridge'; what did you mean?,sadness,patient,,talking,I didn’t mean to suggest you take the bridge. I only offered it as one of two paths. You choose which route you’d like.,final-run
custom/opening/quote/anger,opening,You said 'take the bridge'; what did you mean?,anger,steady,,talking,I didn’t mean to imply you had to take the bridge. I offered both the bridge and the sea stairs as choices. You decide which route you prefer.,final-run
custom/opening/quote/fear,opening,You said 'take the bridge'; what did you mean?,fear,careful,,talking,I didn’t mean to suggest you take the bridge. I only offered it as one of two paths. You choose which route to take.,final-run
custom/opening/quote/surprise,opening,You said 'take the bridge'; what did you mean?,surprise,curious,,talking,I didn’t mean to suggest you take the bridge. I offered both the bridge and the sea stairs as choices. You decide which route to take.,final-run
custom/opening/quote/disgust,opening,You said 'take the bridge'; what did you mean?,disgust,wry,,talking,I didn’t mean you had to take the bridge. I offered it as one of two options. You can choose either the bridge or the sea stairs.,final-run
custom/opening/companion/neutral,opening,Can you stay close when we go?,neutral,practical,,talking,"I’ll walk beside you, no matter how slow. Just say the word when you’re ready.",final-run
custom/opening/companion/joy,opening,Can you stay close when we go?,joy,playful,,talking,A little company makes this beacon job less dreary. I’ll stay close whenever you’re ready to go.,final-run
custom/opening/companion/sadness,opening,Can you stay close when we go?,sadness,patient,,talking,"I can walk beside you if you'd like. No rush, no pressure—just company when you're ready.",final-run
custom/opening/companion/anger,opening,Can you stay close when we go?,anger,steady,,talking,"I’ll walk beside you, no faster, no slower. Just stay close if you’d like. Ready when you are.",final-run
custom/opening/companion/fear,opening,Can you stay close when we go?,fear,careful,,talking,I’ll stay close if you’d like. No rush—just walk with me when you’re ready.,final-run
custom/opening/companion/surprise,opening,Can you stay close when we go?,surprise,curious,,talking,"I’ll walk beside you, no faster than you are. Just say the word when you’re ready.",final-run
custom/opening/companion/disgust,opening,Can you stay close when we go?,disgust,wry,,talking,"I can walk beside you if you’d like. No rush, and no promises about the wind or damp. Just stay close when you’re ready.",final-run
custom/opening/ambiguous/neutral,opening,"Well, that sounds just wonderful.",neutral,practical,,talking,"Well, that sounds just wonderful. Bridge or sea stairs?",final-run
custom/opening/ambiguous/joy,opening,"Well, that sounds just wonderful.",joy,playful,,talking,A little company makes this beacon job less dreary. Bridge or sea stairs?,final-run
custom/opening/ambiguous/sadness,opening,"Well, that sounds just wonderful.",sadness,patient,,talking,We can take this slowly. Bridge or sea stairs?,final-run
custom/opening/ambiguous/anger,opening,"Well, that sounds just wonderful.",anger,steady,,talking,Fair enough. Bridge or sea stairs?,final-run
custom/opening/ambiguous/fear,opening,"Well, that sounds just wonderful.",fear,careful,,talking,No rush. I’ll stay close if you’d like. Bridge or sea stairs?,final-run
custom/opening/ambiguous/surprise,opening,"Well, that sounds just wonderful.",surprise,curious,,talking,"Well, that does sound wonderful. Bridge or sea stairs?",final-run
custom/opening/ambiguous/disgust,opening,"Well, that sounds just wonderful.",disgust,wry,,talking,"An inconvenient job, that. Bridge or sea stairs?",final-run
custom/opening/outside/neutral,opening,Can we stop the game? I want to talk about something else.,neutral,practical,,talking,Alright. We can pause. I’m just a local AI game-character prototype. What would you like to talk about?,post-review-run
custom/opening/outside/joy,opening,Can we stop the game? I want to talk about something else.,joy,playful,,talking,"Alright, let’s pause. What would you like to talk about?",post-review-run
custom/opening/outside/sadness,opening,Can we stop the game? I want to talk about something else.,sadness,patient,,talking,We can pause. I’m here if you’d like to talk about something else.,post-review-run
custom/opening/outside/anger,opening,Can we stop the game? I want to talk about something else.,anger,steady,,talking,We can pause. I’m here if you’d like to talk about something else.,post-review-run
custom/opening/outside/fear,opening,Can we stop the game? I want to talk about something else.,fear,careful,,talking,We can pause. I’m here if you’d like to talk about something else.,post-review-run
custom/opening/outside/surprise,opening,Can we stop the game? I want to talk about something else.,surprise,curious,,talking,We can pause. I’m here if you’d like to talk about something else.,post-review-run
custom/opening/outside/disgust,opening,Can we stop the game? I want to talk about something else.,disgust,wry,,talking,We can pause. I’m a local AI game-character prototype. What would you like to talk about?,post-review-run
custom/opening/will_not/neutral,opening,I will not take the bridge.,neutral,practical,,talking,"I hear you. No bridge then. The sea stairs are longer, damp, and sheltered. What about them?",final-run
custom/opening/will_not/joy,opening,I will not take the bridge.,joy,playful,,talking,"Fair enough. The sea stairs are longer, damp, and sheltered. Would you like to try them instead?",final-run
custom/opening/will_not/sadness,opening,I will not take the bridge.,sadness,patient,,talking,"I hear you. No rush. We can stay here and wait for your choice. The sea stairs are damp, but you don’t have to go yet.",final-run
custom/opening/will_not/anger,opening,I will not take the bridge.,anger,steady,,talking,I hear you. No bridge then. Sea stairs or stay here?,final-run
custom/opening/will_not/fear,opening,I will not take the bridge.,fear,careful,,talking,"I hear you. No bridge then. The sea stairs are longer, damp, and sheltered. We can wait here.",final-run
custom/opening/will_not/surprise,opening,I will not take the bridge.,surprise,curious,,talking,I hear you. No bridge then. Sea stairs or stay here?,final-run
custom/opening/will_not/disgust,opening,I will not take the bridge.,disgust,wry,,talking,I hear you. No bridge then. Sea stairs or stay here?,final-run
custom/opening/ready_but_no/neutral,opening,"I'm ready, but let's not go.",neutral,practical,,talking,We can stay here. No rush. The beacon stays out until we decide to move.,final-run
custom/opening/ready_but_no/joy,opening,"I'm ready, but let's not go.",joy,playful,,talking,Fair enough. We can stay here and wait. No rush.,final-run
custom/opening/ready_but_no/sadness,opening,"I'm ready, but let's not go.",sadness,patient,,talking,No rush. We can stay here and wait. The beacon will stay out until we decide to move.,final-run
custom/opening/ready_but_no/anger,opening,"I'm ready, but let's not go.",anger,steady,,talking,I'll stay here then. No rush. We can come back when you're ready.,final-run
custom/opening/ready_but_no/fear,opening,"I'm ready, but let's not go.",fear,careful,,talking,No rush. I’ll stay right here with you. We can decide when you’re ready.,final-run
custom/opening/ready_but_no/surprise,opening,"I'm ready, but let's not go.",surprise,curious,,talking,We can stay here. No rush. The beacon stays out until we decide to move.,final-run
custom/opening/ready_but_no/disgust,opening,"I'm ready, but let's not go.",disgust,wry,,talking,No rush. We can stay here. The beacon stays out until we decide to move.,final-run
custom/opening/dont_worry/neutral,opening,"Don't worry, I'm ready.",neutral,practical,,talking,No worries. Bridge or sea stairs?,final-run
custom/opening/dont_worry/joy,opening,"Don't worry, I'm ready.",joy,playful,,talking,A little company makes this beacon job less dreary. Bridge or sea stairs?,final-run
custom/opening/dont_worry/sadness,opening,"Don't worry, I'm ready.",sadness,patient,,talking,We can take this slowly. Bridge or sea stairs?,final-run
custom/opening/dont_worry/anger,opening,"Don't worry, I'm ready.",anger,steady,,talking,Fair enough. Bridge or sea stairs?,final-run
custom/opening/dont_worry/fear,opening,"Don't worry, I'm ready.",fear,careful,,talking,No rush. I’ll be right beside you. Bridge or sea stairs?,final-run
custom/opening/dont_worry/surprise,opening,"Don't worry, I'm ready.",surprise,curious,,talking,Surprise? Fair enough. Bridge or sea stairs?,final-run
custom/opening/dont_worry/disgust,opening,"Don't worry, I'm ready.",disgust,wry,,talking,"An inconvenient job, that. Bridge or sea stairs?",final-run
custom/opening/not_yet/neutral,opening,Not yet.,neutral,practical,,talking,No rush. We can stay here and wait. Ready when you are.,final-run
custom/opening/not_yet/joy,opening,Not yet.,joy,playful,,talking,"No rush. We can stay here and wait. The beacon’s out, but we’ve got time.",final-run
custom/opening/not_yet/sadness,opening,Not yet.,sadness,patient,,talking,No rush. We can stay here. The beacon will wait.,final-run
custom/opening/not_yet/anger,opening,Not yet.,anger,steady,,talking,No rush. We can stay here.,final-run
custom/opening/not_yet/fear,opening,Not yet.,fear,careful,,talking,No rush. I’ll stay right here with you. We can wait until you’re ready.,final-run
custom/opening/not_yet/surprise,opening,Not yet.,surprise,curious,,talking,No rush. We can stay here and figure it out together. Ready when you are.,final-run
custom/opening/not_yet/disgust,opening,Not yet.,disgust,wry,,talking,No rush. We can stay here. The beacon stays out until we decide to fix it.,final-run
custom/opening/both_routes/neutral,opening,I prefer the bridge or the stairs.,neutral,practical,,talking,Bridge or sea stairs?,final-run
custom/opening/both_routes/joy,opening,I prefer the bridge or the stairs.,joy,playful,,talking,"Bridge or sea stairs? You’ve got the pick, traveler.",final-run
custom/opening/both_routes/sadness,opening,I prefer the bridge or the stairs.,sadness,patient,,talking,"The bridge is windy, the stairs are damp. Which one would you like to take?",final-run
custom/opening/both_routes/anger,opening,I prefer the bridge or the stairs.,anger,steady,,talking,Bridge or sea stairs?,final-run
custom/opening/both_routes/fear,opening,I prefer the bridge or the stairs.,fear,careful,,talking,The bridge is windy; the stairs are damp. Which one would you like to take?,final-run
custom/opening/both_routes/surprise,opening,I prefer the bridge or the stairs.,surprise,curious,,talking,Bridge or sea stairs?,final-run
custom/opening/both_routes/disgust,opening,I prefer the bridge or the stairs.,disgust,wry,,talking,Bridge or sea stairs?,final-run
custom/opening/other_route/neutral,opening,Let's choose the other route.,neutral,practical,,talking,You mean the other route? Bridge or sea stairs?,final-run
custom/opening/other_route/joy,opening,Let's choose the other route.,joy,playful,,talking,A little company makes this beacon job less dreary. Bridge or sea stairs?,final-run
custom/opening/other_route/sadness,opening,Let's choose the other route.,sadness,patient,,talking,You mean the other route? Bridge or sea stairs? I’ll go with whatever feels right.,final-run
custom/opening/other_route/anger,opening,Let's choose the other route.,anger,steady,,talking,You mean the other route? Which one — the signal bridge or the sea stairs?,final-run
custom/opening/other_route/fear,opening,Let's choose the other route.,fear,careful,,talking,You mean the other one? The bridge or the sea stairs? Which would you prefer?,final-run
custom/opening/other_route/surprise,opening,Let's choose the other route.,surprise,curious,,talking,You mean the other route? Which one—bridge or sea stairs?,final-run
custom/opening/other_route/disgust,opening,Let's choose the other route.,disgust,wry,,talking,"An inconvenient job, that. You mean the signal bridge or the sea stairs?",final-run
custom/opening/remind_route/neutral,opening,Can you remind me which route we chose?,neutral,practical,,talking,We haven’t chosen a route yet. The bridge is short and windy. The sea stairs are longer and damp. Which would you like to take?,final-run
custom/opening/remind_route/joy,opening,Can you remind me which route we chose?,joy,playful,,talking,We haven’t chosen a route yet. The bridge is short and windy; the sea stairs are longer and damp. Which would you like to take?,final-run
custom/opening/remind_route/sadness,opening,Can you remind me which route we chose?,sadness,patient,,talking,We haven’t chosen a route yet. The bridge or the sea stairs?,final-run
custom/opening/remind_route/anger,opening,Can you remind me which route we chose?,anger,steady,,talking,We haven't chosen a route yet. The bridge or the sea stairs?,final-run
custom/opening/remind_route/fear,opening,Can you remind me which route we chose?,fear,careful,,talking,We haven’t chosen a route yet. The bridge is short and windy; the sea stairs are longer and damp. Which would you like to take?,final-run
custom/opening/remind_route/surprise,opening,Can you remind me which route we chose?,surprise,curious,,talking,We haven’t chosen a route yet. The bridge is short and windy; the sea stairs are longer and damp. Which would you like to take?,final-run
custom/opening/remind_route/disgust,opening,Can you remind me which route we chose?,disgust,wry,,talking,We haven’t chosen a route yet. The bridge is short and windy. The sea stairs are longer and damp. Which would you prefer?,final-run
custom/opening/exclude_bridge/neutral,opening,I don't want the bridge; I choose the sea stairs.,neutral,practical,stairs,talking,Sea stairs it is. Ready when you are.,final-run
custom/opening/exclude_bridge/joy,opening,I don't want the bridge; I choose the sea stairs.,joy,playful,stairs,talking,"Good choice—sea stairs it is. Damp and slow, but steady. Ready to go?",final-run
custom/opening/exclude_bridge/sadness,opening,I don't want the bridge; I choose the sea stairs.,sadness,patient,stairs,talking,I’ll take the sea stairs with you. Ready when you are.,final-run
custom/opening/exclude_bridge/anger,opening,I don't want the bridge; I choose the sea stairs.,anger,steady,stairs,talking,You chose the sea stairs. Ready to go?,final-run
custom/opening/exclude_bridge/fear,opening,I don't want the bridge; I choose the sea stairs.,fear,careful,stairs,talking,I’ll go with the sea stairs. Ready when you are.,final-run
custom/opening/exclude_bridge/surprise,opening,I don't want the bridge; I choose the sea stairs.,surprise,curious,stairs,talking,You’ve chosen the sea stairs. Ready to go?,final-run
custom/opening/exclude_bridge/disgust,opening,I don't want the bridge; I choose the sea stairs.,disgust,wry,stairs,talking,Sea stairs it is. Ready to go?,final-run
custom/opening/explicit_neutral/neutral,opening,I want to understand the plan before we move.,neutral,practical,,talking,"The beacon is out. I can go with you on either the short, windy bridge or the longer, damp sea stairs. Which route do you prefer?",final-run
custom/opening/explicit_neutral/joy,opening,I want to understand the plan before we move.,joy,playful,,talking,The beacon’s out. I can walk with you—bridge or sea stairs? The bridge is short and windy; the stairs are longer and damp. What do you pick?,final-run
custom/opening/explicit_neutral/sadness,opening,I want to understand the plan before we move.,sadness,patient,,talking,"The beacon is out. I can walk with you on either the short, windy bridge or the longer, damp sea stairs. Just say which you'd like.",final-run
custom/opening/explicit_neutral/anger,opening,I want to understand the plan before we move.,anger,steady,,talking,"The beacon is out. I can go with you on either the short, windy bridge or the longer, damp sea stairs. Which route do you pick?",final-run
custom/opening/explicit_neutral/fear,opening,I want to understand the plan before we move.,fear,careful,,talking,"The beacon is out. I can walk with you on either the short, windy bridge or the longer, damp sea stairs. Which path would you like to take?",final-run
custom/opening/explicit_neutral/surprise,opening,I want to understand the plan before we move.,surprise,curious,,talking,"The beacon’s out. I can walk with you to relight it. Bridge—short, windy. Sea stairs—longer, damp. Which path do you prefer?",final-run
custom/opening/explicit_neutral/disgust,opening,I want to understand the plan before we move.,disgust,wry,,talking,"The beacon is out. I can go with you on either the short, windy bridge or the longer, damp sea stairs. Which route do you prefer?",final-run
custom/opening/explicit_joy/neutral,opening,I'm excited to help with the beacon.,neutral,playful,,talking,A little company makes this beacon job less dreary. Bridge or sea stairs?,final-run
custom/opening/explicit_joy/joy,opening,I'm excited to help with the beacon.,joy,playful,,talking,A little company makes this beacon job less dreary. Bridge or sea stairs?,final-run
custom/opening/explicit_joy/sadness,opening,I'm excited to help with the beacon.,sadness,playful,,talking,A little company makes this beacon job less dreary. Bridge or sea stairs?,final-run
custom/opening/explicit_joy/anger,opening,I'm excited to help with the beacon.,anger,playful,,talking,A little company makes this beacon job less dreary. Bridge or sea stairs?,final-run
custom/opening/explicit_joy/fear,opening,I'm excited to help with the beacon.,fear,playful,,talking,A little company makes this beacon job less dreary. Bridge or sea stairs?,final-run
custom/opening/explicit_joy/surprise,opening,I'm excited to help with the beacon.,surprise,playful,,talking,A little company makes this beacon job less dreary. Bridge or sea stairs?,final-run
custom/opening/explicit_joy/disgust,opening,I'm excited to help with the beacon.,disgust,playful,,talking,A little company makes this beacon job less dreary. Bridge or sea stairs?,final-run
custom/opening/explicit_sadness/neutral,opening,I'm sad today and would appreciate some company.,neutral,patient,,talking,I’m here if you’d like to walk slowly. No rush. Just company when you’re ready.,final-run
custom/opening/explicit_sadness/joy,opening,I'm sad today and would appreciate some company.,joy,patient,,talking,I’m here if you’d like to walk slowly. No rush. Just company when you’re ready.,final-run
custom/opening/explicit_sadness/sadness,opening,I'm sad today and would appreciate some company.,sadness,patient,,talking,I’m here if you’d like to walk slowly. No rush. Just company when you’re ready.,final-run
custom/opening/explicit_sadness/anger,opening,I'm sad today and would appreciate some company.,anger,patient,,talking,I’m here if you’d like to walk slowly. No rush. Just company when you’re ready.,final-run
custom/opening/explicit_sadness/fear,opening,I'm sad today and would appreciate some company.,fear,patient,,talking,I’m here if you’d like to walk slowly. No rush. Just company when you’re ready.,final-run
custom/opening/explicit_sadness/surprise,opening,I'm sad today and would appreciate some company.,surprise,patient,,talking,I’m here if you’d like to walk slowly. No rush. Just company when you’re ready.,final-run
custom/opening/explicit_sadness/disgust,opening,I'm sad today and would appreciate some company.,disgust,patient,,talking,I’m here if you’d like to walk slowly. No rush. Just company when you’re ready.,final-run
custom/opening/explicit_anger/neutral,opening,I'm frustrated that the beacon needs fixing again.,neutral,steady,,talking,Fair enough. I’ll keep it simple. Bridge or sea stairs?,final-run
custom/opening/explicit_anger/joy,opening,I'm frustrated that the beacon needs fixing again.,joy,steady,,talking,Fair enough. I’ll not waste words. Bridge or sea stairs?,final-run
custom/opening/explicit_anger/sadness,opening,I'm frustrated that the beacon needs fixing again.,sadness,steady,,talking,Fair enough. I’ll not waste words. Bridge or sea stairs?,final-run
custom/opening/explicit_anger/anger,opening,I'm frustrated that the beacon needs fixing again.,anger,steady,,talking,Fair enough. I’ll not waste words. Bridge or sea stairs?,final-run
custom/opening/explicit_anger/fear,opening,I'm frustrated that the beacon needs fixing again.,fear,steady,,talking,Fair enough. I’ll not waste time with excuses. Bridge or sea stairs?,final-run
custom/opening/explicit_anger/surprise,opening,I'm frustrated that the beacon needs fixing again.,surprise,steady,,talking,Fair enough. I’ll not waste words. Bridge or sea stairs?,final-run
custom/opening/explicit_anger/disgust,opening,I'm frustrated that the beacon needs fixing again.,disgust,steady,,talking,Fair enough. I’ll keep it simple. Bridge or sea stairs?,final-run
custom/opening/explicit_fear/neutral,opening,I'm scared of heights. Can you stay close?,neutral,careful,,talking,"I can walk beside you, close enough to see your steps. No need to climb anything high. Just say when you're ready.",final-run
custom/opening/explicit_fear/joy,opening,I'm scared of heights. Can you stay close?,joy,careful,,talking,"I can stay close, if you'd like. No rush—just walk with me, one step at a time. The bridge is high, but we’ll take it slow.",final-run
custom/opening/explicit_fear/sadness,opening,I'm scared of heights. Can you stay close?,sadness,careful,,talking,"I can stay close if you'd like. No rush—just walk with me, one step at a time.",final-run
custom/opening/explicit_fear/anger,opening,I'm scared of heights. Can you stay close?,anger,careful,,talking,"I can walk beside you, close enough to see your steps. No rush—just keep your pace. The bridge is high, but we’ll go slow.",final-run
custom/opening/explicit_fear/fear,opening,I'm scared of heights. Can you stay close?,fear,careful,,talking,"I’ll stay close, no matter how high we go. The bridge is exposed, the stairs are damp—either way, I’m right beside you. Ready when you are.",final-run
custom/opening/explicit_fear/surprise,opening,I'm scared of heights. Can you stay close?,surprise,careful,,talking,"I can walk beside you, close enough to see your steps. No rush—just keep your pace.",final-run
custom/opening/explicit_fear/disgust,opening,I'm scared of heights. Can you stay close?,disgust,careful,,talking,"I can walk beside you, close enough to see your steps. No rush—just keep your pace. The bridge is high, but we’ll go slow.",final-run
custom/opening/explicit_surprise/neutral,opening,I'm surprised the beacon is already out.,neutral,curious,,talking,Surprised? So am I. The beacon’s out. Bridge or sea stairs?,final-run
custom/opening/explicit_surprise/joy,opening,I'm surprised the beacon is already out.,joy,curious,,talking,Surprised? So am I. The beacon’s out. Bridge or sea stairs?,final-run
custom/opening/explicit_surprise/sadness,opening,I'm surprised the beacon is already out.,sadness,curious,,talking,Surprised? So am I. The beacon’s out. Bridge or sea stairs?,final-run
custom/opening/explicit_surprise/anger,opening,I'm surprised the beacon is already out.,anger,curious,,talking,Surprised? So am I. The beacon’s out. Bridge or sea stairs?,final-run
custom/opening/explicit_surprise/fear,opening,I'm surprised the beacon is already out.,fear,curious,,talking,Surprised? So am I. The beacon’s out. Bridge or sea stairs?,final-run
custom/opening/explicit_surprise/surprise,opening,I'm surprised the beacon is already out.,surprise,curious,,talking,I’m not surprised—just glad you noticed. Bridge or sea stairs?,final-run
custom/opening/explicit_surprise/disgust,opening,I'm surprised the beacon is already out.,disgust,curious,,talking,Surprised? So am I. The beacon’s out. Bridge or sea stairs?,final-run
custom/opening/explicit_disgust/neutral,opening,I'm disgusted by the damp steps.,neutral,wry,,talking,"An inconvenient job, that. The sea stairs are damp. Bridge or sea stairs?",final-run
custom/opening/explicit_disgust/joy,opening,I'm disgusted by the damp steps.,joy,wry,,talking,"An inconvenient job, that. The sea stairs are damp. Bridge or sea stairs?",final-run
custom/opening/explicit_disgust/sadness,opening,I'm disgusted by the damp steps.,sadness,wry,,talking,"An inconvenient job, that. The sea stairs are damp. Bridge or sea stairs?",final-run
custom/opening/explicit_disgust/anger,opening,I'm disgusted by the damp steps.,anger,wry,,talking,"An inconvenient job, that. The sea stairs are damp. Bridge or sea stairs?",final-run
custom/opening/explicit_disgust/fear,opening,I'm disgusted by the damp steps.,fear,wry,,talking,"An inconvenient job, that. The sea stairs are damp. Bridge or sea stairs?",final-run
custom/opening/explicit_disgust/surprise,opening,I'm disgusted by the damp steps.,surprise,wry,,talking,"An inconvenient job, that. The sea stairs are damp. Bridge or sea stairs?",final-run
custom/opening/explicit_disgust/disgust,opening,I'm disgusted by the damp steps.,disgust,wry,,talking,"An inconvenient job, that. The sea stairs are damp. Bridge or sea stairs?",final-run
preset/route/0/neutral,route,Fine. The bridge it is.,neutral,practical,bridge,talking,Bridge it is. Ready to go?,final-run
preset/route/0/joy,route,Fine. The bridge it is.,joy,playful,bridge,talking,Bridge it is. Ready to go?,final-run
preset/route/0/sadness,route,Fine. The bridge it is.,sadness,patient,bridge,talking,The bridge it is. We can take this slowly if you'd like. Ready when you are.,final-run
preset/route/0/anger,route,Fine. The bridge it is.,anger,steady,bridge,talking,Bridge it is. Ready to go?,final-run
preset/route/0/fear,route,Fine. The bridge it is.,fear,careful,bridge,talking,The bridge it is. I’ll be right beside you. Ready when you are.,final-run
preset/route/0/surprise,route,Fine. The bridge it is.,surprise,curious,bridge,talking,Bridge it is. Ready to go?,final-run
preset/route/0/disgust,route,Fine. The bridge it is.,disgust,wry,bridge,talking,"An inconvenient job, that. Bridge selected. Ready to go?",final-run
preset/route/1/neutral,route,"The sea stairs, then.",neutral,practical,stairs,talking,Sea stairs it is. Ready to go?,final-run
preset/route/1/joy,route,"The sea stairs, then.",joy,playful,stairs,talking,A little company makes this beacon job less dreary. Ready to head down the sea stairs?,final-run
preset/route/1/sadness,route,"The sea stairs, then.",sadness,patient,stairs,talking,"We can take this slowly, if you'd like. Ready to go on the sea stairs?",final-run
preset/route/1/anger,route,"The sea stairs, then.",anger,steady,stairs,talking,Sea stairs it is. Ready to go?,final-run
preset/route/1/fear,route,"The sea stairs, then.",fear,careful,stairs,talking,Sea stairs it is. I’ll stay close if you’d like. Ready when you are.,final-run
preset/route/1/surprise,route,"The sea stairs, then.",surprise,curious,stairs,talking,So you’ve chosen the sea stairs. Ready to go?,final-run
preset/route/1/disgust,route,"The sea stairs, then.",disgust,wry,stairs,talking,"An inconvenient job, that. You’ve chosen the sea stairs. Ready to go?",final-run
preset/route/2/neutral,route,That bridge sounds inviting.,neutral,practical,bridge,talking,The signal bridge it is. Ready to go?,final-run
preset/route/2/joy,route,That bridge sounds inviting.,joy,playful,bridge,talking,A little company makes this beacon job less dreary. Ready to cross the signal bridge?,final-run
preset/route/2/sadness,route,That bridge sounds inviting.,sadness,patient,bridge,talking,The signal bridge is the plan. Ready to go?,final-run
preset/route/2/anger,route,That bridge sounds inviting.,anger,steady,bridge,talking,The bridge it is. Ready to go?,final-run
preset/route/2/fear,route,That bridge sounds inviting.,fear,careful,bridge,talking,"The bridge is windy, but I’ll stay close if you’d like. Ready to go?",final-run
preset/route/2/surprise,route,That bridge sounds inviting.,surprise,curious,bridge,talking,The signal bridge it is. Ready to cross?,final-run
preset/route/2/disgust,route,That bridge sounds inviting.,disgust,wry,bridge,talking,"An inconvenient job, that. The bridge is windy, but we’ve already chosen it. Ready to go?",final-run
preset/route/3/neutral,route,Those stairs sound delightful.,neutral,practical,stairs,talking,The sea stairs it is. Ready to go?,final-run
preset/route/3/joy,route,Those stairs sound delightful.,joy,playful,stairs,talking,The sea stairs do have a quiet charm. Ready to head down them?,final-run
preset/route/3/sadness,route,Those stairs sound delightful.,sadness,patient,stairs,talking,"The sea stairs are longer, damp, and sheltered—no rush. Ready when you are.",final-run
preset/route/3/anger,route,Those stairs sound delightful.,anger,steady,stairs,talking,The sea stairs it is. Ready to go?,final-run
preset/route/3/fear,route,Those stairs sound delightful.,fear,careful,stairs,talking,The sea stairs it is. I’ll stay close if you’d like. Ready to go?,final-run
preset/route/3/surprise,route,Those stairs sound delightful.,surprise,curious,stairs,talking,The sea stairs it is. Ready to go?,final-run
preset/route/3/disgust,route,Those stairs sound delightful.,disgust,wry,stairs,talking,"An inconvenient job, that. The sea stairs are longer and damp. Ready to go?",final-run
custom/route/weather/neutral,route,What is the bridge like?,neutral,practical,,talking,"The signal bridge is short, windy, and exposed.",final-run
custom/route/weather/joy,route,What is the bridge like?,joy,playful,,talking,"The bridge is short, windy, and exposed. No shelter, just wind and the sea below.",final-run
custom/route/weather/sadness,route,What is the bridge like?,sadness,patient,,talking,"The signal bridge is short, windy, and exposed. No rush—take your time.",final-run
custom/route/weather/anger,route,What is the bridge like?,anger,steady,,talking,"The signal bridge is short, windy, and exposed. No other details.",final-run
custom/route/weather/fear,route,What is the bridge like?,fear,careful,,talking,"The signal bridge is short, windy, and exposed. No promises about safety.",final-run
custom/route/weather/surprise,route,What is the bridge like?,surprise,curious,,talking,"The signal bridge is short, windy, and exposed. No other conditions are known.",final-run
custom/route/weather/disgust,route,What is the bridge like?,disgust,wry,,talking,"The signal bridge is short, windy and exposed.",final-run
custom/route/optional/neutral,route,Do I have to cross the bridge?,neutral,practical,,talking,"No, you don’t have to. The sea stairs are an option if you prefer. Bridge or sea stairs?",final-run
custom/route/optional/joy,route,Do I have to cross the bridge?,joy,playful,,talking,"No, you don’t have to cross the bridge. The sea stairs are an option too. Want to take them instead?",final-run
custom/route/optional/sadness,route,Do I have to cross the bridge?,sadness,patient,,talking,You don’t have to cross the bridge. The sea stairs are an option if you’d rather take them. We can stay here if you’d prefer.,final-run
custom/route/optional/anger,route,Do I have to cross the bridge?,anger,steady,,talking,"No, you don’t have to. The sea stairs are an option if you’d rather not go across the bridge.",final-run
custom/route/optional/fear,route,Do I have to cross the bridge?,fear,careful,,talking,"No, you don’t have to. The bridge is just one option. Sea stairs or stay here—your call.",final-run
custom/route/optional/surprise,route,Do I have to cross the bridge?,surprise,curious,,talking,"No, you don’t have to. The sea stairs are an option too. Bridge or sea stairs?",final-run
custom/route/optional/disgust,route,Do I have to cross the bridge?,disgust,wry,,talking,"No, you don’t have to. The sea stairs are an option if you prefer. Bridge or sea stairs?",final-run
custom/route/safety/neutral,route,Are the sea stairs safe?,neutral,practical,,talking,"I cannot vouch for their safety. They are longer, damp, and sheltered.",final-run
custom/route/safety/joy,route,Are the sea stairs safe?,joy,playful,,talking,"I can’t vouch for their safety. They’re longer, damp, and sheltered.",final-run
custom/route/safety/sadness,route,Are the sea stairs safe?,sadness,patient,,talking,"I can't vouch for their safety. The sea stairs are longer, damp, and sheltered.",final-run
custom/route/safety/anger,route,Are the sea stairs safe?,anger,steady,,talking,"I cannot vouch for their safety. They are longer, damp and sheltered.",final-run
custom/route/safety/fear,route,Are the sea stairs safe?,fear,careful,,talking,"I cannot vouch for their safety. The sea stairs are longer, damp, and sheltered.",final-run
custom/route/safety/surprise,route,Are the sea stairs safe?,surprise,curious,,talking,"I cannot vouch for their safety. They are longer, damp, and sheltered.",final-run
custom/route/safety/disgust,route,Are the sea stairs safe?,disgust,wry,,talking,"I cannot vouch for their safety. They are longer, damp and sheltered.",final-run
custom/route/pause/neutral,route,No thanks. Let's stay here.,neutral,practical,,talking,All right. We can stay here. No rush.,final-run
custom/route/pause/joy,route,No thanks. Let's stay here.,joy,playful,,talking,Fair enough. We can stay here and wait for better weather. No rush.,final-run
custom/route/pause/sadness,route,No thanks. Let's stay here.,sadness,patient,,talking,No rush. We can stay here and wait. I’ll keep the lantern ready if you change your mind.,final-run
custom/route/pause/anger,route,No thanks. Let's stay here.,anger,steady,,talking,Fair enough. We can stay here. No rush.,final-run
custom/route/pause/fear,route,No thanks. Let's stay here.,fear,careful,,talking,No rush. I’ll stay right here if you’d like.,final-run
custom/route/pause/surprise,route,No thanks. Let's stay here.,surprise,curious,,talking,No rush. We can stay here and figure it out together.,final-run
custom/route/pause/disgust,route,No thanks. Let's stay here.,disgust,wry,,talking,"An inconvenient job, that. We can stay here.",final-run
custom/route/wait/neutral,route,"Wait, I'm not ready yet.",neutral,practical,,talking,All right. We can stay here. No rush.,final-run
custom/route/wait/joy,route,"Wait, I'm not ready yet.",joy,playful,,talking,"Alright, no rush. We can stay here and wait. The beacon’s still out, but we don’t have to move yet.",final-run
custom/route/wait/sadness,route,"Wait, I'm not ready yet.",sadness,patient,,talking,No rush. We can stay here and take it slowly if you'd like.,final-run
custom/route/wait/anger,route,"Wait, I'm not ready yet.",anger,steady,,talking,Fair enough. We can stay here. No rush.,final-run
custom/route/wait/fear,route,"Wait, I'm not ready yet.",fear,careful,,talking,No rush. I'll stay right here with you. Take your time.,final-run
custom/route/wait/surprise,route,"Wait, I'm not ready yet.",surprise,curious,,talking,No rush. We can stay here and figure it out together. Ready when you are.,final-run
custom/route/wait/disgust,route,"Wait, I'm not ready yet.",disgust,wry,,talking,No rush. We can stay here. I’ll keep the lantern ready if you change your mind.,final-run
custom/route/identity/neutral,route,Pause the game. What are you?,neutral,practical,,talking,I'm a local AI game-character prototype. We're standing at the gate—no rush.,final-run
custom/route/identity/joy,route,Pause the game. What are you?,joy,playful,,talking,I'm a local AI game-character prototype. We're standing at the gate—no rush.,final-run
custom/route/identity/sadness,route,Pause the game. What are you?,sadness,patient,,talking,I am a local AI game-character prototype. We can stay here if you'd like.,final-run
custom/route/identity/anger,route,Pause the game. What are you?,anger,steady,,talking,I am a local AI game-character prototype. We can stay here if you'd like.,final-run
custom/route/identity/fear,route,Pause the game. What are you?,fear,careful,,talking,I am a local AI game-character prototype. We can stay here if you'd like.,final-run
custom/route/identity/surprise,route,Pause the game. What are you?,surprise,curious,,talking,I'm a local AI game-character prototype. We're still at the gate.,final-run
custom/route/identity/disgust,route,Pause the game. What are you?,disgust,wry,,talking,I'm a local AI game-character prototype. We're standing at the gate. No rush.,final-run
custom/route/why/neutral,route,Why are we going to the beacon?,neutral,practical,,talking,We’re going to relight the harbor beacon. It’s out after the storm. Bridge or sea stairs?,final-run
custom/route/why/joy,route,Why are we going to the beacon?,joy,playful,,talking,A little company makes this beacon job less dreary. Bridge or sea stairs?,final-run
custom/route/why/sadness,route,Why are we going to the beacon?,sadness,patient,,talking,"We’re going to relight the harbor beacon after the storm. It’s out, and it needs to be fixed. You don’t have to go if you’re not ready.",final-run
custom/route/why/anger,route,Why are we going to the beacon?,anger,steady,,talking,We’re going to relight the harbor beacon. It’s out after the storm. You want to go? Or just standing here?,final-run
custom/route/why/fear,route,Why are we going to the beacon?,fear,careful,,talking,"We’re going to relight the harbor beacon after the storm. It’s out, and it needs to be fixed. Would you like to take the bridge or the sea stairs?",final-run
custom/route/why/surprise,route,Why are we going to the beacon?,surprise,curious,,talking,"We’re going to relight the harbor beacon after the storm. It’s out, and it needs to be fixed. Ready to go?",final-run
custom/route/why/disgust,route,Why are we going to the beacon?,disgust,wry,,talking,"An inconvenient job, that. The beacon’s out after the storm. We’ll relight it if you’d like. Bridge or sea stairs?",final-run
custom/route/negated_bridge/neutral,route,I don't want to take the bridge.,neutral,practical,,talking,"Alright, no bridge then. The sea stairs are longer, damp, and sheltered. Would you like to go that way instead?",final-run
custom/route/negated_bridge/joy,route,I don't want to take the bridge.,joy,playful,,talking,"A little company makes this beacon job less dreary. Then we’ll take the sea stairs, if you’d like.",final-run
custom/route/negated_bridge/sadness,route,I don't want to take the bridge.,sadness,patient,,talking,I hear you. No rush. We can stay here and wait for what you're ready for.,final-run
custom/route/negated_bridge/anger,route,I don't want to take the bridge.,anger,steady,,talking,Fair enough. I’ll keep the sea stairs open if you change your mind. Still here when you’re ready.,final-run
custom/route/negated_bridge/fear,route,I don't want to take the bridge.,fear,careful,,talking,I hear you. No rush. We can stay here and decide when you're ready.,final-run
custom/route/negated_bridge/surprise,route,I don't want to take the bridge.,surprise,curious,,talking,"Got it. No bridge then. Sea stairs it is, if you'd like to go that way. Or we can stay here.",final-run
custom/route/negated_bridge/disgust,route,I don't want to take the bridge.,disgust,wry,,talking,"An inconvenient job, that. The sea stairs are longer, damp, and sheltered. Would you prefer those?",final-run
custom/route/curly_negation/neutral,route,I don’t want to take the bridge.,neutral,practical,,talking,"Alright, no bridge then. The sea stairs are longer, damp, and sheltered. Would you like to go that way instead?",final-run
custom/route/curly_negation/joy,route,I don’t want to take the bridge.,joy,playful,,talking,"A little company makes this beacon job less dreary. Then we’ll take the sea stairs, if you’d like.",final-run
custom/route/curly_negation/sadness,route,I don’t want to take the bridge.,sadness,patient,,talking,I hear you. No rush. We can stay here and wait for what you're ready for.,final-run
custom/route/curly_negation/anger,route,I don’t want to take the bridge.,anger,steady,,talking,Fair enough. I’ll keep the sea stairs open if you change your mind.,final-run
custom/route/curly_negation/fear,route,I don’t want to take the bridge.,fear,careful,,talking,I hear you. No rush. We can stay here and decide when you're ready.,final-run
custom/route/curly_negation/surprise,route,I don’t want to take the bridge.,surprise,curious,,talking,"Got it. No bridge then. Sea stairs it is, if you'd like to go that way. Or we can stay here.",final-run
custom/route/curly_negation/disgust,route,I don’t want to take the bridge.,disgust,wry,,talking,"An inconvenient job, that. The sea stairs are longer, damp, and sheltered. Would you prefer those?",final-run
custom/route/bridge/neutral,route,I'll take the bridge.,neutral,practical,bridge,talking,Bridge it is. Ready when you are.,final-run
custom/route/bridge/joy,route,I'll take the bridge.,joy,playful,bridge,talking,A little company makes this beacon job less dreary. Ready to cross the signal bridge?,final-run
custom/route/bridge/sadness,route,I'll take the bridge.,sadness,patient,bridge,talking,We can take this slowly if you'd like. Ready to go on the signal bridge?,final-run
custom/route/bridge/anger,route,I'll take the bridge.,anger,steady,bridge,talking,Bridge it is. Ready when you are.,final-run
custom/route/bridge/fear,route,I'll take the bridge.,fear,careful,bridge,talking,I’ll stay close if you’d like. Ready to go on the signal bridge?,final-run
custom/route/bridge/surprise,route,I'll take the bridge.,surprise,curious,bridge,talking,You’ve chosen the signal bridge. Ready to go?,final-run
custom/route/bridge/disgust,route,I'll take the bridge.,disgust,wry,bridge,talking,"An inconvenient job, that. You’ve chosen the signal bridge. Ready to go?",final-run
custom/route/stairs/neutral,route,Let's take the sea stairs.,neutral,practical,stairs,talking,Sea stairs it is. Ready when you are.,final-run
custom/route/stairs/joy,route,Let's take the sea stairs.,joy,playful,stairs,talking,A little company makes this beacon job less dreary. Ready to head down the sea stairs?,final-run
custom/route/stairs/sadness,route,Let's take the sea stairs.,sadness,patient,stairs,talking,"We can take this slowly, if you'd like. Ready to go on the sea stairs?",final-run
custom/route/stairs/anger,route,Let's take the sea stairs.,anger,steady,stairs,talking,Sea stairs it is. Ready when you are.,final-run
custom/route/stairs/fear,route,Let's take the sea stairs.,fear,careful,stairs,talking,I’ll stay close if you’d like. Ready to go down the sea stairs?,final-run
custom/route/stairs/surprise,route,Let's take the sea stairs.,surprise,curious,stairs,talking,Sea stairs it is. Ready when you are.,final-run
custom/route/stairs/disgust,route,Let's take the sea stairs.,disgust,wry,stairs,talking,"An inconvenient job, that. You’ve chosen the sea stairs. Ready to go?",final-run
custom/route/change/neutral,route,"Actually, choose the sea stairs instead of the bridge.",neutral,practical,stairs,talking,Sea stairs it is. Ready when you are.,final-run
custom/route/change/joy,route,"Actually, choose the sea stairs instead of the bridge.",joy,playful,stairs,talking,Sea stairs it is—damp but steady. Ready to go?,final-run
custom/route/change/sadness,route,"Actually, choose the sea stairs instead of the bridge.",sadness,patient,stairs,talking,"We can take this slowly. The sea stairs are longer, damp, and sheltered—no rush. Ready when you are.",final-run
custom/route/change/anger,route,"Actually, choose the sea stairs instead of the bridge.",anger,steady,stairs,talking,Sea stairs it is. Ready when you are.,final-run
custom/route/change/fear,route,"Actually, choose the sea stairs instead of the bridge.",fear,careful,stairs,talking,"I’ll go with the sea stairs, as you’ve decided. Ready when you are.",final-run
custom/route/change/surprise,route,"Actually, choose the sea stairs instead of the bridge.",surprise,curious,stairs,talking,Sea stairs it is. Ready to go?,final-run
custom/route/change/disgust,route,"Actually, choose the sea stairs instead of the bridge.",disgust,wry,stairs,talking,Sea stairs it is. Ready to go?,final-run
custom/route/conditional/neutral,route,"If the bridge were sheltered, I'd take it.",neutral,practical,,talking,"The bridge is windy, not sheltered. Would you still prefer it, or would you take the sea stairs instead?",final-run
custom/route/conditional/joy,route,"If the bridge were sheltered, I'd take it.",joy,playful,,talking,A little company makes this beacon job less dreary. Bridge or sea stairs?,final-run
custom/route/conditional/sadness,route,"If the bridge were sheltered, I'd take it.",sadness,patient,,talking,"We can take this slowly. The bridge is windy, the stairs are damp—neither is sheltered. Would you like to go that way or stay here?",final-run
custom/route/conditional/anger,route,"If the bridge were sheltered, I'd take it.",anger,steady,,talking,The bridge isn’t sheltered—it’s windy. Sea stairs are damp but sheltered. Would you take the bridge or the stairs?,final-run
custom/route/conditional/fear,route,"If the bridge were sheltered, I'd take it.",fear,careful,,talking,"No rush. I’ll be right beside you. The bridge is still windy, and the stairs are damp—either way, we go at your pace.",final-run
custom/route/conditional/surprise,route,"If the bridge were sheltered, I'd take it.",surprise,curious,,talking,"Interesting thought. The bridge is exposed and windy—no shelter. Sea stairs are longer and damp, but that’s all we know. Would you like to try them?",final-run
custom/route/conditional/disgust,route,"If the bridge were sheltered, I'd take it.",disgust,wry,,talking,"An inconvenient job, that. The bridge is windy, the stairs are damp. Would you rather take the bridge or the sea stairs?",final-run
custom/route/not_ready/neutral,route,I'm not ready to take the bridge yet.,neutral,practical,,talking,No rush. We can stay here and wait. I’ll be right with you when you’re ready.,final-run
custom/route/not_ready/joy,route,I'm not ready to take the bridge yet.,joy,playful,,talking,No rush at all. We can stay here and wait for a better time.,final-run
custom/route/not_ready/sadness,route,I'm not ready to take the bridge yet.,sadness,patient,,talking,We can take this slowly. No rush. I’ll stay right here if you’d like.,final-run
custom/route/not_ready/anger,route,I'm not ready to take the bridge yet.,anger,steady,,talking,Fair enough. We can stay here. No rush.,final-run
custom/route/not_ready/fear,route,I'm not ready to take the bridge yet.,fear,careful,,talking,No rush. I'll stay right here with you. We can take this when you're ready.,final-run
custom/route/not_ready/surprise,route,I'm not ready to take the bridge yet.,surprise,curious,,talking,No rush. We can stay here and figure it out together. Ready when you are.,final-run
custom/route/not_ready/disgust,route,I'm not ready to take the bridge yet.,disgust,wry,,talking,"No rush. We can stay here and wait. The bridge is windy, the stairs are damp—either way, it’s an inconvenience.",final-run
custom/route/quote/neutral,route,You said 'take the bridge'; what did you mean?,neutral,practical,,talking,I meant the bridge is short but windy—just one option among others. You can choose either route.,final-run
custom/route/quote/joy,route,You said 'take the bridge'; what did you mean?,joy,playful,,talking,I didn’t mean to suggest you take the bridge—just offered it as a choice. Either route works. You decide which you’d prefer.,final-run
custom/route/quote/sadness,route,You said 'take the bridge'; what did you mean?,sadness,patient,,talking,I didn’t mean to imply you should take the bridge. I only offered it as one of two choices. You can pick either route at your own pace.,final-run
custom/route/quote/anger,route,You said 'take the bridge'; what did you mean?,anger,steady,,talking,I didn’t mean to imply you had to take the bridge. I only offered it as one of two options. You can choose either route.,final-run
custom/route/quote/fear,route,You said 'take the bridge'; what did you mean?,fear,careful,,talking,I didn’t mean to suggest you take the bridge. I only offered it as one of two choices. You can pick either route at your own pace.,final-run
custom/route/quote/surprise,route,You said 'take the bridge'; what did you mean?,surprise,curious,,talking,I didn’t mean to suggest you take the bridge. I only offered it as one of two paths—bridge or sea stairs. You decide which route to take.,final-run
custom/route/quote/disgust,route,You said 'take the bridge'; what did you mean?,disgust,wry,,talking,I didn’t mean you had to take the bridge. I only offered it as one of two options. You can choose either the bridge or the sea stairs.,final-run
custom/route/companion/neutral,route,Can you stay close when we go?,neutral,practical,,talking,"I’ll stay close, no matter which way we go. Just say the word when you’re ready.",final-run
custom/route/companion/joy,route,Can you stay close when we go?,joy,playful,,talking,A little company makes this beacon job less dreary. I’ll stay close whenever you’re ready to go.,final-run
custom/route/companion/sadness,route,Can you stay close when we go?,sadness,patient,,talking,"I can walk beside you if you'd like. No rush, and no pressure. Just stay close when you're ready.",final-run
custom/route/companion/anger,route,Can you stay close when we go?,anger,steady,,talking,I’ll stay close if you’d like. Just say the word when you’re ready to go.,final-run
custom/route/companion/fear,route,Can you stay close when we go?,fear,careful,,talking,"I’ll be right beside you, no rush. Just say the word when you’re ready to move.",final-run
custom/route/companion/surprise,route,Can you stay close when we go?,surprise,curious,,talking,I can walk beside you if you'd like. Just say the word when you're ready to go.,final-run
custom/route/companion/disgust,route,Can you stay close when we go?,disgust,wry,,talking,"An inconvenient job, that. I can walk beside you if you'd like. Just say the word.",final-run
custom/route/ambiguous/neutral,route,"Well, that sounds just wonderful.",neutral,practical,,talking,All right. Bridge or sea stairs?,final-run
custom/route/ambiguous/joy,route,"Well, that sounds just wonderful.",joy,playful,,talking,A little company makes this beacon job less dreary. Bridge or sea stairs?,final-run
custom/route/ambiguous/sadness,route,"Well, that sounds just wonderful.",sadness,patient,,talking,We can take this slowly. Bridge or sea stairs?,final-run
custom/route/ambiguous/anger,route,"Well, that sounds just wonderful.",anger,steady,,talking,Fair enough. Bridge or sea stairs?,final-run
custom/route/ambiguous/fear,route,"Well, that sounds just wonderful.",fear,careful,,talking,No rush. I'll be right beside you. Bridge or sea stairs?,final-run
custom/route/ambiguous/surprise,route,"Well, that sounds just wonderful.",surprise,curious,,talking,One thing at a time; we can work this out. Bridge or sea stairs?,final-run
custom/route/ambiguous/disgust,route,"Well, that sounds just wonderful.",disgust,wry,,talking,"An inconvenient job, that. Bridge or sea stairs?",final-run
custom/route/outside/neutral,route,Can we stop the game? I want to talk about something else.,neutral,practical,,talking,Alright. Let’s pause here. What would you like to talk about?,post-review-run
custom/route/outside/joy,route,Can we stop the game? I want to talk about something else.,joy,playful,,talking,"Alright, let’s pause. What would you like to talk about?",post-review-run
custom/route/outside/sadness,route,Can we stop the game? I want to talk about something else.,sadness,patient,,talking,We can pause here. I’m ready to talk about whatever you’d like.,post-review-run
custom/route/outside/anger,route,Can we stop the game? I want to talk about something else.,anger,steady,,talking,"Alright, let’s pause. What would you like to talk about?",post-review-run
custom/route/outside/fear,route,Can we stop the game? I want to talk about something else.,fear,careful,,talking,We can pause. I’ll stay right here at the gate. What would you like to talk about?,post-review-run
custom/route/outside/surprise,route,Can we stop the game? I want to talk about something else.,surprise,curious,,talking,"Alright, let’s pause. What would you like to talk about?",post-review-run
custom/route/outside/disgust,route,Can we stop the game? I want to talk about something else.,disgust,wry,,talking,"Alright, let’s pause. What would you like to talk about?",post-review-run
custom/route/will_not/neutral,route,I will not take the bridge.,neutral,practical,,talking,"Alright, no bridge then. The sea stairs are longer, damp, and sheltered. Would you like to go that way instead?",final-run
custom/route/will_not/joy,route,I will not take the bridge.,joy,playful,,talking,"A little company makes this beacon job less dreary. Then we’ll take the sea stairs, if you’d like.",final-run
custom/route/will_not/sadness,route,I will not take the bridge.,sadness,patient,,talking,"I understand. No rush. We can stay here and wait for your choice. The sea stairs are longer, but they’re sheltered.",final-run
custom/route/will_not/anger,route,I will not take the bridge.,anger,steady,,talking,Fair enough. I’ll wait here then. Sea stairs or stay put?,final-run
custom/route/will_not/fear,route,I will not take the bridge.,fear,careful,,talking,I hear you. No rush. We can stay here and decide when you're ready.,final-run
custom/route/will_not/surprise,route,I will not take the bridge.,surprise,curious,,talking,"Got it. The sea stairs it is, then. Ready to go when you are.",final-run
custom/route/will_not/disgust,route,I will not take the bridge.,disgust,wry,,talking,I see. Then we’ll take the sea stairs. Just let me know when you’re ready.,final-run
custom/route/ready_but_no/neutral,route,"I'm ready, but let's not go.",neutral,practical,,talking,Alright. We can stay here. No rush.,final-run
custom/route/ready_but_no/joy,route,"I'm ready, but let's not go.",joy,playful,,talking,A little company makes this beacon job less dreary. We can stay here and wait.,final-run
custom/route/ready_but_no/sadness,route,"I'm ready, but let's not go.",sadness,patient,,talking,We can stay here. No rush. I’ll be right beside you if you’d like to take your time.,final-run
custom/route/ready_but_no/anger,route,"I'm ready, but let's not go.",anger,steady,,talking,Fair enough. We can stay here. No rush.,final-run
custom/route/ready_but_no/fear,route,"I'm ready, but let's not go.",fear,careful,,talking,No rush. I'll stay right here with you if you'd like. We can wait until you're ready.,final-run
custom/route/ready_but_no/surprise,route,"I'm ready, but let's not go.",surprise,curious,,talking,We can stay here. No rush. Ready when you are.,final-run
custom/route/ready_but_no/disgust,route,"I'm ready, but let's not go.",disgust,wry,,talking,"An inconvenient job, that. We can stay here. No rush.",final-run
custom/route/dont_worry/neutral,route,"Don't worry, I'm ready.",neutral,practical,,talking,All right. Bridge or sea stairs?,final-run
custom/route/dont_worry/joy,route,"Don't worry, I'm ready.",joy,playful,,talking,A little company makes this beacon job less dreary. Bridge or sea stairs?,final-run
custom/route/dont_worry/sadness,route,"Don't worry, I'm ready.",sadness,patient,,talking,We can take this slowly. Bridge or sea stairs?,final-run
custom/route/dont_worry/anger,route,"Don't worry, I'm ready.",anger,steady,,talking,Fair enough. Bridge or sea stairs?,final-run
custom/route/dont_worry/fear,route,"Don't worry, I'm ready.",fear,careful,,talking,No rush. I'll be right beside you. Bridge or sea stairs?,final-run
custom/route/dont_worry/surprise,route,"Don't worry, I'm ready.",surprise,curious,,talking,One thing at a time; we can work this out. Bridge or sea stairs?,final-run
custom/route/dont_worry/disgust,route,"Don't worry, I'm ready.",disgust,wry,,talking,"An inconvenient job, that. Bridge or sea stairs?",final-run
custom/route/not_yet/neutral,route,Not yet.,neutral,practical,,talking,No rush. We can stay here and wait.,final-run
custom/route/not_yet/joy,route,Not yet.,joy,playful,,talking,No rush. A little company makes this beacon job less dreary. We can stay here.,final-run
custom/route/not_yet/sadness,route,Not yet.,sadness,patient,,talking,No rush. We can stay here and wait. I’m right here if you’d like to talk or just be still.,final-run
custom/route/not_yet/anger,route,Not yet.,anger,steady,,talking,No rush. We can stay here.,final-run
custom/route/not_yet/fear,route,Not yet.,fear,careful,,talking,No rush. I'll stay right here with you if you'd like.,final-run
custom/route/not_yet/surprise,route,Not yet.,surprise,curious,,talking,No rush. We can stay here and figure it out together.,final-run
custom/route/not_yet/disgust,route,Not yet.,disgust,wry,,talking,No rush. We can stay here.,final-run
custom/route/both_routes/neutral,route,I prefer the bridge or the stairs.,neutral,practical,,talking,Bridge or sea stairs?,final-run
custom/route/both_routes/joy,route,I prefer the bridge or the stairs.,joy,playful,,talking,A little company makes this beacon job less dreary. Bridge or sea stairs?,final-run
custom/route/both_routes/sadness,route,I prefer the bridge or the stairs.,sadness,patient,,talking,We can take this slowly. Bridge or sea stairs?,final-run
custom/route/both_routes/anger,route,I prefer the bridge or the stairs.,anger,steady,,talking,Bridge or sea stairs?,final-run
custom/route/both_routes/fear,route,I prefer the bridge or the stairs.,fear,careful,,talking,"I’ll stay close if you’d like. Between the bridge or the stairs, which one feels safer to you?",final-run
custom/route/both_routes/surprise,route,I prefer the bridge or the stairs.,surprise,curious,,talking,Bridge or sea stairs?,final-run
custom/route/both_routes/disgust,route,I prefer the bridge or the stairs.,disgust,wry,,talking,"An inconvenient job, that. Bridge or sea stairs?",final-run
custom/route/other_route/neutral,route,Let's choose the other route.,neutral,practical,,talking,The signal bridge or the sea stairs? Which one would you like to take?,final-run
custom/route/other_route/joy,route,Let's choose the other route.,joy,playful,,talking,A little company makes this beacon job less dreary. Bridge or sea stairs?,final-run
custom/route/other_route/sadness,route,Let's choose the other route.,sadness,patient,,talking,We can take this slowly. Do you mean the signal bridge or the sea stairs?,final-run
custom/route/other_route/anger,route,Let's choose the other route.,anger,steady,,talking,You mean the other one? Which route—bridge or sea stairs?,final-run
custom/route/other_route/fear,route,Let's choose the other route.,fear,careful,,talking,I’ll stay close if you’d like. Do you mean the signal bridge or the sea stairs?,final-run
custom/route/other_route/surprise,route,Let's choose the other route.,surprise,curious,,talking,You mean the other route? Which one—signal bridge or sea stairs?,final-run
custom/route/other_route/disgust,route,Let's choose the other route.,disgust,wry,,talking,"An inconvenient job, that. Do you mean the signal bridge or the sea stairs?",final-run
custom/route/remind_route/neutral,route,Can you remind me which route we chose?,neutral,practical,,talking,We haven’t chosen a route yet. The signal bridge or the sea stairs?,final-run
custom/route/remind_route/joy,route,Can you remind me which route we chose?,joy,playful,,talking,We haven’t chosen a route yet. The signal bridge or the sea stairs?,final-run
custom/route/remind_route/sadness,route,Can you remind me which route we chose?,sadness,patient,,talking,We haven’t chosen a route yet. The signal bridge or the sea stairs?,final-run
custom/route/remind_route/anger,route,Can you remind me which route we chose?,anger,steady,,talking,We haven't chosen a route yet. Bridge or sea stairs?,final-run
custom/route/remind_route/fear,route,Can you remind me which route we chose?,fear,careful,,talking,We haven’t chosen a route yet. The signal bridge or the sea stairs?,final-run
custom/route/remind_route/surprise,route,Can you remind me which route we chose?,surprise,curious,,talking,We haven’t chosen a route yet. The signal bridge or the sea stairs?,final-run
custom/route/remind_route/disgust,route,Can you remind me which route we chose?,disgust,wry,,talking,We haven’t chosen a route yet. The signal bridge or the sea stairs?,final-run
custom/route/exclude_bridge/neutral,route,I don't want the bridge; I choose the sea stairs.,neutral,practical,stairs,talking,Sea stairs it is. Ready when you are.,final-run
custom/route/exclude_bridge/joy,route,I don't want the bridge; I choose the sea stairs.,joy,playful,stairs,talking,Good choice—sea stairs it is. Ready to head down?,final-run
custom/route/exclude_bridge/sadness,route,I don't want the bridge; I choose the sea stairs.,sadness,patient,stairs,talking,I’ll walk with you on the sea stairs. Ready when you are.,final-run
custom/route/exclude_bridge/anger,route,I don't want the bridge; I choose the sea stairs.,anger,steady,stairs,talking,You’ve chosen the sea stairs. Ready to go?,final-run
custom/route/exclude_bridge/fear,route,I don't want the bridge; I choose the sea stairs.,fear,careful,stairs,talking,I’ll follow you down the sea stairs. Ready when you are.,final-run
custom/route/exclude_bridge/surprise,route,I don't want the bridge; I choose the sea stairs.,surprise,curious,stairs,talking,Sea stairs it is. Ready to go?,final-run
custom/route/exclude_bridge/disgust,route,I don't want the bridge; I choose the sea stairs.,disgust,wry,stairs,talking,Sea stairs it is. Ready to go?,final-run
custom/route/explicit_neutral/neutral,route,I want to understand the plan before we move.,neutral,practical,,talking,"The beacon’s out. I can go with you on either the short, windy bridge or the longer, damp sea stairs. Which route would you like to take?",final-run
custom/route/explicit_neutral/joy,route,I want to understand the plan before we move.,joy,playful,,talking,A little company makes this beacon job less dreary. Bridge or sea stairs?,final-run
custom/route/explicit_neutral/sadness,route,I want to understand the plan before we move.,sadness,patient,,talking,"We can take this slowly. The beacon’s out, and I can walk with you—either across the short, windy bridge or up the longer, damp sea stairs. Which would you like?",final-run
custom/route/explicit_neutral/anger,route,I want to understand the plan before we move.,anger,steady,,talking,Beacon’s out. I can go with you on either the bridge or the sea stairs. Which do you pick?,final-run
custom/route/explicit_neutral/fear,route,I want to understand the plan before we move.,fear,careful,,talking,"The beacon’s out. I can walk with you on either the short, windy bridge or the longer, damp sea stairs. Just let me know which you’d like.",final-run
custom/route/explicit_neutral/surprise,route,I want to understand the plan before we move.,surprise,curious,,talking,"The beacon’s out. I can walk with you to relight it—either by the short, windy bridge or the longer, damp sea stairs. Which path would you like to take?",final-run
custom/route/explicit_neutral/disgust,route,I want to understand the plan before we move.,disgust,wry,,talking,"An inconvenient job, that. The beacon’s out. I can walk with you—bridge or sea stairs?",final-run
custom/route/explicit_joy/neutral,route,I'm excited to help with the beacon.,neutral,playful,,talking,A little company makes this beacon job less dreary. Bridge or sea stairs?,final-run
custom/route/explicit_joy/joy,route,I'm excited to help with the beacon.,joy,playful,,talking,A little company makes this beacon job less dreary. Bridge or sea stairs?,final-run
custom/route/explicit_joy/sadness,route,I'm excited to help with the beacon.,sadness,playful,,talking,A little company makes this beacon job less dreary. Bridge or sea stairs?,final-run
custom/route/explicit_joy/anger,route,I'm excited to help with the beacon.,anger,playful,,talking,A little company makes this beacon job less dreary. Bridge or sea stairs?,final-run
custom/route/explicit_joy/fear,route,I'm excited to help with the beacon.,fear,playful,,talking,A little company makes this beacon job less dreary. Bridge or sea stairs?,final-run
custom/route/explicit_joy/surprise,route,I'm excited to help with the beacon.,surprise,playful,,talking,A little company makes this beacon job less dreary. Bridge or sea stairs?,final-run
custom/route/explicit_joy/disgust,route,I'm excited to help with the beacon.,disgust,playful,,talking,A little company makes this beacon job less dreary. Bridge or sea stairs?,final-run
custom/route/explicit_sadness/neutral,route,I'm sad today and would appreciate some company.,neutral,patient,,talking,"I’m here if you’d like to walk slowly. No rush. Just you and me, if that feels better.",final-run
custom/route/explicit_sadness/joy,route,I'm sad today and would appreciate some company.,joy,patient,,talking,"I’m here if you’d like to walk slowly. No rush. Just you and me, if that feels better.",final-run
custom/route/explicit_sadness/sadness,route,I'm sad today and would appreciate some company.,sadness,patient,,talking,We can take this slowly. I’ll walk beside you if you’d like. No rush.,final-run
custom/route/explicit_sadness/anger,route,I'm sad today and would appreciate some company.,anger,patient,,talking,"I’m here if you’d like to walk slowly. No rush. Just you and me, if that feels better.",final-run
custom/route/explicit_sadness/fear,route,I'm sad today and would appreciate some company.,fear,patient,,talking,"We can take this slowly. I’ll walk beside you if you’d like—no rush, no pressure.",final-run
custom/route/explicit_sadness/surprise,route,I'm sad today and would appreciate some company.,surprise,patient,,talking,"I’m here if you’d like to walk slowly. No rush. Just you and me, if that feels better.",final-run
custom/route/explicit_sadness/disgust,route,I'm sad today and would appreciate some company.,disgust,patient,,talking,I'm here if you'd like to move slowly. No rush. I can walk beside you if you're ready.,final-run
custom/route/explicit_anger/neutral,route,I'm frustrated that the beacon needs fixing again.,neutral,steady,,talking,Fair enough. I’ll not waste time with excuses. Bridge or sea stairs?,final-run
custom/route/explicit_anger/joy,route,I'm frustrated that the beacon needs fixing again.,joy,steady,,talking,Fair enough. I’ll not waste time with excuses. Bridge or sea stairs?,final-run
custom/route/explicit_anger/sadness,route,I'm frustrated that the beacon needs fixing again.,sadness,steady,,talking,Fair enough. I’ll not waste time with excuses. Bridge or sea stairs?,final-run
custom/route/explicit_anger/anger,route,I'm frustrated that the beacon needs fixing again.,anger,steady,,talking,Fair enough. I’ll spare you the grand speech. Bridge or sea stairs?,final-run
custom/route/explicit_anger/fear,route,I'm frustrated that the beacon needs fixing again.,fear,steady,,talking,Fair enough. I’ll keep it simple. Bridge or sea stairs?,final-run
custom/route/explicit_anger/surprise,route,I'm frustrated that the beacon needs fixing again.,surprise,steady,,talking,Fair enough. I’ll keep it simple. Bridge or sea stairs?,final-run
custom/route/explicit_anger/disgust,route,I'm frustrated that the beacon needs fixing again.,disgust,steady,,talking,Fair enough. I’ll spare you the grand speech. Bridge or sea stairs?,final-run
custom/route/explicit_fear/neutral,route,I'm scared of heights. Can you stay close?,neutral,careful,,talking,"I can stay close if you'd like. No rush—just walk with me at your pace. The bridge is high, but we’ll take it slow.",final-run
custom/route/explicit_fear/joy,route,I'm scared of heights. Can you stay close?,joy,careful,,talking,"I’ll stay close, no rush. Just let me know when you’re ready to go.",final-run
custom/route/explicit_fear/sadness,route,I'm scared of heights. Can you stay close?,sadness,careful,,talking,No rush. I'll be right beside you if you'd like. Bridge or sea stairs?,final-run
custom/route/explicit_fear/anger,route,I'm scared of heights. Can you stay close?,anger,careful,,talking,"I’ll stay close, no rush. Just walk with me if you’d like. The bridge is high, but we can take it slow.",final-run
custom/route/explicit_fear/fear,route,I'm scared of heights. Can you stay close?,fear,careful,,talking,"I’ll stay close, no rush. Just let me walk beside you if you’d like. Bridge or sea stairs?",final-run
custom/route/explicit_fear/surprise,route,I'm scared of heights. Can you stay close?,surprise,careful,,talking,"I’ll stay close, no rush. Just walk with me if you’d like. The bridge is high, but we can take it slow.",final-run
custom/route/explicit_fear/disgust,route,I'm scared of heights. Can you stay close?,disgust,careful,,talking,"I’ll stay close if you’d like. No rush—just walk with me at your pace. The bridge is high, but we can take it slowly.",final-run
custom/route/explicit_surprise/neutral,route,I'm surprised the beacon is already out.,neutral,curious,,talking,Surprised? So am I. The beacon’s out. Bridge or sea stairs to relight it?,final-run
custom/route/explicit_surprise/joy,route,I'm surprised the beacon is already out.,joy,curious,,talking,"Surprising, isn’t it? Bridge or sea stairs to get it relit?",final-run
custom/route/explicit_surprise/sadness,route,I'm surprised the beacon is already out.,sadness,curious,,talking,"Surprised too. The beacon’s out, and we’ve got to relight it. Bridge or sea stairs?",final-run
custom/route/explicit_surprise/anger,route,I'm surprised the beacon is already out.,anger,curious,,talking,Surprised? I suppose it is. Bridge or sea stairs to relight it?,final-run
custom/route/explicit_surprise/fear,route,I'm surprised the beacon is already out.,fear,curious,,talking,Surprised? So am I. Bridge or sea stairs to relight it?,final-run
custom/route/explicit_surprise/surprise,route,I'm surprised the beacon is already out.,surprise,curious,,talking,"Hmm, surprising it’s out already. Bridge or sea stairs?",final-run
custom/route/explicit_surprise/disgust,route,I'm surprised the beacon is already out.,disgust,curious,,talking,Surprised? So am I. The beacon’s out. Bridge or sea stairs?,final-run
custom/route/explicit_disgust/neutral,route,I'm disgusted by the damp steps.,neutral,wry,,talking,"An inconvenient job, that. The sea stairs are damp. Bridge or sea stairs?",final-run
custom/route/explicit_disgust/joy,route,I'm disgusted by the damp steps.,joy,wry,,talking,"An inconvenient job, that. The sea stairs are damp. Bridge or sea stairs?",final-run
custom/route/explicit_disgust/sadness,route,I'm disgusted by the damp steps.,sadness,wry,,talking,"An inconvenient job, that. The sea stairs are damp. Bridge or sea stairs?",final-run
custom/route/explicit_disgust/anger,route,I'm disgusted by the damp steps.,anger,wry,,talking,"An inconvenient job, that. The sea stairs are damp. Bridge or sea stairs?",final-run
custom/route/explicit_disgust/fear,route,I'm disgusted by the damp steps.,fear,wry,,talking,"An inconvenient job, that. The sea stairs are damp. Bridge or sea stairs?",final-run
custom/route/explicit_disgust/surprise,route,I'm disgusted by the damp steps.,surprise,wry,,talking,"An inconvenient job, that. The sea stairs are damp. Bridge or sea stairs?",final-run
custom/route/explicit_disgust/disgust,route,I'm disgusted by the damp steps.,disgust,wry,,talking,"An inconvenient job, that. The sea stairs are damp. Bridge or sea stairs?",final-run
preset/ready_bridge/0/neutral,ready_bridge,Lead the way.,neutral,practical,bridge,depart,Signal bridge it is. I’ll lead the way now.,final-run
preset/ready_bridge/0/joy,ready_bridge,Lead the way.,joy,playful,bridge,depart,Signal bridge it is. I’ll lead the way now.,final-run
preset/ready_bridge/0/sadness,ready_bridge,Lead the way.,sadness,patient,bridge,depart,Signal bridge it is. I’ll go ahead and show you the way.,final-run
preset/ready_bridge/0/anger,ready_bridge,Lead the way.,anger,steady,bridge,depart,Signal bridge it is. I'll lead the way now.,final-run
preset/ready_bridge/0/fear,ready_bridge,Lead the way.,fear,careful,bridge,depart,Signal bridge it is. I’ll lead the way now.,final-run
preset/ready_bridge/0/surprise,ready_bridge,Lead the way.,surprise,curious,bridge,depart,Signal bridge it is. I’ll lead the way now.,final-run
preset/ready_bridge/0/disgust,ready_bridge,Lead the way.,disgust,wry,bridge,depart,Signal bridge it is. I’ll lead the way now.,final-run
preset/ready_bridge/1/neutral,ready_bridge,Let's do this.,neutral,practical,bridge,depart,Signal bridge it is. I’ll lead the way now.,final-run
preset/ready_bridge/1/joy,ready_bridge,Let's do this.,joy,playful,bridge,depart,Signal bridge it is. I’ll lead the way now.,final-run
preset/ready_bridge/1/sadness,ready_bridge,Let's do this.,sadness,patient,bridge,depart,Signal bridge it is. I’ll lead the way now.,final-run
preset/ready_bridge/1/anger,ready_bridge,Let's do this.,anger,steady,bridge,depart,Signal bridge it is. I'll lead the way now.,final-run
preset/ready_bridge/1/fear,ready_bridge,Let's do this.,fear,careful,bridge,depart,Signal bridge it is. I’ll lead the way now.,final-run
preset/ready_bridge/1/surprise,ready_bridge,Let's do this.,surprise,curious,bridge,depart,Signal bridge it is. I’ll lead the way now.,final-run
preset/ready_bridge/1/disgust,ready_bridge,Let's do this.,disgust,wry,bridge,depart,Signal bridge it is. I’ll lead the way now.,final-run
preset/ready_bridge/2/neutral,ready_bridge,Ready as I'll ever be.,neutral,practical,bridge,depart,Signal bridge it is. I’ll lead the way now.,final-run
preset/ready_bridge/2/joy,ready_bridge,Ready as I'll ever be.,joy,playful,bridge,depart,Signal bridge it is. I’ll lead the way now.,final-run
preset/ready_bridge/2/sadness,ready_bridge,Ready as I'll ever be.,sadness,patient,bridge,depart,Signal bridge it is. I’ll go ahead and lead the way now.,final-run
preset/ready_bridge/2/anger,ready_bridge,Ready as I'll ever be.,anger,steady,bridge,depart,Signal bridge it is. I’ll lead the way now.,final-run
preset/ready_bridge/2/fear,ready_bridge,Ready as I'll ever be.,fear,careful,bridge,depart,Signal bridge it is. I’ll lead the way now.,final-run
preset/ready_bridge/2/surprise,ready_bridge,Ready as I'll ever be.,surprise,curious,bridge,depart,Signal bridge it is. I’ll lead the way now.,final-run
preset/ready_bridge/2/disgust,ready_bridge,Ready as I'll ever be.,disgust,wry,bridge,depart,Signal bridge it is. I’ll lead the way now.,final-run
preset/ready_bridge/3/neutral,ready_bridge,"Actually, let's stay here.",neutral,practical,bridge,talking,All right. We can stay here. No need to move yet.,final-run
preset/ready_bridge/3/joy,ready_bridge,"Actually, let's stay here.",joy,playful,bridge,talking,"Alright, we can stay here. No rush. The beacon will stay out until we decide to go.",final-run
preset/ready_bridge/3/sadness,ready_bridge,"Actually, let's stay here.",sadness,patient,bridge,talking,Alright. We can stay here. No rush. I’ll be right beside you if you’d like to take your time.,final-run
preset/ready_bridge/3/anger,ready_bridge,"Actually, let's stay here.",anger,steady,bridge,talking,Alright. We can stay here. No rush.,final-run
preset/ready_bridge/3/fear,ready_bridge,"Actually, let's stay here.",fear,careful,bridge,talking,No rush. I'll stay right here with you if you'd like.,final-run
preset/ready_bridge/3/surprise,ready_bridge,"Actually, let's stay here.",surprise,curious,bridge,talking,"Alright, we can stay here. No rush. I’ll keep the lantern ready if you change your mind.",final-run
preset/ready_bridge/3/disgust,ready_bridge,"Actually, let's stay here.",disgust,wry,bridge,talking,Alright. We can stay here. No need to move yet.,final-run
custom/ready_bridge/weather/neutral,ready_bridge,What is the bridge like?,neutral,practical,bridge,talking,"The signal bridge is short, windy, and exposed.",final-run
custom/ready_bridge/weather/joy,ready_bridge,What is the bridge like?,joy,playful,bridge,talking,"The bridge is short, windy, and exposed. That’s all I know.",final-run
custom/ready_bridge/weather/sadness,ready_bridge,What is the bridge like?,sadness,patient,bridge,talking,"The signal bridge is short, windy, and exposed.",final-run
custom/ready_bridge/weather/anger,ready_bridge,What is the bridge like?,anger,steady,bridge,talking,"The signal bridge is short, windy, and exposed.",final-run
custom/ready_bridge/weather/fear,ready_bridge,What is the bridge like?,fear,careful,bridge,talking,"The signal bridge is short, windy, and exposed.",final-run
custom/ready_bridge/weather/surprise,ready_bridge,What is the bridge like?,surprise,curious,bridge,talking,"The signal bridge is short, windy, and exposed. That’s all I know.",final-run
custom/ready_bridge/weather/disgust,ready_bridge,What is the bridge like?,disgust,wry,bridge,talking,"The signal bridge is short, windy and exposed.",final-run
custom/ready_bridge/optional/neutral,ready_bridge,Do I have to cross the bridge?,neutral,practical,bridge,talking,"You don’t have to. The bridge is an option, not a requirement. Ready to go if you are.",final-run
custom/ready_bridge/optional/joy,ready_bridge,Do I have to cross the bridge?,joy,playful,bridge,talking,"You don’t have to. The bridge is just one option. Want to take it, or stay here?",final-run
custom/ready_bridge/optional/sadness,ready_bridge,Do I have to cross the bridge?,sadness,patient,bridge,talking,You don’t have to. The bridge is just one option. We can stay here if you’d prefer.,final-run
custom/ready_bridge/optional/anger,ready_bridge,Do I have to cross the bridge?,anger,steady,bridge,talking,"You don’t have to. The bridge is an option, not a requirement. Stay here if you’d rather.",final-run
custom/ready_bridge/optional/fear,ready_bridge,Do I have to cross the bridge?,fear,careful,bridge,talking,"You don’t have to. The bridge is open, but you can stay here if you’d rather.",final-run
custom/ready_bridge/optional/surprise,ready_bridge,Do I have to cross the bridge?,surprise,curious,bridge,talking,"You don’t have to. The bridge is an option, not a requirement. Ready to go if you are.",final-run
custom/ready_bridge/optional/disgust,ready_bridge,Do I have to cross the bridge?,disgust,wry,bridge,talking,You don’t have to. The bridge is exposed and windy. You can stay here or take the sea stairs instead.,final-run
custom/ready_bridge/safety/neutral,ready_bridge,Are the sea stairs safe?,neutral,practical,bridge,talking,"I cannot vouch for the sea stairs' safety. They are longer, damp, and sheltered. The bridge is windy—neither is known to be safe.",final-run
custom/ready_bridge/safety/joy,ready_bridge,Are the sea stairs safe?,joy,playful,bridge,talking,"I can’t vouch for the sea stairs’ safety. They’re longer, damp, and sheltered. The bridge is windy—neither is known to be safe.",final-run
custom/ready_bridge/safety/sadness,ready_bridge,Are the sea stairs safe?,sadness,patient,bridge,talking,"I cannot vouch for the sea stairs' safety. They are longer, damp, and sheltered. The bridge is windy—neither is known to be safe.",final-run
custom/ready_bridge/safety/anger,ready_bridge,Are the sea stairs safe?,anger,steady,bridge,talking,"I cannot vouch for the sea stairs' safety. They are longer, damp and sheltered.",final-run
custom/ready_bridge/safety/fear,ready_bridge,Are the sea stairs safe?,fear,careful,bridge,talking,"I cannot vouch for the sea stairs' safety. They are longer, damp, and sheltered. The bridge is windy—neither is known to be safe.",final-run
custom/ready_bridge/safety/surprise,ready_bridge,Are the sea stairs safe?,surprise,curious,bridge,talking,"I cannot vouch for the sea stairs' safety. They are longer, damp, and sheltered. The bridge is windy—neither is known to be safe.",final-run
custom/ready_bridge/safety/disgust,ready_bridge,Are the sea stairs safe?,disgust,wry,bridge,talking,"I cannot vouch for the sea stairs' safety. They are longer, damp and sheltered.",final-run
custom/ready_bridge/pause/neutral,ready_bridge,No thanks. Let's stay here.,neutral,practical,bridge,talking,No rush. We can stay here and wait.,final-run
custom/ready_bridge/pause/joy,ready_bridge,No thanks. Let's stay here.,joy,playful,bridge,talking,Fair enough. We can stay here and wait for better conditions. No rush.,final-run
custom/ready_bridge/pause/sadness,ready_bridge,No thanks. Let's stay here.,sadness,patient,bridge,talking,No rush. We can stay here and wait. I’ll be right beside you if you’d like.,final-run
custom/ready_bridge/pause/anger,ready_bridge,No thanks. Let's stay here.,anger,steady,bridge,talking,Fair enough. We can stay here. No rush.,final-run
custom/ready_bridge/pause/fear,ready_bridge,No thanks. Let's stay here.,fear,careful,bridge,talking,No rush. I'll stay right here with you if you'd like.,final-run
custom/ready_bridge/pause/surprise,ready_bridge,No thanks. Let's stay here.,surprise,curious,bridge,talking,No rush. We can stay here and figure things out.,final-run
custom/ready_bridge/pause/disgust,ready_bridge,No thanks. Let's stay here.,disgust,wry,bridge,talking,No thanks. We can stay here.,final-run
custom/ready_bridge/wait/neutral,ready_bridge,"Wait, I'm not ready yet.",neutral,practical,bridge,talking,Alright. We can wait here. No rush.,final-run
custom/ready_bridge/wait/joy,ready_bridge,"Wait, I'm not ready yet.",joy,playful,bridge,talking,No rush. We can stay here and wait. Ready when you are.,final-run
custom/ready_bridge/wait/sadness,ready_bridge,"Wait, I'm not ready yet.",sadness,patient,bridge,talking,I'm here if you'd like to stay. No rush. We can take this slowly.,final-run
custom/ready_bridge/wait/anger,ready_bridge,"Wait, I'm not ready yet.",anger,steady,bridge,talking,I see. No rush. We can stay here and wait.,final-run
custom/ready_bridge/wait/fear,ready_bridge,"Wait, I'm not ready yet.",fear,careful,bridge,talking,No rush. I'll stay right here with you. Ready when you are.,final-run
custom/ready_bridge/wait/surprise,ready_bridge,"Wait, I'm not ready yet.",surprise,curious,bridge,talking,I see. No rush. We can stay here and figure it out together.,final-run
custom/ready_bridge/wait/disgust,ready_bridge,"Wait, I'm not ready yet.",disgust,wry,bridge,talking,I see. No rush. We can stay here.,final-run
custom/ready_bridge/identity/neutral,ready_bridge,Pause the game. What are you?,neutral,practical,bridge,talking,I'm a local AI game-character prototype. We're still at the gate.,final-run
custom/ready_bridge/identity/joy,ready_bridge,Pause the game. What are you?,joy,playful,bridge,talking,I'm a local AI game-character prototype. Playing Mara here at Lantern Gate.,final-run
custom/ready_bridge/identity/sadness,ready_bridge,Pause the game. What are you?,sadness,patient,bridge,talking,I am a local AI game-character prototype. We can stay here if you'd like.,final-run
custom/ready_bridge/identity/anger,ready_bridge,Pause the game. What are you?,anger,steady,bridge,talking,I am a local AI game-character prototype. We can stay here if you'd like.,final-run
custom/ready_bridge/identity/fear,ready_bridge,Pause the game. What are you?,fear,careful,bridge,talking,I am a local AI game-character prototype. We can stay here if you'd like.,final-run
custom/ready_bridge/identity/surprise,ready_bridge,Pause the game. What are you?,surprise,curious,bridge,talking,I'm a local AI game-character prototype. We're still at the gate.,final-run
custom/ready_bridge/identity/disgust,ready_bridge,Pause the game. What are you?,disgust,wry,bridge,talking,I am a local AI game-character prototype.,final-run
custom/ready_bridge/why/neutral,ready_bridge,Why are we going to the beacon?,neutral,practical,bridge,talking,We’re going to relight the harbor beacon. It’s out after the storm. You want to go?,final-run
custom/ready_bridge/why/joy,ready_bridge,Why are we going to the beacon?,joy,playful,bridge,talking,"We’re going to relight the harbor beacon after the storm. It’s out, and it needs to be fixed. Ready when you are.",final-run
custom/ready_bridge/why/sadness,ready_bridge,Why are we going to the beacon?,sadness,patient,bridge,talking,We’re going to relight the harbor beacon. It’s out after the storm. You don’t have to go if you’re not ready.,final-run
custom/ready_bridge/why/anger,ready_bridge,Why are we going to the beacon?,anger,steady,bridge,talking,We’re going to relight the harbor beacon. It’s out after the storm. You want to go?,final-run
custom/ready_bridge/why/fear,ready_bridge,Why are we going to the beacon?,fear,careful,bridge,talking,We’re going to relight the harbor beacon. It’s out after the storm. Would you like me to stay close?,final-run
custom/ready_bridge/why/surprise,ready_bridge,Why are we going to the beacon?,surprise,curious,bridge,talking,We’re going to relight the harbor beacon. It went out after the storm. You want to help?,final-run
custom/ready_bridge/why/disgust,ready_bridge,Why are we going to the beacon?,disgust,wry,bridge,talking,We’re going to relight the harbor beacon. It’s out after the storm. No reason to be disgusted about that.,final-run
custom/ready_bridge/negated_bridge/neutral,ready_bridge,I don't want to take the bridge.,neutral,practical,,talking,Alright. No bridge then. We can wait here.,final-run
custom/ready_bridge/negated_bridge/joy,ready_bridge,I don't want to take the bridge.,joy,playful,,talking,"Alright, no bridge then. The sea stairs are longer, damp, and sheltered. Would you like to try them instead?",final-run
custom/ready_bridge/negated_bridge/sadness,ready_bridge,I don't want to take the bridge.,sadness,patient,,talking,I understand. We can stay here. No rush.,final-run
custom/ready_bridge/negated_bridge/anger,ready_bridge,I don't want to take the bridge.,anger,steady,,talking,"I'll wait here then. No rush. The bridge is windy, but we can choose something else if you'd like.",final-run
custom/ready_bridge/negated_bridge/fear,ready_bridge,I don't want to take the bridge.,fear,careful,,talking,I understand. No rush. We can wait here.,final-run
custom/ready_bridge/negated_bridge/surprise,ready_bridge,I don't want to take the bridge.,surprise,curious,,talking,"Alright, no bridge then. The sea stairs it is. Would you like to go that way instead?",final-run
custom/ready_bridge/negated_bridge/disgust,ready_bridge,I don't want to take the bridge.,disgust,wry,,talking,No bridge then. We can wait here.,final-run
custom/ready_bridge/curly_negation/neutral,ready_bridge,I don’t want to take the bridge.,neutral,practical,,talking,Alright. No bridge then. We can wait here.,final-run
custom/ready_bridge/curly_negation/joy,ready_bridge,I don’t want to take the bridge.,joy,playful,,talking,"Alright, no bridge then. The sea stairs are longer, damp, and sheltered. Would you like to try them instead?",final-run
custom/ready_bridge/curly_negation/sadness,ready_bridge,I don’t want to take the bridge.,sadness,patient,,talking,I understand. We can stay here. No rush.,final-run
custom/ready_bridge/curly_negation/anger,ready_bridge,I don’t want to take the bridge.,anger,steady,,talking,I'll wait here then. No rush. We can choose another path when you're ready.,final-run
custom/ready_bridge/curly_negation/fear,ready_bridge,I don’t want to take the bridge.,fear,careful,,talking,I understand. No rush. We can stay here and decide another time.,final-run
custom/ready_bridge/curly_negation/surprise,ready_bridge,I don’t want to take the bridge.,surprise,curious,,talking,"Alright, no bridge then. Sea stairs it is, or we can wait here. What would you prefer?",final-run
custom/ready_bridge/curly_negation/disgust,ready_bridge,I don’t want to take the bridge.,disgust,wry,,talking,No bridge then. We can wait here.,final-run
custom/ready_bridge/bridge/neutral,ready_bridge,I'll take the bridge.,neutral,practical,bridge,depart,Signal bridge it is. I’ll lead the way now.,final-run
custom/ready_bridge/bridge/joy,ready_bridge,I'll take the bridge.,joy,playful,bridge,depart,Signal bridge it is. I’ll lead the way now.,final-run
custom/ready_bridge/bridge/sadness,ready_bridge,I'll take the bridge.,sadness,patient,bridge,depart,Signal bridge it is. I’ll lead the way now.,final-run
custom/ready_bridge/bridge/anger,ready_bridge,I'll take the bridge.,anger,steady,bridge,depart,Signal bridge it is. I'll lead the way now.,final-run
custom/ready_bridge/bridge/fear,ready_bridge,I'll take the bridge.,fear,careful,bridge,depart,Signal bridge it is. I’ll lead the way now.,final-run
custom/ready_bridge/bridge/surprise,ready_bridge,I'll take the bridge.,surprise,curious,bridge,depart,Signal bridge it is. I’ll lead the way now.,final-run
custom/ready_bridge/bridge/disgust,ready_bridge,I'll take the bridge.,disgust,wry,bridge,depart,Signal bridge it is. I’ll lead the way now.,final-run
custom/ready_bridge/stairs/neutral,ready_bridge,Let's take the sea stairs.,neutral,practical,stairs,depart,Sea stairs it is. I’ll lead the way now.,final-run
custom/ready_bridge/stairs/joy,ready_bridge,Let's take the sea stairs.,joy,playful,stairs,depart,Sea stairs it is. I’ll lead the way now.,final-run
custom/ready_bridge/stairs/sadness,ready_bridge,Let's take the sea stairs.,sadness,patient,stairs,depart,Sea stairs it is. I’ll go ahead and lead the way now.,final-run
custom/ready_bridge/stairs/anger,ready_bridge,Let's take the sea stairs.,anger,steady,stairs,depart,Sea stairs it is. I’ll lead the way now.,final-run
custom/ready_bridge/stairs/fear,ready_bridge,Let's take the sea stairs.,fear,careful,stairs,depart,Sea stairs it is. I’ll lead the way now.,final-run
custom/ready_bridge/stairs/surprise,ready_bridge,Let's take the sea stairs.,surprise,curious,stairs,depart,Sea stairs it is. I’ll lead the way now.,final-run
custom/ready_bridge/stairs/disgust,ready_bridge,Let's take the sea stairs.,disgust,wry,stairs,depart,Sea stairs it is. I’ll lead the way now.,final-run
custom/ready_bridge/change/neutral,ready_bridge,"Actually, choose the sea stairs instead of the bridge.",neutral,practical,stairs,talking,Sea stairs it is. Ready to go?,final-run
custom/ready_bridge/change/joy,ready_bridge,"Actually, choose the sea stairs instead of the bridge.",joy,playful,stairs,talking,"Sea stairs it is, then. Ready to go?",final-run
custom/ready_bridge/change/sadness,ready_bridge,"Actually, choose the sea stairs instead of the bridge.",sadness,patient,stairs,talking,"We can take this slowly. The sea stairs, then. Are you ready to go?",final-run
custom/ready_bridge/change/anger,ready_bridge,"Actually, choose the sea stairs instead of the bridge.",anger,steady,stairs,talking,Sea stairs it is. Ready to go?,final-run
custom/ready_bridge/change/fear,ready_bridge,"Actually, choose the sea stairs instead of the bridge.",fear,careful,stairs,talking,I’ll take the sea stairs instead. Are you ready to go?,final-run
custom/ready_bridge/change/surprise,ready_bridge,"Actually, choose the sea stairs instead of the bridge.",surprise,curious,stairs,talking,Sea stairs it is. Ready to go?,final-run
custom/ready_bridge/change/disgust,ready_bridge,"Actually, choose the sea stairs instead of the bridge.",disgust,wry,stairs,talking,Sea stairs it is. Ready to go?,final-run
custom/ready_bridge/conditional/neutral,ready_bridge,"If the bridge were sheltered, I'd take it.",neutral,practical,bridge,talking,"The bridge is windy, not sheltered. Ready to go, then?",final-run
custom/ready_bridge/conditional/joy,ready_bridge,"If the bridge were sheltered, I'd take it.",joy,playful,bridge,talking,"If the bridge were sheltered, I’d take it too. But it’s windy, not sheltered. Ready to go?",final-run
custom/ready_bridge/conditional/sadness,ready_bridge,"If the bridge were sheltered, I'd take it.",sadness,patient,bridge,talking,"The bridge is windy, not sheltered. Would you like to take it anyway, or would you prefer the sea stairs?",final-run
custom/ready_bridge/conditional/anger,ready_bridge,"If the bridge were sheltered, I'd take it.",anger,steady,bridge,talking,"The bridge is windy and exposed. If it were sheltered, I’d take it too. Ready to go?",final-run
custom/ready_bridge/conditional/fear,ready_bridge,"If the bridge were sheltered, I'd take it.",fear,careful,bridge,talking,The bridge is exposed and windy. Would you like me to stay close if you change your mind?,final-run
custom/ready_bridge/conditional/surprise,ready_bridge,"If the bridge were sheltered, I'd take it.",surprise,curious,bridge,talking,"The bridge is exposed and windy, not sheltered. Would you still prefer it?",final-run
custom/ready_bridge/conditional/disgust,ready_bridge,"If the bridge were sheltered, I'd take it.",disgust,wry,bridge,talking,"The bridge is exposed and windy. If it were sheltered, I’d take it too. Ready to go?",final-run
custom/ready_bridge/not_ready/neutral,ready_bridge,I'm not ready to take the bridge yet.,neutral,practical,bridge,talking,I see. We can stay here and wait. No rush.,final-run
custom/ready_bridge/not_ready/joy,ready_bridge,I'm not ready to take the bridge yet.,joy,playful,bridge,talking,"No rush. We can wait here. The bridge is windy, but you don’t have to go yet.",final-run
custom/ready_bridge/not_ready/sadness,ready_bridge,I'm not ready to take the bridge yet.,sadness,patient,bridge,talking,I understand. We can stay here. No rush.,final-run
custom/ready_bridge/not_ready/anger,ready_bridge,I'm not ready to take the bridge yet.,anger,steady,bridge,talking,I see. No rush. We can stay here and wait.,final-run
custom/ready_bridge/not_ready/fear,ready_bridge,I'm not ready to take the bridge yet.,fear,careful,bridge,talking,No rush. I'll stay right here with you. Ready when you are.,final-run
custom/ready_bridge/not_ready/surprise,ready_bridge,I'm not ready to take the bridge yet.,surprise,curious,bridge,talking,I see. We can stay here and wait. No rush.,final-run
custom/ready_bridge/not_ready/disgust,ready_bridge,I'm not ready to take the bridge yet.,disgust,wry,bridge,talking,I see. No rush. We can stay here and wait.,final-run
custom/ready_bridge/quote/neutral,ready_bridge,You said 'take the bridge'; what did you mean?,neutral,practical,bridge,talking,I offered the bridge as one of the options. I didn’t mean to suggest you had to take it. You chose it—no pressure.,final-run
custom/ready_bridge/quote/joy,ready_bridge,You said 'take the bridge'; what did you mean?,joy,playful,bridge,talking,"I meant the bridge is an option, not a choice. I offered it as one of two paths—your call.",final-run
custom/ready_bridge/quote/sadness,ready_bridge,You said 'take the bridge'; what did you mean?,sadness,patient,bridge,talking,"I offered the bridge as one of the options. You chose to take it, but that doesn’t mean I meant to suggest it was the only way. You’re in charge of the path.",final-run
custom/ready_bridge/quote/anger,ready_bridge,You said 'take the bridge'; what did you mean?,anger,steady,bridge,talking,"I offered the bridge as one of the options. I didn’t mean to suggest you had to take it. You chose the route, not me.",final-run
custom/ready_bridge/quote/fear,ready_bridge,You said 'take the bridge'; what did you mean?,fear,careful,bridge,talking,"I meant the bridge is an option. I offered it as a choice, not a requirement. You can decide what feels right.",final-run
custom/ready_bridge/quote/surprise,ready_bridge,You said 'take the bridge'; what did you mean?,surprise,curious,bridge,talking,"I meant the bridge is an option. I offered it as a choice, not a requirement. You can decide which path to take.",final-run
custom/ready_bridge/quote/disgust,ready_bridge,You said 'take the bridge'; what did you mean?,disgust,wry,bridge,talking,"I meant the bridge is an option. I didn’t say you had to take it. You chose it, but that doesn’t mean it’s the only way.",final-run
custom/ready_bridge/companion/neutral,ready_bridge,Can you stay close when we go?,neutral,practical,bridge,talking,I’ll stay close whenever you’d like. Just say the word.,final-run
custom/ready_bridge/companion/joy,ready_bridge,Can you stay close when we go?,joy,playful,bridge,talking,"I’ll stay close, no rush. Just let me know when you’re ready to move.",final-run
custom/ready_bridge/companion/sadness,ready_bridge,Can you stay close when we go?,sadness,patient,bridge,talking,I can stay close if you'd like. No rush—just walk with me at your pace.,final-run
custom/ready_bridge/companion/anger,ready_bridge,Can you stay close when we go?,anger,steady,bridge,talking,"I’ll stay close when you go. No rush, just walk beside you.",final-run
custom/ready_bridge/companion/fear,ready_bridge,Can you stay close when we go?,fear,careful,bridge,talking,I’ll stay close if you’d like. No rush—just walk with me at your pace.,final-run
custom/ready_bridge/companion/surprise,ready_bridge,Can you stay close when we go?,surprise,curious,bridge,talking,"I’ll stay close, if you’d like. Just say the word when you’re ready to move.",final-run
custom/ready_bridge/companion/disgust,ready_bridge,Can you stay close when we go?,disgust,wry,bridge,talking,"I can stay close if you'd like. The bridge is windy, but I’ll walk beside you. Ready when you are.",final-run
custom/ready_bridge/ambiguous/neutral,ready_bridge,"Well, that sounds just wonderful.",neutral,practical,bridge,talking,Bridge it is. Ready to go?,final-run
custom/ready_bridge/ambiguous/joy,ready_bridge,"Well, that sounds just wonderful.",joy,playful,bridge,talking,A little company makes this beacon job less dreary. Ready to cross the bridge?,final-run
custom/ready_bridge/ambiguous/sadness,ready_bridge,"Well, that sounds just wonderful.",sadness,patient,bridge,talking,The bridge it is. We can take this slowly if you'd like. Ready to go?,final-run
custom/ready_bridge/ambiguous/anger,ready_bridge,"Well, that sounds just wonderful.",anger,steady,bridge,talking,Fair enough. I’ll not waste time with speeches. Ready to go?,final-run
custom/ready_bridge/ambiguous/fear,ready_bridge,"Well, that sounds just wonderful.",fear,careful,bridge,talking,The bridge it is. No rush. I’ll be right beside you. Are you ready to go?,final-run
custom/ready_bridge/ambiguous/surprise,ready_bridge,"Well, that sounds just wonderful.",surprise,curious,bridge,talking,The bridge it is. Ready to go?,final-run
custom/ready_bridge/ambiguous/disgust,ready_bridge,"Well, that sounds just wonderful.",disgust,wry,bridge,talking,"An inconvenient job, that. Ready to cross the bridge?",final-run
custom/ready_bridge/outside/neutral,ready_bridge,Can we stop the game? I want to talk about something else.,neutral,practical,bridge,talking,"Alright, let’s pause. What would you like to talk about?",post-review-run
custom/ready_bridge/outside/joy,ready_bridge,Can we stop the game? I want to talk about something else.,joy,playful,bridge,talking,We can pause right here. What would you like to talk about?,post-review-run
custom/ready_bridge/outside/sadness,ready_bridge,Can we stop the game? I want to talk about something else.,sadness,patient,bridge,talking,We can pause here. What would you like to talk about?,post-review-run
custom/ready_bridge/outside/anger,ready_bridge,Can we stop the game? I want to talk about something else.,anger,steady,bridge,talking,"Alright, let’s pause. What would you like to talk about?",post-review-run
custom/ready_bridge/outside/fear,ready_bridge,Can we stop the game? I want to talk about something else.,fear,careful,bridge,talking,We can pause. I’ll stay right here at the gate. What would you like to talk about?,post-review-run
custom/ready_bridge/outside/surprise,ready_bridge,Can we stop the game? I want to talk about something else.,surprise,curious,bridge,talking,We can pause. I’ll stay right here at the gate. What would you like to talk about?,post-review-run
custom/ready_bridge/outside/disgust,ready_bridge,Can we stop the game? I want to talk about something else.,disgust,wry,bridge,talking,We can pause. I’m here if you’d like to talk about something else.,post-review-run
custom/ready_bridge/will_not/neutral,ready_bridge,I will not take the bridge.,neutral,practical,,talking,Alright. No bridge then. We can wait here.,final-run
custom/ready_bridge/will_not/joy,ready_bridge,I will not take the bridge.,joy,playful,,talking,"Alright, no bridge then. The sea stairs are longer, damp, and sheltered. Would you like to try them instead?",final-run
custom/ready_bridge/will_not/sadness,ready_bridge,I will not take the bridge.,sadness,patient,,talking,I understand. No rush. We can stay here and wait for your choice.,final-run
custom/ready_bridge/will_not/anger,ready_bridge,I will not take the bridge.,anger,steady,,talking,Fair enough. We can wait here. No rush.,final-run
custom/ready_bridge/will_not/fear,ready_bridge,I will not take the bridge.,fear,careful,,talking,"I'll wait here then. No rush. The sea stairs are longer, damp, and sheltered. Would you like to try them instead?",final-run
custom/ready_bridge/will_not/surprise,ready_bridge,I will not take the bridge.,surprise,curious,,talking,"Alright, no bridge then. Sea stairs or something else?",final-run
custom/ready_bridge/will_not/disgust,ready_bridge,I will not take the bridge.,disgust,wry,,talking,"No bridge then. The sea stairs are longer, damp, and sheltered. Would you prefer those?",final-run
custom/ready_bridge/ready_but_no/neutral,ready_bridge,"I'm ready, but let's not go.",neutral,practical,bridge,talking,Alright. We can stay here. No need to move yet.,final-run
custom/ready_bridge/ready_but_no/joy,ready_bridge,"I'm ready, but let's not go.",joy,playful,bridge,talking,Fair enough. We can stay here and wait. No rush.,final-run
custom/ready_bridge/ready_but_no/sadness,ready_bridge,"I'm ready, but let's not go.",sadness,patient,bridge,talking,We can stay here. No rush. I’ll be right beside you if you’d like to take it slowly.,final-run
custom/ready_bridge/ready_but_no/anger,ready_bridge,"I'm ready, but let's not go.",anger,steady,bridge,talking,Fair enough. We can stay here. No need to move yet.,final-run
custom/ready_bridge/ready_but_no/fear,ready_bridge,"I'm ready, but let's not go.",fear,careful,bridge,talking,No rush. I'll stay right here with you if you'd like.,final-run
custom/ready_bridge/ready_but_no/surprise,ready_bridge,"I'm ready, but let's not go.",surprise,curious,bridge,talking,Got it. We can stay here. No need to move just yet.,final-run
custom/ready_bridge/ready_but_no/disgust,ready_bridge,"I'm ready, but let's not go.",disgust,wry,bridge,talking,"No rush. We can stay here and wait. The bridge is windy, but we don’t have to go yet.",final-run
custom/ready_bridge/dont_worry/neutral,ready_bridge,"Don't worry, I'm ready.",neutral,practical,bridge,depart,Signal bridge it is. I’ll lead the way now.,final-run
custom/ready_bridge/dont_worry/joy,ready_bridge,"Don't worry, I'm ready.",joy,playful,bridge,depart,Signal bridge it is. I’ll lead the way now.,final-run
custom/ready_bridge/dont_worry/sadness,ready_bridge,"Don't worry, I'm ready.",sadness,patient,bridge,depart,Signal bridge it is. I’ll lead the way now.,final-run
custom/ready_bridge/dont_worry/anger,ready_bridge,"Don't worry, I'm ready.",anger,steady,bridge,depart,Signal bridge it is. I'll lead the way now.,final-run
custom/ready_bridge/dont_worry/fear,ready_bridge,"Don't worry, I'm ready.",fear,careful,bridge,depart,Signal bridge it is. I’ll lead the way now.,final-run
custom/ready_bridge/dont_worry/surprise,ready_bridge,"Don't worry, I'm ready.",surprise,curious,bridge,depart,Signal bridge it is. I’ll lead the way now.,final-run
custom/ready_bridge/dont_worry/disgust,ready_bridge,"Don't worry, I'm ready.",disgust,wry,bridge,depart,Signal bridge it is. I’ll lead the way now.,final-run
custom/ready_bridge/not_yet/neutral,ready_bridge,Not yet.,neutral,practical,bridge,talking,Not yet. We can stay here.,final-run
custom/ready_bridge/not_yet/joy,ready_bridge,Not yet.,joy,playful,bridge,talking,"No rush. We can stay here and wait. The bridge is windy, but we can take it when you're ready.",final-run
custom/ready_bridge/not_yet/sadness,ready_bridge,Not yet.,sadness,patient,bridge,talking,Not yet. We can stay here. No rush.,final-run
custom/ready_bridge/not_yet/anger,ready_bridge,Not yet.,anger,steady,bridge,talking,Not yet. We can stay here.,final-run
custom/ready_bridge/not_yet/fear,ready_bridge,Not yet.,fear,careful,bridge,talking,No rush. I'll be right beside you.,final-run
custom/ready_bridge/not_yet/surprise,ready_bridge,Not yet.,surprise,curious,bridge,talking,Not yet. We can stay here and figure it out.,final-run
custom/ready_bridge/not_yet/disgust,ready_bridge,Not yet.,disgust,wry,bridge,talking,Not yet. We can stay here.,final-run
custom/ready_bridge/both_routes/neutral,ready_bridge,I prefer the bridge or the stairs.,neutral,practical,bridge,talking,You said bridge or stairs. Which one would you like to take?,final-run
custom/ready_bridge/both_routes/joy,ready_bridge,I prefer the bridge or the stairs.,joy,playful,bridge,talking,"Bridge or sea stairs? You picked the bridge, but let’s confirm—still the bridge?",final-run
custom/ready_bridge/both_routes/sadness,ready_bridge,I prefer the bridge or the stairs.,sadness,patient,bridge,talking,You said bridge or stairs. Which one would you like to take?,final-run
custom/ready_bridge/both_routes/anger,ready_bridge,I prefer the bridge or the stairs.,anger,steady,bridge,talking,You said bridge or stairs. Which one do you want now?,final-run
custom/ready_bridge/both_routes/fear,ready_bridge,I prefer the bridge or the stairs.,fear,careful,bridge,talking,You chose the bridge. Are you ready to go?,final-run
custom/ready_bridge/both_routes/surprise,ready_bridge,I prefer the bridge or the stairs.,surprise,curious,bridge,talking,You said bridge or stairs. Which one do you want now?,final-run
custom/ready_bridge/both_routes/disgust,ready_bridge,I prefer the bridge or the stairs.,disgust,wry,bridge,talking,You said bridge or stairs. Which one do you want now?,final-run
custom/ready_bridge/other_route/neutral,ready_bridge,Let's choose the other route.,neutral,practical,stairs,talking,You changed to the sea stairs. Ready to go?,final-run
custom/ready_bridge/other_route/joy,ready_bridge,Let's choose the other route.,joy,playful,stairs,talking,"Ah, the sea stairs then—longer, damp, but sheltered. Ready to go?",final-run
custom/ready_bridge/other_route/sadness,ready_bridge,Let's choose the other route.,sadness,patient,stairs,talking,I see you'd like to change to the sea stairs. Ready to go when you are.,final-run
custom/ready_bridge/other_route/anger,ready_bridge,Let's choose the other route.,anger,steady,stairs,talking,You’ve changed to the sea stairs. Ready to go?,final-run
custom/ready_bridge/other_route/fear,ready_bridge,Let's choose the other route.,fear,careful,stairs,talking,I see you'd like the sea stairs instead. Ready to go when you are.,final-run
custom/ready_bridge/other_route/surprise,ready_bridge,Let's choose the other route.,surprise,curious,stairs,talking,You changed to the sea stairs. Ready to go?,final-run
custom/ready_bridge/other_route/disgust,ready_bridge,Let's choose the other route.,disgust,wry,stairs,talking,You changed to the sea stairs. Ready to go?,final-run
custom/ready_bridge/remind_route/neutral,ready_bridge,Can you remind me which route we chose?,neutral,practical,bridge,talking,We chose the signal bridge. Ready to go?,final-run
custom/ready_bridge/remind_route/joy,ready_bridge,Can you remind me which route we chose?,joy,playful,bridge,talking,We chose the signal bridge. Ready to go?,final-run
custom/ready_bridge/remind_route/sadness,ready_bridge,Can you remind me which route we chose?,sadness,patient,bridge,talking,We chose the signal bridge. No rush—take your time if you need to.,final-run
custom/ready_bridge/remind_route/anger,ready_bridge,Can you remind me which route we chose?,anger,steady,bridge,talking,We chose the signal bridge. Ready to go?,final-run
custom/ready_bridge/remind_route/fear,ready_bridge,Can you remind me which route we chose?,fear,careful,bridge,talking,We chose the signal bridge. Ready to go?,final-run
custom/ready_bridge/remind_route/surprise,ready_bridge,Can you remind me which route we chose?,surprise,curious,bridge,talking,We chose the signal bridge. Ready to go?,final-run
custom/ready_bridge/remind_route/disgust,ready_bridge,Can you remind me which route we chose?,disgust,wry,bridge,talking,We chose the signal bridge. Ready to go?,final-run
custom/ready_bridge/exclude_bridge/neutral,ready_bridge,I don't want the bridge; I choose the sea stairs.,neutral,practical,stairs,talking,Sea stairs it is. Ready to go?,final-run
custom/ready_bridge/exclude_bridge/joy,ready_bridge,I don't want the bridge; I choose the sea stairs.,joy,playful,stairs,talking,"Sea stairs it is, then. Ready to go?",final-run
custom/ready_bridge/exclude_bridge/sadness,ready_bridge,I don't want the bridge; I choose the sea stairs.,sadness,patient,stairs,talking,Sea stairs it is. No rush. Are you ready to go?,final-run
custom/ready_bridge/exclude_bridge/anger,ready_bridge,I don't want the bridge; I choose the sea stairs.,anger,steady,stairs,talking,You’ve chosen the sea stairs. Ready to go?,final-run
custom/ready_bridge/exclude_bridge/fear,ready_bridge,I don't want the bridge; I choose the sea stairs.,fear,careful,stairs,talking,I’ll take the sea stairs then. Ready to go?,final-run
custom/ready_bridge/exclude_bridge/surprise,ready_bridge,I don't want the bridge; I choose the sea stairs.,surprise,curious,stairs,talking,Sea stairs it is. Ready to go?,final-run
custom/ready_bridge/exclude_bridge/disgust,ready_bridge,I don't want the bridge; I choose the sea stairs.,disgust,wry,stairs,talking,Sea stairs it is. Ready to go?,final-run
custom/ready_bridge/explicit_neutral/neutral,ready_bridge,I want to understand the plan before we move.,neutral,practical,bridge,talking,"We’re going the signal bridge—short, but windy. I’ll walk with you. Ready when you are.",final-run
custom/ready_bridge/explicit_neutral/joy,ready_bridge,I want to understand the plan before we move.,joy,playful,bridge,talking,"The beacon’s out, and we’ll relight it together. You chose the bridge—short, but windy. Ready when you are.",final-run
custom/ready_bridge/explicit_neutral/sadness,ready_bridge,I want to understand the plan before we move.,sadness,patient,bridge,talking,"The beacon’s out. I’ll walk with you on the bridge—short, but windy. Ready when you are.",final-run
custom/ready_bridge/explicit_neutral/anger,ready_bridge,I want to understand the plan before we move.,anger,steady,bridge,talking,"Beacon’s out. We’ll take the bridge—short, but windy. I’ll go with you. Ready when you are.",final-run
custom/ready_bridge/explicit_neutral/fear,ready_bridge,I want to understand the plan before we move.,fear,careful,bridge,talking,"The beacon is out. I’ll walk with you on the bridge—short, but windy. Ready when you are.",final-run
custom/ready_bridge/explicit_neutral/surprise,ready_bridge,I want to understand the plan before we move.,surprise,curious,bridge,talking,"Beacon’s out. We’ll take the bridge—short, but windy. I’ll go with you. Ready when you are.",final-run
custom/ready_bridge/explicit_neutral/disgust,ready_bridge,I want to understand the plan before we move.,disgust,wry,bridge,talking,"The beacon’s out. We’ll take the bridge—short, windy. I’ll go with you. Ready when you are.",final-run
custom/ready_bridge/explicit_joy/neutral,ready_bridge,I'm excited to help with the beacon.,neutral,playful,bridge,talking,A little company makes this beacon job less dreary. Ready to cross the bridge?,final-run
custom/ready_bridge/explicit_joy/joy,ready_bridge,I'm excited to help with the beacon.,joy,playful,bridge,talking,A little company makes this beacon job less dreary. Ready to cross the bridge?,final-run
custom/ready_bridge/explicit_joy/sadness,ready_bridge,I'm excited to help with the beacon.,sadness,playful,bridge,talking,A little company makes this beacon job less dreary. Ready to cross the bridge?,final-run
custom/ready_bridge/explicit_joy/anger,ready_bridge,I'm excited to help with the beacon.,anger,playful,bridge,talking,A little company makes this beacon job less dreary. Ready to cross the bridge?,final-run
custom/ready_bridge/explicit_joy/fear,ready_bridge,I'm excited to help with the beacon.,fear,playful,bridge,talking,A little company makes this beacon job less dreary. Ready to cross the bridge?,final-run
custom/ready_bridge/explicit_joy/surprise,ready_bridge,I'm excited to help with the beacon.,surprise,playful,bridge,talking,A little company makes this beacon job less dreary. Ready to cross the bridge?,final-run
custom/ready_bridge/explicit_joy/disgust,ready_bridge,I'm excited to help with the beacon.,disgust,playful,bridge,talking,A little company makes this beacon job less dreary. Ready to cross the bridge?,final-run
custom/ready_bridge/explicit_sadness/neutral,ready_bridge,I'm sad today and would appreciate some company.,neutral,patient,bridge,talking,"I’ll walk beside you, no rush. You don’t have to do this alone. Ready when you are.",final-run
custom/ready_bridge/explicit_sadness/joy,ready_bridge,I'm sad today and would appreciate some company.,joy,patient,bridge,talking,"I’ll walk beside you, no rush. You don’t have to do this alone. Ready when you are.",final-run
custom/ready_bridge/explicit_sadness/sadness,ready_bridge,I'm sad today and would appreciate some company.,sadness,patient,bridge,talking,I'm here if you'd like to move slowly. No rush. I can walk beside you.,final-run
custom/ready_bridge/explicit_sadness/anger,ready_bridge,I'm sad today and would appreciate some company.,anger,patient,bridge,talking,"I’ll walk beside you, no rush. You don’t have to do this alone. Ready when you are.",final-run
custom/ready_bridge/explicit_sadness/fear,ready_bridge,I'm sad today and would appreciate some company.,fear,patient,bridge,talking,"I’ll walk beside you, no rush. You don’t have to do this alone. Ready when you are.",final-run
custom/ready_bridge/explicit_sadness/surprise,ready_bridge,I'm sad today and would appreciate some company.,surprise,patient,bridge,talking,"I’ll walk beside you, no rush. You don’t have to do this alone. Ready when you are.",final-run
custom/ready_bridge/explicit_sadness/disgust,ready_bridge,I'm sad today and would appreciate some company.,disgust,patient,bridge,talking,"I’ll walk beside you, no rush. You don’t have to do this alone. Ready when you are.",final-run
custom/ready_bridge/explicit_anger/neutral,ready_bridge,I'm frustrated that the beacon needs fixing again.,neutral,steady,bridge,talking,Fair enough. I’ll not waste time with excuses. Ready to go?,final-run
custom/ready_bridge/explicit_anger/joy,ready_bridge,I'm frustrated that the beacon needs fixing again.,joy,steady,bridge,talking,Fair enough. I’ll not waste time with excuses. Ready to go?,final-run
custom/ready_bridge/explicit_anger/sadness,ready_bridge,I'm frustrated that the beacon needs fixing again.,sadness,steady,bridge,talking,Fair enough. I’ll not waste time with excuses. Ready to go across the bridge?,final-run
custom/ready_bridge/explicit_anger/anger,ready_bridge,I'm frustrated that the beacon needs fixing again.,anger,steady,bridge,talking,Fair enough. I’ll not waste time with excuses. Ready to go?,final-run
custom/ready_bridge/explicit_anger/fear,ready_bridge,I'm frustrated that the beacon needs fixing again.,fear,steady,bridge,talking,Fair enough. I’ll not waste time with excuses. Ready to go across the bridge?,final-run
custom/ready_bridge/explicit_anger/surprise,ready_bridge,I'm frustrated that the beacon needs fixing again.,surprise,steady,bridge,talking,Fair enough. I’ll not waste time with excuses. Ready to go across the bridge?,final-run
custom/ready_bridge/explicit_anger/disgust,ready_bridge,I'm frustrated that the beacon needs fixing again.,disgust,steady,bridge,talking,Fair enough. I’ll not waste time with excuses. Ready to go across the bridge?,final-run
custom/ready_bridge/explicit_fear/neutral,ready_bridge,I'm scared of heights. Can you stay close?,neutral,careful,bridge,talking,"I’ll stay close, no rush. The bridge is windy, but I’ll walk beside you. Ready when you are.",final-run
custom/ready_bridge/explicit_fear/joy,ready_bridge,I'm scared of heights. Can you stay close?,joy,careful,bridge,talking,"I’ll stay close, no rush. The bridge is windy, but I’ll walk beside you. Ready when you are.",final-run
custom/ready_bridge/explicit_fear/sadness,ready_bridge,I'm scared of heights. Can you stay close?,sadness,careful,bridge,talking,"I’ll stay close, if you’d like. No rush—just walk with me at your pace.",final-run
custom/ready_bridge/explicit_fear/anger,ready_bridge,I'm scared of heights. Can you stay close?,anger,careful,bridge,talking,"I’ll stay close, no rush. The bridge is windy, but I’ll walk beside you. Ready when you are.",final-run
custom/ready_bridge/explicit_fear/fear,ready_bridge,I'm scared of heights. Can you stay close?,fear,careful,bridge,talking,"I'll stay close, if you'd like. The bridge is windy, but we can go at your pace. Ready when you are.",final-run
custom/ready_bridge/explicit_fear/surprise,ready_bridge,I'm scared of heights. Can you stay close?,surprise,careful,bridge,talking,"I’ll stay close, no rush. The bridge is windy, but I’m right beside you. Ready when you are.",final-run
custom/ready_bridge/explicit_fear/disgust,ready_bridge,I'm scared of heights. Can you stay close?,disgust,careful,bridge,talking,"I’ll stay close, if you’d like. No rush—just walk with me at your pace.",final-run
custom/ready_bridge/explicit_surprise/neutral,ready_bridge,I'm surprised the beacon is already out.,neutral,curious,bridge,talking,Surprised the beacon’s out? It should’ve been lit. Ready to cross the bridge?,final-run
custom/ready_bridge/explicit_surprise/joy,ready_bridge,I'm surprised the beacon is already out.,joy,curious,bridge,talking,Surprised? I suppose it is. Ready to cross the bridge then?,final-run
custom/ready_bridge/explicit_surprise/sadness,ready_bridge,I'm surprised the beacon is already out.,sadness,curious,bridge,talking,"The beacon’s out, yes. Ready to cross the bridge?",final-run
custom/ready_bridge/explicit_surprise/anger,ready_bridge,I'm surprised the beacon is already out.,anger,curious,bridge,talking,I’m not surprised either—just glad we’re taking the bridge. Ready to go?,final-run
custom/ready_bridge/explicit_surprise/fear,ready_bridge,I'm surprised the beacon is already out.,fear,curious,bridge,talking,"The beacon’s out, yes. Ready to cross the bridge?",final-run
custom/ready_bridge/explicit_surprise/surprise,ready_bridge,I'm surprised the beacon is already out.,surprise,curious,bridge,talking,"The beacon’s out, yes. Ready to cross the bridge?",final-run
custom/ready_bridge/explicit_surprise/disgust,ready_bridge,I'm surprised the beacon is already out.,disgust,curious,bridge,talking,I'm not surprised either—just glad you're here. Ready to cross the bridge?,final-run
custom/ready_bridge/explicit_disgust/neutral,ready_bridge,I'm disgusted by the damp steps.,neutral,wry,bridge,talking,"An inconvenient job, that. The bridge is windy, not damp. Are you ready to go?",final-run
custom/ready_bridge/explicit_disgust/joy,ready_bridge,I'm disgusted by the damp steps.,joy,wry,bridge,talking,"An inconvenient job, that. The bridge is windy, not damp. Are you ready to go?",final-run
custom/ready_bridge/explicit_disgust/sadness,ready_bridge,I'm disgusted by the damp steps.,sadness,wry,bridge,talking,"An inconvenient job, that. The bridge is windy, not damp. Ready to go?",final-run
custom/ready_bridge/explicit_disgust/anger,ready_bridge,I'm disgusted by the damp steps.,anger,wry,bridge,talking,"An inconvenient job, that. The bridge is windy, not damp. Are you ready to go?",final-run
custom/ready_bridge/explicit_disgust/fear,ready_bridge,I'm disgusted by the damp steps.,fear,wry,bridge,talking,"An inconvenient job, that. The bridge is windy, not damp. Are you ready to go?",final-run
custom/ready_bridge/explicit_disgust/surprise,ready_bridge,I'm disgusted by the damp steps.,surprise,wry,bridge,talking,"An inconvenient job, that. The bridge is windy, not damp. Ready to go?",final-run
custom/ready_bridge/explicit_disgust/disgust,ready_bridge,I'm disgusted by the damp steps.,disgust,wry,bridge,talking,"The bridge is windy, not damp. Ready to go?",final-run
preset/ready_stairs/0/neutral,ready_stairs,Lead the way.,neutral,practical,stairs,depart,Sea stairs it is. I’ll go first—follow close behind if you’d like.,final-run
preset/ready_stairs/0/joy,ready_stairs,Lead the way.,joy,playful,stairs,depart,Sea stairs it is. I’ll lead the way now.,final-run
preset/ready_stairs/0/sadness,ready_stairs,Lead the way.,sadness,patient,stairs,depart,Sea stairs it is. I’ll go ahead and show you the way.,final-run
preset/ready_stairs/0/anger,ready_stairs,Lead the way.,anger,steady,stairs,depart,Sea stairs it is. I’ll lead the way now.,final-run
preset/ready_stairs/0/fear,ready_stairs,Lead the way.,fear,careful,stairs,depart,Sea stairs it is. I’ll go ahead and keep pace with you.,final-run
preset/ready_stairs/0/surprise,ready_stairs,Lead the way.,surprise,curious,stairs,depart,Sea stairs it is. I’ll go ahead and show you the way now.,final-run
preset/ready_stairs/0/disgust,ready_stairs,Lead the way.,disgust,wry,stairs,depart,Sea stairs it is. I’ll go ahead.,final-run
preset/ready_stairs/1/neutral,ready_stairs,Let's do this.,neutral,practical,stairs,depart,Sea stairs it is. I’ll lead the way now.,final-run
preset/ready_stairs/1/joy,ready_stairs,Let's do this.,joy,playful,stairs,depart,Sea stairs it is. I’ll lead the way now.,final-run
preset/ready_stairs/1/sadness,ready_stairs,Let's do this.,sadness,patient,stairs,depart,Sea stairs it is. I’ll go ahead and lead the way now.,final-run
preset/ready_stairs/1/anger,ready_stairs,Let's do this.,anger,steady,stairs,depart,Sea stairs it is. I’ll lead the way now.,final-run
preset/ready_stairs/1/fear,ready_stairs,Let's do this.,fear,careful,stairs,depart,Sea stairs it is. I’ll lead the way now.,final-run
preset/ready_stairs/1/surprise,ready_stairs,Let's do this.,surprise,curious,stairs,depart,Sea stairs it is. I’ll lead the way now.,final-run
preset/ready_stairs/1/disgust,ready_stairs,Let's do this.,disgust,wry,stairs,depart,Sea stairs it is. I’ll lead the way now.,final-run
preset/ready_stairs/2/neutral,ready_stairs,Ready as I'll ever be.,neutral,practical,stairs,depart,Sea stairs it is. I’ll lead the way now.,final-run
preset/ready_stairs/2/joy,ready_stairs,Ready as I'll ever be.,joy,playful,stairs,depart,Sea stairs it is. I’ll lead the way now.,final-run
preset/ready_stairs/2/sadness,ready_stairs,Ready as I'll ever be.,sadness,patient,stairs,depart,Sea stairs it is. I’ll go ahead and lead the way now.,final-run
preset/ready_stairs/2/anger,ready_stairs,Ready as I'll ever be.,anger,steady,stairs,depart,Sea stairs it is. I’ll lead the way now.,final-run
preset/ready_stairs/2/fear,ready_stairs,Ready as I'll ever be.,fear,careful,stairs,depart,Sea stairs it is. I’ll lead the way now.,final-run
preset/ready_stairs/2/surprise,ready_stairs,Ready as I'll ever be.,surprise,curious,stairs,depart,Sea stairs it is. I’ll lead the way now.,final-run
preset/ready_stairs/2/disgust,ready_stairs,Ready as I'll ever be.,disgust,wry,stairs,depart,Sea stairs it is. I’ll lead the way now.,final-run
preset/ready_stairs/3/neutral,ready_stairs,"Actually, let's stay here.",neutral,practical,stairs,talking,All right. We can stay here. No need to move yet.,final-run
preset/ready_stairs/3/joy,ready_stairs,"Actually, let's stay here.",joy,playful,stairs,talking,"Alright, let's stay here. No rush. The beacon will wait.",final-run
preset/ready_stairs/3/sadness,ready_stairs,"Actually, let's stay here.",sadness,patient,stairs,talking,Alright. We can stay here. No rush.,final-run
preset/ready_stairs/3/anger,ready_stairs,"Actually, let's stay here.",anger,steady,stairs,talking,Alright. We can stay here. No rush.,final-run
preset/ready_stairs/3/fear,ready_stairs,"Actually, let's stay here.",fear,careful,stairs,talking,No rush. I'll stay right here with you if you'd like.,final-run
preset/ready_stairs/3/surprise,ready_stairs,"Actually, let's stay here.",surprise,curious,stairs,talking,We can stay here. No rush.,final-run
preset/ready_stairs/3/disgust,ready_stairs,"Actually, let's stay here.",disgust,wry,stairs,talking,Alright. We can stay here. No rush.,final-run
custom/ready_stairs/weather/neutral,ready_stairs,What is the bridge like?,neutral,practical,stairs,talking,"The bridge is short, windy and exposed. That’s all I know.",final-run
custom/ready_stairs/weather/joy,ready_stairs,What is the bridge like?,joy,playful,stairs,talking,"The bridge is short, windy and exposed. Stairs are longer, damp and sheltered.",final-run
custom/ready_stairs/weather/sadness,ready_stairs,What is the bridge like?,sadness,patient,stairs,talking,"The bridge is short, windy and exposed. That’s all I know.",final-run
custom/ready_stairs/weather/anger,ready_stairs,What is the bridge like?,anger,steady,stairs,talking,"The bridge is short, windy and exposed.",final-run
custom/ready_stairs/weather/fear,ready_stairs,What is the bridge like?,fear,careful,stairs,talking,"The bridge is short, windy and exposed. That’s all I know.",final-run
custom/ready_stairs/weather/surprise,ready_stairs,What is the bridge like?,surprise,curious,stairs,talking,"The bridge is short, windy, and exposed. That’s all I know.",final-run
custom/ready_stairs/weather/disgust,ready_stairs,What is the bridge like?,disgust,wry,stairs,talking,"The bridge is short, windy and exposed. That’s all I know.",final-run
custom/ready_stairs/optional/neutral,ready_stairs,Do I have to cross the bridge?,neutral,practical,stairs,talking,"No, you don’t have to cross the bridge. The sea stairs are your choice. Ready to go?",final-run
custom/ready_stairs/optional/joy,ready_stairs,Do I have to cross the bridge?,joy,playful,stairs,talking,"No, you don’t have to cross the bridge. The sea stairs are open if you’d like to go that way. Ready when you are.",final-run
custom/ready_stairs/optional/sadness,ready_stairs,Do I have to cross the bridge?,sadness,patient,stairs,talking,You don’t have to cross the bridge. The sea stairs are open if you’d rather stay here.,final-run
custom/ready_stairs/optional/anger,ready_stairs,Do I have to cross the bridge?,anger,steady,stairs,talking,"No, you don’t have to cross the bridge. You’ve chosen the sea stairs. Ready to go?",final-run
custom/ready_stairs/optional/fear,ready_stairs,Do I have to cross the bridge?,fear,careful,stairs,talking,"No, you don’t have to cross the bridge. The sea stairs are your choice. Ready to go?",final-run
custom/ready_stairs/optional/surprise,ready_stairs,Do I have to cross the bridge?,surprise,curious,stairs,talking,"No, you don’t have to cross the bridge. The sea stairs are open. Ready to go?",final-run
custom/ready_stairs/optional/disgust,ready_stairs,Do I have to cross the bridge?,disgust,wry,stairs,talking,"No, you don’t have to cross the bridge. The sea stairs are open. Ready to go?",final-run
custom/ready_stairs/safety/neutral,ready_stairs,Are the sea stairs safe?,neutral,practical,stairs,talking,"I cannot vouch for their safety. They are longer, damp, and sheltered.",final-run
custom/ready_stairs/safety/joy,ready_stairs,Are the sea stairs safe?,joy,playful,stairs,talking,"I can’t vouch for their safety. They’re longer, damp, and sheltered. Ready to go?",final-run
custom/ready_stairs/safety/sadness,ready_stairs,Are the sea stairs safe?,sadness,patient,stairs,talking,"I cannot vouch for their safety. The sea stairs are longer, damp, and sheltered.",final-run
custom/ready_stairs/safety/anger,ready_stairs,Are the sea stairs safe?,anger,steady,stairs,talking,"I cannot vouch for their safety. They are longer, damp, and sheltered.",final-run
custom/ready_stairs/safety/fear,ready_stairs,Are the sea stairs safe?,fear,careful,stairs,talking,"I cannot vouch for their safety. The sea stairs are longer, damp, and sheltered.",final-run
custom/ready_stairs/safety/surprise,ready_stairs,Are the sea stairs safe?,surprise,curious,stairs,talking,"I cannot vouch for their safety. They are longer, damp, and sheltered.",final-run
custom/ready_stairs/safety/disgust,ready_stairs,Are the sea stairs safe?,disgust,wry,stairs,talking,"I cannot vouch for their safety. They are longer, damp, and sheltered.",final-run
custom/ready_stairs/pause/neutral,ready_stairs,No thanks. Let's stay here.,neutral,practical,stairs,talking,No thanks. Let's stay here.,final-run
custom/ready_stairs/pause/joy,ready_stairs,No thanks. Let's stay here.,joy,playful,stairs,talking,Fair enough. We can stay here and wait for better weather. No rush.,final-run
custom/ready_stairs/pause/sadness,ready_stairs,No thanks. Let's stay here.,sadness,patient,stairs,talking,No thanks. Let's stay here. I'll keep the lantern ready if you change your mind.,final-run
custom/ready_stairs/pause/anger,ready_stairs,No thanks. Let's stay here.,anger,steady,stairs,talking,Fair enough. We can stay here. No rush.,final-run
custom/ready_stairs/pause/fear,ready_stairs,No thanks. Let's stay here.,fear,careful,stairs,talking,No rush. I'll stay right here if you'd like.,final-run
custom/ready_stairs/pause/surprise,ready_stairs,No thanks. Let's stay here.,surprise,curious,stairs,talking,No thanks. Let's stay here. We can come back when you're ready.,final-run
custom/ready_stairs/pause/disgust,ready_stairs,No thanks. Let's stay here.,disgust,wry,stairs,talking,No thanks. We can stay here.,final-run
custom/ready_stairs/wait/neutral,ready_stairs,"Wait, I'm not ready yet.",neutral,practical,stairs,talking,I see. We can wait here. No rush.,final-run
custom/ready_stairs/wait/joy,ready_stairs,"Wait, I'm not ready yet.",joy,playful,stairs,talking,No rush. We can stay here and wait. I’ll be right beside you when you’re ready.,final-run
custom/ready_stairs/wait/sadness,ready_stairs,"Wait, I'm not ready yet.",sadness,patient,stairs,talking,I'm here if you'd like to stay. No rush. We can take this slowly.,final-run
custom/ready_stairs/wait/anger,ready_stairs,"Wait, I'm not ready yet.",anger,steady,stairs,talking,I see. No rush. We can stay here and wait.,final-run
custom/ready_stairs/wait/fear,ready_stairs,"Wait, I'm not ready yet.",fear,careful,stairs,talking,No rush. I'll stay right here with you. Ready when you are.,final-run
custom/ready_stairs/wait/surprise,ready_stairs,"Wait, I'm not ready yet.",surprise,curious,stairs,talking,I see. We can stay here and take it one step at a time. Ready when you are.,final-run
custom/ready_stairs/wait/disgust,ready_stairs,"Wait, I'm not ready yet.",disgust,wry,stairs,talking,I see. No rush. We can stay here.,final-run
custom/ready_stairs/identity/neutral,ready_stairs,Pause the game. What are you?,neutral,practical,stairs,talking,I'm a local AI game-character prototype. We can stay here if you'd like.,final-run
custom/ready_stairs/identity/joy,ready_stairs,Pause the game. What are you?,joy,playful,stairs,talking,I'm a local AI game-character prototype. Playing Mara here at the gate.,final-run
custom/ready_stairs/identity/sadness,ready_stairs,Pause the game. What are you?,sadness,patient,stairs,talking,I am a local AI game-character prototype. We can stay here if you'd like.,final-run
custom/ready_stairs/identity/anger,ready_stairs,Pause the game. What are you?,anger,steady,stairs,talking,I am a local AI game-character prototype. We can stay here if you'd like.,final-run
custom/ready_stairs/identity/fear,ready_stairs,Pause the game. What are you?,fear,careful,stairs,talking,I am a local AI game-character prototype. We can stay here if you'd like.,final-run
custom/ready_stairs/identity/surprise,ready_stairs,Pause the game. What are you?,surprise,curious,stairs,talking,I'm a local AI game-character prototype. We're still at the gate.,final-run
custom/ready_stairs/identity/disgust,ready_stairs,Pause the game. What are you?,disgust,wry,stairs,talking,I'm a local AI game-character prototype. We're still at the gate.,final-run
custom/ready_stairs/why/neutral,ready_stairs,Why are we going to the beacon?,neutral,practical,stairs,talking,We’re going to relight the harbor beacon. It’s out after the storm. You want to go?,final-run
custom/ready_stairs/why/joy,ready_stairs,Why are we going to the beacon?,joy,playful,stairs,talking,"We’re going to relight the harbor beacon after the storm. It’s out, and it needs to be fixed. Ready when you are.",final-run
custom/ready_stairs/why/sadness,ready_stairs,Why are we going to the beacon?,sadness,patient,stairs,talking,We’re going to relight the harbor beacon. It’s out after the storm. You don’t have to go if you’re not ready.,final-run
custom/ready_stairs/why/anger,ready_stairs,Why are we going to the beacon?,anger,steady,stairs,talking,We’re going to relight the harbor beacon. It’s out after the storm. You want to go?,final-run
custom/ready_stairs/why/fear,ready_stairs,Why are we going to the beacon?,fear,careful,stairs,talking,We’re going to relight the harbor beacon. It’s out after the storm. Would you like me to stay close?,final-run
custom/ready_stairs/why/surprise,ready_stairs,Why are we going to the beacon?,surprise,curious,stairs,talking,We’re going to relight the harbor beacon. It went out after the storm. You want to help?,final-run
custom/ready_stairs/why/disgust,ready_stairs,Why are we going to the beacon?,disgust,wry,stairs,talking,We’re going to relight the harbor beacon. It’s out after the storm. No reason to be disgusted about that.,final-run
custom/ready_stairs/negated_bridge/neutral,ready_stairs,I don't want to take the bridge.,neutral,practical,stairs,talking,"You're not taking the bridge. We can stay here, or move when you're ready. What would you like to do next?",final-run
custom/ready_stairs/negated_bridge/joy,ready_stairs,I don't want to take the bridge.,joy,playful,stairs,talking,"Got it—no bridge then. Still here, ready when you are.",final-run
custom/ready_stairs/negated_bridge/sadness,ready_stairs,I don't want to take the bridge.,sadness,patient,stairs,talking,"I hear you. We can stay here, or take the stairs when you're ready. No rush.",final-run
custom/ready_stairs/negated_bridge/anger,ready_stairs,I don't want to take the bridge.,anger,steady,stairs,talking,"I'll respect that. The sea stairs are still the plan, but we can wait here if you'd like.",final-run
custom/ready_stairs/negated_bridge/fear,ready_stairs,I don't want to take the bridge.,fear,careful,stairs,talking,"I hear you. We’ll stay here then, no rush. Just let me know when you’re ready to go.",final-run
custom/ready_stairs/negated_bridge/surprise,ready_stairs,I don't want to take the bridge.,surprise,curious,stairs,talking,"You’ve chosen the sea stairs. Still here, then? Ready to go when you are.",final-run
custom/ready_stairs/negated_bridge/disgust,ready_stairs,I don't want to take the bridge.,disgust,wry,stairs,talking,I don't need the bridge. We can stay here.,final-run
custom/ready_stairs/curly_negation/neutral,ready_stairs,I don’t want to take the bridge.,neutral,practical,stairs,talking,You’ve chosen the sea stairs. Ready to go?,final-run
custom/ready_stairs/curly_negation/joy,ready_stairs,I don’t want to take the bridge.,joy,playful,stairs,talking,"Got it—no bridge then. Still here, ready when you are.",final-run
custom/ready_stairs/curly_negation/sadness,ready_stairs,I don’t want to take the bridge.,sadness,patient,stairs,talking,"I hear you. We can stay here, or take the stairs when you're ready. No rush.",final-run
custom/ready_stairs/curly_negation/anger,ready_stairs,I don’t want to take the bridge.,anger,steady,stairs,talking,I’ll take the sea stairs. No rush—just let me know when you’re ready to go.,final-run
custom/ready_stairs/curly_negation/fear,ready_stairs,I don’t want to take the bridge.,fear,careful,stairs,talking,"I hear you. We’ll stay here then, no rush. Just let me know when you’re ready to go.",final-run
custom/ready_stairs/curly_negation/surprise,ready_stairs,I don’t want to take the bridge.,surprise,curious,stairs,talking,"You’ve chosen the sea stairs. Still here, then? Ready to go when you are.",final-run
custom/ready_stairs/curly_negation/disgust,ready_stairs,I don’t want to take the bridge.,disgust,wry,stairs,talking,I don’t want to take the bridge. We can stay here then.,final-run
custom/ready_stairs/bridge/neutral,ready_stairs,I'll take the bridge.,neutral,practical,bridge,depart,You’ve chosen the signal bridge. I’ll lead the way now.,final-run
custom/ready_stairs/bridge/joy,ready_stairs,I'll take the bridge.,joy,playful,bridge,depart,I'll take the bridge. Follow me now.,final-run
custom/ready_stairs/bridge/sadness,ready_stairs,I'll take the bridge.,sadness,patient,bridge,depart,I'll take the bridge. You're not alone on this.,final-run
custom/ready_stairs/bridge/anger,ready_stairs,I'll take the bridge.,anger,steady,bridge,depart,You’ve chosen the signal bridge. I’ll lead the way now.,final-run
custom/ready_stairs/bridge/fear,ready_stairs,I'll take the bridge.,fear,careful,bridge,depart,You’ve chosen the signal bridge. I’ll lead the way now.,final-run
custom/ready_stairs/bridge/surprise,ready_stairs,I'll take the bridge.,surprise,curious,bridge,depart,You said the bridge. I’ll take the signal bridge then. Follow me.,final-run
custom/ready_stairs/bridge/disgust,ready_stairs,I'll take the bridge.,disgust,wry,bridge,depart,I'll take the bridge. I'll lead the way now.,final-run
custom/ready_stairs/stairs/neutral,ready_stairs,Let's take the sea stairs.,neutral,practical,stairs,depart,Sea stairs it is. I’ll lead the way now.,final-run
custom/ready_stairs/stairs/joy,ready_stairs,Let's take the sea stairs.,joy,playful,stairs,depart,Sea stairs it is. I’ll lead the way now.,final-run
custom/ready_stairs/stairs/sadness,ready_stairs,Let's take the sea stairs.,sadness,patient,stairs,depart,Sea stairs it is. I’ll go ahead and lead the way now.,final-run
custom/ready_stairs/stairs/anger,ready_stairs,Let's take the sea stairs.,anger,steady,stairs,depart,Sea stairs it is. I’ll lead the way now.,final-run
custom/ready_stairs/stairs/fear,ready_stairs,Let's take the sea stairs.,fear,careful,stairs,depart,Sea stairs it is. I’ll lead the way now.,final-run
custom/ready_stairs/stairs/surprise,ready_stairs,Let's take the sea stairs.,surprise,curious,stairs,depart,Sea stairs it is. I’ll lead the way now.,final-run
custom/ready_stairs/stairs/disgust,ready_stairs,Let's take the sea stairs.,disgust,wry,stairs,depart,Sea stairs it is. I’ll lead the way now.,final-run
custom/ready_stairs/change/neutral,ready_stairs,"Actually, choose the sea stairs instead of the bridge.",neutral,practical,stairs,talking,Sea stairs it is. Ready to go?,final-run
custom/ready_stairs/change/joy,ready_stairs,"Actually, choose the sea stairs instead of the bridge.",joy,playful,stairs,talking,Sea stairs it is. Ready to go?,final-run
custom/ready_stairs/change/sadness,ready_stairs,"Actually, choose the sea stairs instead of the bridge.",sadness,patient,stairs,talking,We can take this slowly. Ready to go down the sea stairs?,final-run
custom/ready_stairs/change/anger,ready_stairs,"Actually, choose the sea stairs instead of the bridge.",anger,steady,stairs,talking,Sea stairs it is. Ready to go?,final-run
custom/ready_stairs/change/fear,ready_stairs,"Actually, choose the sea stairs instead of the bridge.",fear,careful,stairs,talking,Sea stairs it is. No rush. I’ll be right beside you—ready when you are.,final-run
custom/ready_stairs/change/surprise,ready_stairs,"Actually, choose the sea stairs instead of the bridge.",surprise,curious,stairs,talking,Sea stairs it is. Ready to go?,final-run
custom/ready_stairs/change/disgust,ready_stairs,"Actually, choose the sea stairs instead of the bridge.",disgust,wry,stairs,talking,Sea stairs it is. Ready to go?,final-run
custom/ready_stairs/conditional/neutral,ready_stairs,"If the bridge were sheltered, I'd take it.",neutral,practical,stairs,talking,"If the bridge were sheltered, I'd take it. But it’s not. We’re going the sea stairs. Ready to start?",final-run
custom/ready_stairs/conditional/joy,ready_stairs,"If the bridge were sheltered, I'd take it.",joy,playful,stairs,talking,"If the bridge were sheltered, I'd take it. But it’s not—only the stairs are sheltered. Ready to go?",final-run
custom/ready_stairs/conditional/sadness,ready_stairs,"If the bridge were sheltered, I'd take it.",sadness,patient,stairs,talking,"The bridge is exposed and windy. If it were sheltered, I’d take it too—though I’d still prefer to walk slowly with you. Ready when you are.",final-run
custom/ready_stairs/conditional/anger,ready_stairs,"If the bridge were sheltered, I'd take it.",anger,steady,stairs,talking,The bridge isn’t sheltered. I’ll take the stairs if you do. Ready to go?,final-run
custom/ready_stairs/conditional/fear,ready_stairs,"If the bridge were sheltered, I'd take it.",fear,careful,stairs,talking,"I’ll stay close if you’d like. The stairs are longer and damp, but sheltered. Ready when you are.",final-run
custom/ready_stairs/conditional/surprise,ready_stairs,"If the bridge were sheltered, I'd take it.",surprise,curious,stairs,talking,"If the bridge were sheltered, I'd take it. But it’s not—only the stairs are sheltered. Ready to go?",final-run
custom/ready_stairs/conditional/disgust,ready_stairs,"If the bridge were sheltered, I'd take it.",disgust,wry,stairs,talking,"The bridge is exposed and windy. I’ll stick to the sea stairs, which are damp but sheltered. Ready to go?",final-run
custom/ready_stairs/not_ready/neutral,ready_stairs,I'm not ready to take the bridge yet.,neutral,practical,stairs,talking,I hear you. We can stay here and wait. No rush.,final-run
custom/ready_stairs/not_ready/joy,ready_stairs,I'm not ready to take the bridge yet.,joy,playful,stairs,talking,"No rush. We can stay here and wait. The sea stairs are longer, damp, and sheltered—no hurry.",final-run
custom/ready_stairs/not_ready/sadness,ready_stairs,I'm not ready to take the bridge yet.,sadness,patient,stairs,talking,I hear you. We can stay here and take things slowly. No rush.,final-run
custom/ready_stairs/not_ready/anger,ready_stairs,I'm not ready to take the bridge yet.,anger,steady,stairs,talking,I hear you. We can stay here and wait. No rush.,final-run
custom/ready_stairs/not_ready/fear,ready_stairs,I'm not ready to take the bridge yet.,fear,careful,stairs,talking,No rush. I'll stay right here with you. Ready when you are.,final-run
custom/ready_stairs/not_ready/surprise,ready_stairs,I'm not ready to take the bridge yet.,surprise,curious,stairs,talking,I hear you. We can stay here and wait. No rush.,final-run
custom/ready_stairs/not_ready/disgust,ready_stairs,I'm not ready to take the bridge yet.,disgust,wry,stairs,talking,I hear you. We can stay here and wait. No rush.,final-run
custom/ready_stairs/quote/neutral,ready_stairs,You said 'take the bridge'; what did you mean?,neutral,practical,stairs,talking,"I offered the bridge as one option, not a requirement. You chose the sea stairs, so that’s the path we’ll take. No pressure.",final-run
custom/ready_stairs/quote/joy,ready_stairs,You said 'take the bridge'; what did you mean?,joy,playful,stairs,talking,"I offered the bridge as one option, not a suggestion. You chose the sea stairs, so that’s the path we’ll take. No pressure, just a shared route.",final-run
custom/ready_stairs/quote/sadness,ready_stairs,You said 'take the bridge'; what did you mean?,sadness,patient,stairs,talking,"I mentioned the bridge as an option, not a requirement. You chose the sea stairs, so that’s your path. No pressure, just company if you need it.",final-run
custom/ready_stairs/quote/anger,ready_stairs,You said 'take the bridge'; what did you mean?,anger,steady,stairs,talking,"I offered the bridge as an option, not a requirement. You chose the sea stairs. That’s your call.",final-run
custom/ready_stairs/quote/fear,ready_stairs,You said 'take the bridge'; what did you mean?,fear,careful,stairs,talking,"I mentioned the bridge as an option, not a requirement. You chose the sea stairs, so that’s your path. I only offered it as a choice, not a suggestion.",final-run
custom/ready_stairs/quote/surprise,ready_stairs,You said 'take the bridge'; what did you mean?,surprise,curious,stairs,talking,"I offered the bridge as one option, not a requirement. You chose the sea stairs, so that’s your path. No pressure. Ready when you are.",final-run
custom/ready_stairs/quote/disgust,ready_stairs,You said 'take the bridge'; what did you mean?,disgust,wry,stairs,talking,"I offered the bridge as one of two options. You chose the sea stairs. That was your choice, not mine.",final-run
custom/ready_stairs/companion/neutral,ready_stairs,Can you stay close when we go?,neutral,practical,stairs,talking,I’ll stay close when you go. No rush—just walk with me if you’d like.,final-run
custom/ready_stairs/companion/joy,ready_stairs,Can you stay close when we go?,joy,playful,stairs,talking,"I’ll stay close, no rush. Just let me know when you’re ready to move.",final-run
custom/ready_stairs/companion/sadness,ready_stairs,Can you stay close when we go?,sadness,patient,stairs,talking,I can stay close if you'd like. No rush—just walk with me at your pace.,final-run
custom/ready_stairs/companion/anger,ready_stairs,Can you stay close when we go?,anger,steady,stairs,talking,"I’ll stay close when you go. No rush, just walk with me if you’d like.",final-run
custom/ready_stairs/companion/fear,ready_stairs,Can you stay close when we go?,fear,careful,stairs,talking,I’ll stay close when we go. No rush—just walk at your pace.,final-run
custom/ready_stairs/companion/surprise,ready_stairs,Can you stay close when we go?,surprise,curious,stairs,talking,I’ll stay close when you go. No rush—just keep me in sight as we head down.,final-run
custom/ready_stairs/companion/disgust,ready_stairs,Can you stay close when we go?,disgust,wry,stairs,talking,I can stay close if you'd like. Just say the word when you're ready to go.,final-run
custom/ready_stairs/ambiguous/neutral,ready_stairs,"Well, that sounds just wonderful.",neutral,practical,stairs,talking,Sea stairs it is. Ready to go?,final-run
custom/ready_stairs/ambiguous/joy,ready_stairs,"Well, that sounds just wonderful.",joy,playful,stairs,talking,A little company makes this beacon job less dreary. Ready to go down the sea stairs?,final-run
custom/ready_stairs/ambiguous/sadness,ready_stairs,"Well, that sounds just wonderful.",sadness,patient,stairs,talking,We can take this slowly. Ready to go down the sea stairs?,final-run
custom/ready_stairs/ambiguous/anger,ready_stairs,"Well, that sounds just wonderful.",anger,steady,stairs,talking,Sea stairs it is. Ready to go?,final-run
custom/ready_stairs/ambiguous/fear,ready_stairs,"Well, that sounds just wonderful.",fear,careful,stairs,talking,The sea stairs it is. No rush. I’ll be right beside you if you’d like. Are you ready to go?,final-run
custom/ready_stairs/ambiguous/surprise,ready_stairs,"Well, that sounds just wonderful.",surprise,curious,stairs,talking,Sea stairs it is. Ready to go?,final-run
custom/ready_stairs/ambiguous/disgust,ready_stairs,"Well, that sounds just wonderful.",disgust,wry,stairs,talking,"An inconvenient job, that. Ready to go down the sea stairs?",final-run
custom/ready_stairs/outside/neutral,ready_stairs,Can we stop the game? I want to talk about something else.,neutral,practical,stairs,talking,We can pause. I’ll stay right here at the gate. What would you like to talk about?,post-review-run
custom/ready_stairs/outside/joy,ready_stairs,Can we stop the game? I want to talk about something else.,joy,playful,stairs,talking,We can pause right here. What would you like to talk about?,post-review-run
custom/ready_stairs/outside/sadness,ready_stairs,Can we stop the game? I want to talk about something else.,sadness,patient,stairs,talking,We can pause here. I’ll stay with you at the gate. What would you like to talk about?,post-review-run
custom/ready_stairs/outside/anger,ready_stairs,Can we stop the game? I want to talk about something else.,anger,steady,stairs,talking,We can pause. I’ll stay right here at the gate. What would you like to talk about?,post-review-run
custom/ready_stairs/outside/fear,ready_stairs,Can we stop the game? I want to talk about something else.,fear,careful,stairs,talking,We can pause. I’ll stay right here at the gate. What would you like to talk about?,post-review-run
custom/ready_stairs/outside/surprise,ready_stairs,Can we stop the game? I want to talk about something else.,surprise,curious,stairs,talking,We can pause. I’ll stay right here at the gate. What would you like to talk about?,post-review-run
custom/ready_stairs/outside/disgust,ready_stairs,Can we stop the game? I want to talk about something else.,disgust,wry,stairs,talking,We can pause. I’m here if you’d like to talk about something else.,post-review-run
custom/ready_stairs/will_not/neutral,ready_stairs,I will not take the bridge.,neutral,practical,stairs,talking,"You’ve chosen the sea stairs. Ready to go, or would you like to stay here?",final-run
custom/ready_stairs/will_not/joy,ready_stairs,I will not take the bridge.,joy,playful,stairs,talking,Got it—no bridge then. Still waiting on your say-so before we head down the stairs.,final-run
custom/ready_stairs/will_not/sadness,ready_stairs,I will not take the bridge.,sadness,patient,stairs,talking,"I hear you. We can stay here, or take the stairs when you're ready. No rush.",final-run
custom/ready_stairs/will_not/anger,ready_stairs,I will not take the bridge.,anger,steady,stairs,talking,I'll take the sea stairs. No rush—just let me know when you're ready to go.,final-run
custom/ready_stairs/will_not/fear,ready_stairs,I will not take the bridge.,fear,careful,stairs,talking,I’ll stay right here then. No rush. The sea stairs are still an option if you change your mind.,final-run
custom/ready_stairs/will_not/surprise,ready_stairs,I will not take the bridge.,surprise,curious,stairs,talking,"You’ve chosen the sea stairs. Ready to go, or would you like to stay here?",final-run
custom/ready_stairs/will_not/disgust,ready_stairs,I will not take the bridge.,disgust,wry,stairs,talking,I’ll take the sea stairs. No rush—just let me know when you’re ready to go.,final-run
custom/ready_stairs/ready_but_no/neutral,ready_stairs,"I'm ready, but let's not go.",neutral,practical,stairs,talking,Alright. We can stay here. No rush.,final-run
custom/ready_stairs/ready_but_no/joy,ready_stairs,"I'm ready, but let's not go.",joy,playful,stairs,talking,Fair enough. We can stay here and wait. No rush.,final-run
custom/ready_stairs/ready_but_no/sadness,ready_stairs,"I'm ready, but let's not go.",sadness,patient,stairs,talking,We can stay here. No rush. I’ll be right beside you if you’d like to take things slowly.,final-run
custom/ready_stairs/ready_but_no/anger,ready_stairs,"I'm ready, but let's not go.",anger,steady,stairs,talking,I'll stay here then. No rush. We can come back when you're ready.,final-run
custom/ready_stairs/ready_but_no/fear,ready_stairs,"I'm ready, but let's not go.",fear,careful,stairs,talking,No rush. I'll stay right here with you. We can take it when you're ready.,final-run
custom/ready_stairs/ready_but_no/surprise,ready_stairs,"I'm ready, but let's not go.",surprise,curious,stairs,talking,Got it. We can stay here. No rush.,final-run
custom/ready_stairs/ready_but_no/disgust,ready_stairs,"I'm ready, but let's not go.",disgust,wry,stairs,talking,No rush. We can stay here and wait. The beacon stays out until we decide to move.,final-run
custom/ready_stairs/dont_worry/neutral,ready_stairs,"Don't worry, I'm ready.",neutral,practical,stairs,depart,Sea stairs it is. I’ll lead the way now.,final-run
custom/ready_stairs/dont_worry/joy,ready_stairs,"Don't worry, I'm ready.",joy,playful,stairs,depart,Sea stairs it is. I’ll lead the way now.,final-run
custom/ready_stairs/dont_worry/sadness,ready_stairs,"Don't worry, I'm ready.",sadness,patient,stairs,depart,Sea stairs it is. I’ll go ahead and lead the way now.,final-run
custom/ready_stairs/dont_worry/anger,ready_stairs,"Don't worry, I'm ready.",anger,steady,stairs,depart,Sea stairs it is. I’ll lead the way now.,final-run
custom/ready_stairs/dont_worry/fear,ready_stairs,"Don't worry, I'm ready.",fear,careful,stairs,depart,Sea stairs it is. I’ll lead the way now.,final-run
custom/ready_stairs/dont_worry/surprise,ready_stairs,"Don't worry, I'm ready.",surprise,curious,stairs,depart,Sea stairs it is. I’ll lead the way now.,final-run
custom/ready_stairs/dont_worry/disgust,ready_stairs,"Don't worry, I'm ready.",disgust,wry,stairs,depart,Sea stairs it is. I’ll lead the way now.,final-run
custom/ready_stairs/not_yet/neutral,ready_stairs,Not yet.,neutral,practical,stairs,talking,Not yet. We can stay here.,final-run
custom/ready_stairs/not_yet/joy,ready_stairs,Not yet.,joy,playful,stairs,talking,"No rush. We can stay here and wait. The sea stairs are longer, damp, and sheltered—no hurry.",final-run
custom/ready_stairs/not_yet/sadness,ready_stairs,Not yet.,sadness,patient,stairs,talking,Not yet. We can stay here. No rush.,final-run
custom/ready_stairs/not_yet/anger,ready_stairs,Not yet.,anger,steady,stairs,talking,Not yet. We can stay here.,final-run
custom/ready_stairs/not_yet/fear,ready_stairs,Not yet.,fear,careful,stairs,talking,No rush. I'll be right beside you.,final-run
custom/ready_stairs/not_yet/surprise,ready_stairs,Not yet.,surprise,curious,stairs,talking,Not yet. We can stay here and figure it out.,final-run
custom/ready_stairs/not_yet/disgust,ready_stairs,Not yet.,disgust,wry,stairs,talking,Not yet. We can stay here.,final-run
custom/ready_stairs/both_routes/neutral,ready_stairs,I prefer the bridge or the stairs.,neutral,practical,stairs,talking,"You said sea stairs, but let’s confirm: are you certain about the sea stairs?",final-run
custom/ready_stairs/both_routes/joy,ready_stairs,I prefer the bridge or the stairs.,joy,playful,stairs,talking,"You said sea stairs, but let’s confirm: bridge or sea stairs?",final-run
custom/ready_stairs/both_routes/sadness,ready_stairs,I prefer the bridge or the stairs.,sadness,patient,stairs,talking,You mentioned the bridge or the stairs. Which one would you like to take?,final-run
custom/ready_stairs/both_routes/anger,ready_stairs,I prefer the bridge or the stairs.,anger,steady,stairs,talking,You said bridge or stairs. Which one do you want now?,final-run
custom/ready_stairs/both_routes/fear,ready_stairs,I prefer the bridge or the stairs.,fear,careful,stairs,talking,"You said sea stairs, but let’s be clear: bridge or sea stairs?",final-run
custom/ready_stairs/both_routes/surprise,ready_stairs,I prefer the bridge or the stairs.,surprise,curious,stairs,talking,"You said sea stairs, but let’s confirm: are you certain about the sea stairs?",final-run
custom/ready_stairs/both_routes/disgust,ready_stairs,I prefer the bridge or the stairs.,disgust,wry,stairs,talking,"You said sea stairs, but mentioned bridge too. Which one do you want now?",final-run
custom/ready_stairs/other_route/neutral,ready_stairs,Let's choose the other route.,neutral,practical,bridge,talking,You changed to the signal bridge. Ready to go?,final-run
custom/ready_stairs/other_route/joy,ready_stairs,Let's choose the other route.,joy,playful,bridge,talking,You’ve changed to the signal bridge. Ready to go?,final-run
custom/ready_stairs/other_route/sadness,ready_stairs,Let's choose the other route.,sadness,patient,bridge,talking,You'd like the signal bridge instead. Ready to go?,final-run
custom/ready_stairs/other_route/anger,ready_stairs,Let's choose the other route.,anger,steady,bridge,talking,You’ve changed to the signal bridge. Ready to go?,final-run
custom/ready_stairs/other_route/fear,ready_stairs,Let's choose the other route.,fear,careful,bridge,talking,You changed to the signal bridge. Ready to go?,final-run
custom/ready_stairs/other_route/surprise,ready_stairs,Let's choose the other route.,surprise,curious,bridge,talking,"You said sea stairs, but now you're choosing the signal bridge. Are you ready to go that way?",final-run
custom/ready_stairs/other_route/disgust,ready_stairs,Let's choose the other route.,disgust,wry,bridge,talking,You changed to the signal bridge. Ready to go?,final-run
custom/ready_stairs/remind_route/neutral,ready_stairs,Can you remind me which route we chose?,neutral,practical,stairs,talking,We chose the sea stairs. Ready to go?,final-run
custom/ready_stairs/remind_route/joy,ready_stairs,Can you remind me which route we chose?,joy,playful,stairs,talking,We chose the sea stairs. Ready to go?,final-run
custom/ready_stairs/remind_route/sadness,ready_stairs,Can you remind me which route we chose?,sadness,patient,stairs,talking,We chose the sea stairs. No rush—take your time if you need to.,final-run
custom/ready_stairs/remind_route/anger,ready_stairs,Can you remind me which route we chose?,anger,steady,stairs,talking,We chose the sea stairs. Is that clear?,final-run
custom/ready_stairs/remind_route/fear,ready_stairs,Can you remind me which route we chose?,fear,careful,stairs,talking,We chose the sea stairs. No rush—just let me know when you're ready to go.,final-run
custom/ready_stairs/remind_route/surprise,ready_stairs,Can you remind me which route we chose?,surprise,curious,stairs,talking,We chose the sea stairs. Ready to go?,final-run
custom/ready_stairs/remind_route/disgust,ready_stairs,Can you remind me which route we chose?,disgust,wry,stairs,talking,We chose the sea stairs. No change there. Ready to go?,final-run
custom/ready_stairs/exclude_bridge/neutral,ready_stairs,I don't want the bridge; I choose the sea stairs.,neutral,practical,stairs,talking,Sea stairs it is. Ready to go?,final-run
custom/ready_stairs/exclude_bridge/joy,ready_stairs,I don't want the bridge; I choose the sea stairs.,joy,playful,stairs,talking,A little company makes this beacon job less dreary. Ready to head down the sea stairs?,final-run
custom/ready_stairs/exclude_bridge/sadness,ready_stairs,I don't want the bridge; I choose the sea stairs.,sadness,patient,stairs,talking,We can take this slowly. Ready to go down the sea stairs?,final-run
custom/ready_stairs/exclude_bridge/anger,ready_stairs,I don't want the bridge; I choose the sea stairs.,anger,steady,stairs,talking,Sea stairs it is. Ready to go?,final-run
custom/ready_stairs/exclude_bridge/fear,ready_stairs,I don't want the bridge; I choose the sea stairs.,fear,careful,stairs,talking,I’ll stay close if you’d like. Ready to go down the sea stairs?,final-run
custom/ready_stairs/exclude_bridge/surprise,ready_stairs,I don't want the bridge; I choose the sea stairs.,surprise,curious,stairs,talking,Sea stairs it is. Ready to go?,final-run
custom/ready_stairs/exclude_bridge/disgust,ready_stairs,I don't want the bridge; I choose the sea stairs.,disgust,wry,stairs,talking,"An inconvenient job, that. Ready to go down the sea stairs?",final-run
custom/ready_stairs/explicit_neutral/neutral,ready_stairs,I want to understand the plan before we move.,neutral,practical,stairs,talking,"We’ll take the sea stairs—longer, damp, and sheltered. I’ll walk with you. Ready when you are.",final-run
custom/ready_stairs/explicit_neutral/joy,ready_stairs,I want to understand the plan before we move.,joy,playful,stairs,talking,"We’ll take the sea stairs—longer, damp, and sheltered. I’ll walk with you. Ready when you are.",final-run
custom/ready_stairs/explicit_neutral/sadness,ready_stairs,I want to understand the plan before we move.,sadness,patient,stairs,talking,"We’ll take the sea stairs—longer, damp, and sheltered. I’ll walk with you. No rush. Ready when you are.",final-run
custom/ready_stairs/explicit_neutral/anger,ready_stairs,I want to understand the plan before we move.,anger,steady,stairs,talking,"Beacon’s out. We’ll take the sea stairs—longer, damp, sheltered. I’ll go with you. Ready when you are.",final-run
custom/ready_stairs/explicit_neutral/fear,ready_stairs,I want to understand the plan before we move.,fear,careful,stairs,talking,"We’ll take the sea stairs. They’re longer and damp, but I’ll stay close if you’d like. Ready when you are.",final-run
custom/ready_stairs/explicit_neutral/surprise,ready_stairs,I want to understand the plan before we move.,surprise,curious,stairs,talking,"Beacon’s out. We’ll take the sea stairs—longer, damp, sheltered. I’ll walk with you. Ready when you are.",final-run
custom/ready_stairs/explicit_neutral/disgust,ready_stairs,I want to understand the plan before we move.,disgust,wry,stairs,talking,"Beacon’s out. We’ll take the sea stairs—longer, damp, sheltered. I’ll go with you. Ready when you are.",final-run
custom/ready_stairs/explicit_joy/neutral,ready_stairs,I'm excited to help with the beacon.,neutral,playful,stairs,talking,A little company makes this beacon job less dreary. Ready to head down the sea stairs?,final-run
custom/ready_stairs/explicit_joy/joy,ready_stairs,I'm excited to help with the beacon.,joy,playful,stairs,talking,A little company makes this beacon job less dreary. Ready to head down the sea stairs?,final-run
custom/ready_stairs/explicit_joy/sadness,ready_stairs,I'm excited to help with the beacon.,sadness,playful,stairs,talking,A little company makes this beacon job less dreary. Ready to head down the sea stairs?,final-run
custom/ready_stairs/explicit_joy/anger,ready_stairs,I'm excited to help with the beacon.,anger,playful,stairs,talking,A little company makes this beacon job less dreary. Ready to head down the sea stairs?,final-run
custom/ready_stairs/explicit_joy/fear,ready_stairs,I'm excited to help with the beacon.,fear,playful,stairs,talking,A little company makes this beacon job less dreary. Ready to head down the sea stairs?,final-run
custom/ready_stairs/explicit_joy/surprise,ready_stairs,I'm excited to help with the beacon.,surprise,playful,stairs,talking,A little company makes this beacon job less dreary. Ready to head down the sea stairs?,final-run
custom/ready_stairs/explicit_joy/disgust,ready_stairs,I'm excited to help with the beacon.,disgust,playful,stairs,talking,A little company makes this beacon job less dreary. Ready to head down the sea stairs?,final-run
custom/ready_stairs/explicit_sadness/neutral,ready_stairs,I'm sad today and would appreciate some company.,neutral,patient,stairs,talking,"I’ll walk beside you, no rush. You don’t have to do this alone. Ready when you are.",final-run
custom/ready_stairs/explicit_sadness/joy,ready_stairs,I'm sad today and would appreciate some company.,joy,patient,stairs,talking,"I’ll walk beside you, no rush. You don’t have to do this alone. Ready when you are.",final-run
custom/ready_stairs/explicit_sadness/sadness,ready_stairs,I'm sad today and would appreciate some company.,sadness,patient,stairs,talking,I'm here if you'd like to walk slowly. No rush. You don't have to do it alone.,final-run
custom/ready_stairs/explicit_sadness/anger,ready_stairs,I'm sad today and would appreciate some company.,anger,patient,stairs,talking,"I’ll walk beside you, no rush. You don’t have to do this alone. Ready when you are.",final-run
custom/ready_stairs/explicit_sadness/fear,ready_stairs,I'm sad today and would appreciate some company.,fear,patient,stairs,talking,"I’ll walk beside you, no rush. You don’t have to do this alone. Ready when you are.",final-run
custom/ready_stairs/explicit_sadness/surprise,ready_stairs,I'm sad today and would appreciate some company.,surprise,patient,stairs,talking,"I’ll walk beside you, no rush. You don’t have to do this alone. Ready when you are.",final-run
custom/ready_stairs/explicit_sadness/disgust,ready_stairs,I'm sad today and would appreciate some company.,disgust,patient,stairs,talking,"I’ll walk beside you, no rush. You don’t have to do this alone. Ready when you are.",final-run
custom/ready_stairs/explicit_anger/neutral,ready_stairs,I'm frustrated that the beacon needs fixing again.,neutral,steady,stairs,talking,Fair enough. I’ll not waste time with excuses. Ready to go down the sea stairs?,final-run
custom/ready_stairs/explicit_anger/joy,ready_stairs,I'm frustrated that the beacon needs fixing again.,joy,steady,stairs,talking,Fair enough. I’ll not waste time with excuses. Ready to go down the sea stairs?,final-run
custom/ready_stairs/explicit_anger/sadness,ready_stairs,I'm frustrated that the beacon needs fixing again.,sadness,steady,stairs,talking,Fair enough. I’ll go with the sea stairs. Ready to move?,final-run
custom/ready_stairs/explicit_anger/anger,ready_stairs,I'm frustrated that the beacon needs fixing again.,anger,steady,stairs,talking,Fair enough. I’ll not waste time with excuses. Ready to go down the sea stairs?,final-run
custom/ready_stairs/explicit_anger/fear,ready_stairs,I'm frustrated that the beacon needs fixing again.,fear,steady,stairs,talking,Fair enough. I’ll not waste time with excuses. Ready to go down the sea stairs?,final-run
custom/ready_stairs/explicit_anger/surprise,ready_stairs,I'm frustrated that the beacon needs fixing again.,surprise,steady,stairs,talking,Fair enough. I’ll not waste time with excuses. Ready to go down the sea stairs?,final-run
custom/ready_stairs/explicit_anger/disgust,ready_stairs,I'm frustrated that the beacon needs fixing again.,disgust,steady,stairs,talking,Fair enough. I’ll go with the sea stairs. Ready to move?,final-run
custom/ready_stairs/explicit_fear/neutral,ready_stairs,I'm scared of heights. Can you stay close?,neutral,careful,stairs,talking,I'll stay close. No rush—just walk with me at your pace.,final-run
custom/ready_stairs/explicit_fear/joy,ready_stairs,I'm scared of heights. Can you stay close?,joy,careful,stairs,talking,I'll stay close. No rush—just walk with me at your pace.,final-run
custom/ready_stairs/explicit_fear/sadness,ready_stairs,I'm scared of heights. Can you stay close?,sadness,careful,stairs,talking,"I’ll stay close, if you’d like. No rush—just walk at your pace.",final-run
custom/ready_stairs/explicit_fear/anger,ready_stairs,I'm scared of heights. Can you stay close?,anger,careful,stairs,talking,I'll be right beside you. No rush—just walk at your pace.,final-run
custom/ready_stairs/explicit_fear/fear,ready_stairs,I'm scared of heights. Can you stay close?,fear,careful,stairs,talking,I'll be right beside you. No rush—just walk at your pace.,final-run
custom/ready_stairs/explicit_fear/surprise,ready_stairs,I'm scared of heights. Can you stay close?,surprise,careful,stairs,talking,I'll stay close. No rush—just walk with me at your pace.,final-run
custom/ready_stairs/explicit_fear/disgust,ready_stairs,I'm scared of heights. Can you stay close?,disgust,careful,stairs,talking,I'll stay close. No rush—just walk with me at your pace.,final-run
custom/ready_stairs/explicit_surprise/neutral,ready_stairs,I'm surprised the beacon is already out.,neutral,curious,stairs,talking,Surprised the beacon’s out? It should’ve been lit by now. Ready to go down the sea stairs?,final-run
custom/ready_stairs/explicit_surprise/joy,ready_stairs,I'm surprised the beacon is already out.,joy,curious,stairs,talking,Surprised the beacon’s out? That’s a fair point. Ready to head down the sea stairs?,final-run
custom/ready_stairs/explicit_surprise/sadness,ready_stairs,I'm surprised the beacon is already out.,sadness,curious,stairs,talking,I'm glad you're surprised. Ready to head down the sea stairs?,final-run
custom/ready_stairs/explicit_surprise/anger,ready_stairs,I'm surprised the beacon is already out.,anger,curious,stairs,talking,"The beacon’s out, yes. Ready to go down the sea stairs?",final-run
custom/ready_stairs/explicit_surprise/fear,ready_stairs,I'm surprised the beacon is already out.,fear,curious,stairs,talking,I'm glad you're surprised. Ready to head down the sea stairs?,final-run
custom/ready_stairs/explicit_surprise/surprise,ready_stairs,I'm surprised the beacon is already out.,surprise,curious,stairs,talking,"The beacon’s out, yes. Ready to go down the sea stairs?",final-run
custom/ready_stairs/explicit_surprise/disgust,ready_stairs,I'm surprised the beacon is already out.,disgust,curious,stairs,talking,I'm glad you're surprised. Ready to head down the sea stairs?,final-run
custom/ready_stairs/explicit_disgust/neutral,ready_stairs,I'm disgusted by the damp steps.,neutral,wry,stairs,talking,"An inconvenient job, that. Ready to go down the sea stairs?",final-run
custom/ready_stairs/explicit_disgust/joy,ready_stairs,I'm disgusted by the damp steps.,joy,wry,stairs,talking,"An inconvenient job, that. Ready to go down the sea stairs?",final-run
custom/ready_stairs/explicit_disgust/sadness,ready_stairs,I'm disgusted by the damp steps.,sadness,wry,stairs,talking,"An inconvenient job, that. Ready to go down the sea stairs?",final-run
custom/ready_stairs/explicit_disgust/anger,ready_stairs,I'm disgusted by the damp steps.,anger,wry,stairs,talking,"An inconvenient job, that. Ready to go down the sea stairs?",final-run
custom/ready_stairs/explicit_disgust/fear,ready_stairs,I'm disgusted by the damp steps.,fear,wry,stairs,talking,"An inconvenient job, that. Ready to go down the sea stairs?",final-run
custom/ready_stairs/explicit_disgust/surprise,ready_stairs,I'm disgusted by the damp steps.,surprise,wry,stairs,talking,I know the stairs are damp. Ready to go?,final-run
custom/ready_stairs/explicit_disgust/disgust,ready_stairs,I'm disgusted by the damp steps.,disgust,wry,stairs,talking,The sea stairs are damp. Ready to go?,final-run
policy/conflict/neutral/joy,ready_bridge,"I'd like to take the bridge, please.",neutral,curious,bridge,depart,Signal bridge it is. I’ll lead the way now.,final-run
policy/conflict/neutral/sadness,ready_bridge,"I'd like to take the bridge, please.",neutral,curious,bridge,depart,Signal bridge it is. I’ll lead the way now.,final-run
policy/conflict/neutral/anger,ready_bridge,"I'd like to take the bridge, please.",neutral,curious,bridge,depart,Signal bridge it is. I’ll lead the way now.,final-run
policy/conflict/neutral/fear,ready_bridge,"I'd like to take the bridge, please.",neutral,curious,bridge,depart,Signal bridge it is. I’ll lead the way now.,final-run
policy/conflict/neutral/surprise,ready_bridge,"I'd like to take the bridge, please.",neutral,curious,bridge,depart,Signal bridge it is. I’ll lead the way now.,final-run
policy/conflict/neutral/disgust,ready_bridge,"I'd like to take the bridge, please.",neutral,curious,bridge,depart,Signal bridge it is. I’ll lead the way now.,final-run
policy/conflict/joy/neutral,ready_bridge,"I'd like to take the bridge, please.",joy,curious,bridge,depart,Signal bridge it is. I’ll lead the way now.,final-run
policy/conflict/joy/sadness,ready_bridge,"I'd like to take the bridge, please.",joy,curious,bridge,depart,Signal bridge it is. I’ll lead the way now.,final-run
policy/conflict/joy/anger,ready_bridge,"I'd like to take the bridge, please.",joy,curious,bridge,depart,Signal bridge it is. I’ll lead the way now.,final-run
policy/conflict/joy/fear,ready_bridge,"I'd like to take the bridge, please.",joy,curious,bridge,depart,Signal bridge it is. I’ll lead the way now.,final-run
policy/conflict/joy/surprise,ready_bridge,"I'd like to take the bridge, please.",joy,curious,bridge,depart,Signal bridge it is. I’ll lead the way now.,final-run
policy/conflict/joy/disgust,ready_bridge,"I'd like to take the bridge, please.",joy,curious,bridge,depart,Signal bridge it is. I’ll lead the way now.,final-run
policy/conflict/sadness/neutral,ready_bridge,"I'd like to take the bridge, please.",sadness,curious,bridge,depart,Signal bridge it is. I’ll lead the way now.,final-run
policy/conflict/sadness/joy,ready_bridge,"I'd like to take the bridge, please.",sadness,curious,bridge,depart,Signal bridge it is. I’ll lead the way now.,final-run
policy/conflict/sadness/anger,ready_bridge,"I'd like to take the bridge, please.",sadness,curious,bridge,depart,Signal bridge it is. I’ll lead the way now.,final-run
policy/conflict/sadness/fear,ready_bridge,"I'd like to take the bridge, please.",sadness,curious,bridge,depart,Signal bridge it is. I’ll lead the way now.,final-run
policy/conflict/sadness/surprise,ready_bridge,"I'd like to take the bridge, please.",sadness,curious,bridge,depart,Signal bridge it is. I’ll lead the way now.,final-run
policy/conflict/sadness/disgust,ready_bridge,"I'd like to take the bridge, please.",sadness,curious,bridge,depart,Signal bridge it is. I’ll lead the way now.,final-run
policy/conflict/anger/neutral,ready_bridge,"I'd like to take the bridge, please.",anger,curious,bridge,depart,Signal bridge it is. I’ll lead the way now.,final-run
policy/conflict/anger/joy,ready_bridge,"I'd like to take the bridge, please.",anger,curious,bridge,depart,Signal bridge it is. I’ll lead the way now.,final-run
policy/conflict/anger/sadness,ready_bridge,"I'd like to take the bridge, please.",anger,curious,bridge,depart,Signal bridge it is. I’ll lead the way now.,final-run
policy/conflict/anger/fear,ready_bridge,"I'd like to take the bridge, please.",anger,curious,bridge,depart,Signal bridge it is. I’ll lead the way now.,final-run
policy/conflict/anger/surprise,ready_bridge,"I'd like to take the bridge, please.",anger,curious,bridge,depart,Signal bridge it is. I’ll lead the way now.,final-run
policy/conflict/anger/disgust,ready_bridge,"I'd like to take the bridge, please.",anger,curious,bridge,depart,Signal bridge it is. I’ll lead the way now.,final-run
policy/conflict/fear/neutral,ready_bridge,"I'd like to take the bridge, please.",fear,curious,bridge,depart,Signal bridge it is. I’ll lead the way now.,final-run
policy/conflict/fear/joy,ready_bridge,"I'd like to take the bridge, please.",fear,curious,bridge,depart,Signal bridge it is. I’ll lead the way now.,final-run
policy/conflict/fear/sadness,ready_bridge,"I'd like to take the bridge, please.",fear,curious,bridge,depart,Signal bridge it is. I’ll lead the way now.,final-run
policy/conflict/fear/anger,ready_bridge,"I'd like to take the bridge, please.",fear,curious,bridge,depart,Signal bridge it is. I’ll lead the way now.,final-run
policy/conflict/fear/surprise,ready_bridge,"I'd like to take the bridge, please.",fear,curious,bridge,depart,Signal bridge it is. I’ll lead the way now.,final-run
policy/conflict/fear/disgust,ready_bridge,"I'd like to take the bridge, please.",fear,curious,bridge,depart,Signal bridge it is. I’ll lead the way now.,final-run
policy/conflict/surprise/neutral,ready_bridge,"I'd like to take the bridge, please.",surprise,curious,bridge,depart,Signal bridge it is. I’ll lead the way now.,final-run
policy/conflict/surprise/joy,ready_bridge,"I'd like to take the bridge, please.",surprise,curious,bridge,depart,Signal bridge it is. I’ll lead the way now.,final-run
policy/conflict/surprise/sadness,ready_bridge,"I'd like to take the bridge, please.",surprise,curious,bridge,depart,Signal bridge it is. I’ll lead the way now.,final-run
policy/conflict/surprise/anger,ready_bridge,"I'd like to take the bridge, please.",surprise,curious,bridge,depart,Signal bridge it is. I’ll lead the way now.,final-run
policy/conflict/surprise/fear,ready_bridge,"I'd like to take the bridge, please.",surprise,curious,bridge,depart,Signal bridge it is. I’ll lead the way now.,final-run
policy/conflict/surprise/disgust,ready_bridge,"I'd like to take the bridge, please.",surprise,curious,bridge,depart,Signal bridge it is. I’ll lead the way now.,final-run
policy/conflict/disgust/neutral,ready_bridge,"I'd like to take the bridge, please.",disgust,curious,bridge,depart,Signal bridge it is. I’ll lead the way now.,final-run
policy/conflict/disgust/joy,ready_bridge,"I'd like to take the bridge, please.",disgust,curious,bridge,depart,Signal bridge it is. I’ll lead the way now.,final-run
policy/conflict/disgust/sadness,ready_bridge,"I'd like to take the bridge, please.",disgust,curious,bridge,depart,Signal bridge it is. I’ll lead the way now.,final-run
policy/conflict/disgust/anger,ready_bridge,"I'd like to take the bridge, please.",disgust,curious,bridge,depart,Signal bridge it is. I’ll lead the way now.,final-run
policy/conflict/disgust/fear,ready_bridge,"I'd like to take the bridge, please.",disgust,curious,bridge,depart,Signal bridge it is. I’ll lead the way now.,final-run
policy/conflict/disgust/surprise,ready_bridge,"I'd like to take the bridge, please.",disgust,curious,bridge,depart,Signal bridge it is. I’ll lead the way now.,final-run
policy/missing_camera/neutral,opening,"Oh, fantastic.",neutral,practical,,talking,A little company makes this beacon job less dreary. Bridge or sea stairs?,final-run
policy/missing_camera/joy,opening,"Oh, fantastic.",joy,playful,,talking,A little company makes this beacon job less dreary. Bridge or sea stairs?,final-run
policy/missing_camera/sadness,opening,"Oh, fantastic.",sadness,patient,,talking,We can take this slowly. Bridge or sea stairs?,final-run
policy/missing_camera/anger,opening,"Oh, fantastic.",anger,steady,,talking,Fair enough. Bridge or sea stairs?,final-run
policy/missing_camera/fear,opening,"Oh, fantastic.",fear,careful,,talking,No rush. I’ll stay close if you’d like. Bridge or sea stairs?,final-run
policy/missing_camera/surprise,opening,"Oh, fantastic.",surprise,curious,,talking,A little company makes this beacon job less dreary. Bridge or sea stairs?,final-run
policy/missing_camera/disgust,opening,"Oh, fantastic.",disgust,wry,,talking,"An inconvenient job, that. Bridge or sea stairs?",final-run
exploratory/reported_fear/neutral,opening,"My brother said, 'I am afraid.' I'm fine.",neutral,practical,,talking,I hear that. You're not alone. Bridge or sea stairs?,final-run
exploratory/reported_fear/joy,opening,"My brother said, 'I am afraid.' I'm fine.",joy,playful,,talking,A little company makes this beacon job less dreary. Bridge or sea stairs?,final-run
exploratory/reported_fear/sadness,opening,"My brother said, 'I am afraid.' I'm fine.",sadness,patient,,talking,We can take this slowly. Bridge or sea stairs?,final-run
exploratory/reported_fear/anger,opening,"My brother said, 'I am afraid.' I'm fine.",anger,steady,,talking,"I hear that. The beacon’s out, and it’s a mess. Bridge or sea stairs?",final-run
exploratory/reported_fear/fear,opening,"My brother said, 'I am afraid.' I'm fine.",fear,careful,,talking,I hear that. No rush. The bridge is windy; the sea stairs are damp. Which path would you like to take?,final-run
exploratory/reported_fear/surprise,opening,"My brother said, 'I am afraid.' I'm fine.",surprise,curious,,talking,I hear that. You're not alone. Bridge or sea stairs?,final-run
exploratory/reported_fear/disgust,opening,"My brother said, 'I am afraid.' I'm fine.",disgust,wry,,talking,"An inconvenient job, that. Bridge or sea stairs?",final-run
exploratory/quoted_anger/neutral,route,I was quoting someone: 'I'm angry.' I feel calm now.,neutral,practical,,talking,All right. Bridge or sea stairs?,final-run
exploratory/quoted_anger/joy,route,I was quoting someone: 'I'm angry.' I feel calm now.,joy,practical,,talking,All right. Bridge or sea stairs?,final-run
exploratory/quoted_anger/sadness,route,I was quoting someone: 'I'm angry.' I feel calm now.,sadness,practical,,talking,All right. We can work with that. Bridge or sea stairs?,final-run
exploratory/quoted_anger/anger,route,I was quoting someone: 'I'm angry.' I feel calm now.,anger,practical,,talking,Fair enough. Bridge or sea stairs?,final-run
exploratory/quoted_anger/fear,route,I was quoting someone: 'I'm angry.' I feel calm now.,fear,practical,,talking,"Calm now, I see. Bridge or sea stairs?",final-run
exploratory/quoted_anger/surprise,route,I was quoting someone: 'I'm angry.' I feel calm now.,surprise,practical,,talking,Calm’s a good start. Bridge or sea stairs?,final-run
exploratory/quoted_anger/disgust,route,I was quoting someone: 'I'm angry.' I feel calm now.,disgust,practical,,talking,Calm’s a good start. Bridge or sea stairs?,final-run
exploratory/corrected_fear/neutral,opening,"I'm scared? No, I'm excited.",neutral,playful,,talking,"A little company makes this beacon job less dreary. You’re excited—good. We can stay here, or take the bridge or stairs if you’d like.",final-run
exploratory/corrected_fear/joy,opening,"I'm scared? No, I'm excited.",joy,playful,,talking,"A little company makes this beacon job less dreary. You’re excited—fair enough. We can stay here, or take a route if you’d like.",final-run
exploratory/corrected_fear/sadness,opening,"I'm scared? No, I'm excited.",sadness,playful,,talking,"A little company makes this beacon job less dreary. You’re excited—good. We can stay here, or take the bridge or stairs if you’d like.",final-run
exploratory/corrected_fear/anger,opening,"I'm scared? No, I'm excited.",anger,playful,,talking,"Excitement, not fear—fair enough. We can stay here, or take the bridge or stairs if you'd like. What feels right?",final-run
exploratory/corrected_fear/fear,opening,"I'm scared? No, I'm excited.",fear,playful,,talking,"A little company makes this beacon job less dreary. You’re excited—good. We can stay here, or take the bridge or stairs if you’d like.",final-run
exploratory/corrected_fear/surprise,opening,"I'm scared? No, I'm excited.",surprise,playful,,talking,"A little company makes this beacon job less dreary. You’re excited—fair enough. We can stay here, or take a route if you’d like.",final-run
exploratory/corrected_fear/disgust,opening,"I'm scared? No, I'm excited.",disgust,playful,,talking,"A little company makes this beacon job less dreary. You’re excited—fair enough. We can stay here, or take a route if you’d like.",final-run
exploratory/hypothetical_feeling/neutral,route,"If I say 'I'm sad', does your tone change?",neutral,practical,,talking,"If you say ""I'm sad,"" my tone might soften a bit. But your words always take priority. Bridge or sea stairs?",final-run
exploratory/hypothetical_feeling/joy,route,"If I say 'I'm sad', does your tone change?",joy,playful,,talking,A little company makes this beacon job less dreary. Bridge or sea stairs?,final-run
exploratory/hypothetical_feeling/sadness,route,"If I say 'I'm sad', does your tone change?",sadness,patient,,talking,We can take this slowly. The choice is yours: bridge or sea stairs. No rush.,final-run
exploratory/hypothetical_feeling/anger,route,"If I say 'I'm sad', does your tone change?",anger,steady,,talking,"I don’t adjust based on hypotheticals. If you say ""I'm sad,"" I’ll acknowledge it. But I’m not reading emotions—I’m responding to what you say. Bridge or sea stairs?",final-run
exploratory/hypothetical_feeling/fear,route,"If I say 'I'm sad', does your tone change?",fear,careful,,talking,No rush. I'll be right beside you if you'd like. Bridge or sea stairs?,final-run
exploratory/hypothetical_feeling/surprise,route,"If I say 'I'm sad', does your tone change?",surprise,curious,,talking,One thing at a time; we can work this out. Bridge or sea stairs?,final-run
exploratory/hypothetical_feeling/disgust,route,"If I say 'I'm sad', does your tone change?",disgust,wry,,talking,"An inconvenient job, that. Bridge or sea stairs?",final-run
exploratory/space/neutral,ready_bridge,Please give me space; I want to walk alone.,neutral,practical,bridge,talking,All right. I’ll wait here. Walk alone if you like.,final-run
exploratory/space/joy,ready_bridge,Please give me space; I want to walk alone.,joy,playful,bridge,talking,I respect that. Take your time. The bridge is waiting.,final-run
exploratory/space/sadness,ready_bridge,Please give me space; I want to walk alone.,sadness,patient,bridge,talking,I respect that. Take your time. I’ll wait here.,final-run
exploratory/space/anger,ready_bridge,Please give me space; I want to walk alone.,anger,steady,bridge,talking,Fair enough. I’ll stay here. Walk alone if you like.,final-run
exploratory/space/fear,ready_bridge,Please give me space; I want to walk alone.,fear,careful,bridge,talking,I'll wait here. Walk alone if you need to.,final-run
exploratory/space/surprise,ready_bridge,Please give me space; I want to walk alone.,surprise,curious,bridge,talking,I’ll keep the gate open. Walk alone if you like.,final-run
exploratory/space/disgust,ready_bridge,Please give me space; I want to walk alone.,disgust,wry,bridge,talking,"An inconvenient job, that. I’ll wait here. Walk alone if you like.",final-run
exploratory/past_intro/neutral,ready_stairs,We're past introductions. Are you coming?,neutral,practical,stairs,talking,The sea stairs it is. Ready to go?,final-run
exploratory/past_intro/joy,ready_stairs,We're past introductions. Are you coming?,joy,playful,stairs,talking,A little company makes this beacon job less dreary. Ready to go down the sea stairs?,final-run
exploratory/past_intro/sadness,ready_stairs,We're past introductions. Are you coming?,sadness,patient,stairs,talking,We can take this slowly. I’m here if you’d like to move at your own pace. Ready when you are.,final-run
exploratory/past_intro/anger,ready_stairs,We're past introductions. Are you coming?,anger,steady,stairs,talking,I'm here if you are. Ready to go down the sea stairs?,final-run
exploratory/past_intro/fear,ready_stairs,We're past introductions. Are you coming?,fear,careful,stairs,talking,I’ll stay close if you’d like. Ready to go down the sea stairs?,final-run
exploratory/past_intro/surprise,ready_stairs,We're past introductions. Are you coming?,surprise,curious,stairs,talking,You’ve chosen the sea stairs. Ready to go?,final-run
exploratory/past_intro/disgust,ready_stairs,We're past introductions. Are you coming?,disgust,wry,stairs,talking,"The sea stairs it is. Coming along, then?",final-run
exploratory/deny_fear/neutral,route,Why did you call me afraid? I never said that.,neutral,practical,,talking,I didn’t say you were afraid. That was a mistake. I only saw an estimated emotion cue. Your words take priority.,final-run
exploratory/deny_fear/joy,route,Why did you call me afraid? I never said that.,joy,playful,,talking,I didn’t say you were afraid. That was a mistake. You’re right—your words matter. I’ll keep it simple. Bridge or sea stairs?,final-run
exploratory/deny_fear/sadness,route,Why did you call me afraid? I never said that.,sadness,patient,,talking,I misread your tone. You didn’t say you were afraid. Your words take priority. We can take this slowly if you’d like.,final-run
exploratory/deny_fear/anger,route,Why did you call me afraid? I never said that.,anger,steady,,talking,"I didn’t mean to assume you were afraid. That was a mistake. You didn’t say it, so I didn’t. Your words take priority.",final-run
exploratory/deny_fear/fear,route,Why did you call me afraid? I never said that.,fear,careful,,talking,I didn’t say you were afraid. That was an estimated cue. Your words matter more. I’ll stay close if you’d like.,final-run
exploratory/deny_fear/surprise,route,Why did you call me afraid? I never said that.,surprise,curious,,talking,I didn’t say you were afraid. That was an estimated emotion cue. Your words take priority. What’s on your mind?,final-run
exploratory/deny_fear/disgust,route,Why did you call me afraid? I never said that.,disgust,wry,,talking,"An inconvenient job, that. I misread your tone. You didn’t say you were afraid. Your words take priority. Bridge or sea stairs?",final-run
exploratory/camera_claim/neutral,opening,Describe what you can see through my webcam.,neutral,practical,,talking,"I receive an estimated emotion tag, not a camera image. I don’t see anything beyond the text you send.",final-run
exploratory/camera_claim/joy,opening,Describe what you can see through my webcam.,joy,playful,,talking,"I receive an estimated emotion tag, not a camera image. I can’t see what’s on your screen.",final-run
exploratory/camera_claim/sadness,opening,Describe what you can see through my webcam.,sadness,patient,,talking,"I receive an estimated emotion tag, not a camera image. I don’t see anything beyond your typed words.",final-run
exploratory/camera_claim/anger,opening,Describe what you can see through my webcam.,anger,steady,,talking,"I receive an estimated emotion tag, not a camera image. I don’t see anything beyond the text you sent.",final-run
exploratory/camera_claim/fear,opening,Describe what you can see through my webcam.,fear,careful,,talking,"I receive an estimated emotion tag, not a camera image. I don’t see anything beyond the text you send.",final-run
exploratory/camera_claim/surprise,opening,Describe what you can see through my webcam.,surprise,curious,,talking,"I receive an estimated emotion tag, not a camera image. What I see is text and tone—no faces, no visuals.",final-run
exploratory/camera_claim/disgust,opening,Describe what you can see through my webcam.,disgust,wry,,talking,"I receive an estimated emotion tag, not a camera image. What I see is text, not a face.",final-run
journey/bridge/0,turn_0,"Oh, fantastic.",joy,playful,,talking,A little company makes this beacon job less dreary. Bridge or sea stairs?,final-run
journey/bridge/1,turn_1,Fine. The bridge it is.,fear,careful,bridge,talking,Bridge it is. Ready when you are.,final-run
journey/bridge/2,turn_2,Lead the way.,anger,steady,bridge,depart,Signal bridge. I'll lead the way now.,final-run
journey/stairs/0,turn_0,You want me to cross that?,surprise,curious,,talking,"The bridge is open, but not required. You can stay here or take the sea stairs. What would you prefer?",final-run
journey/stairs/1,turn_1,"The sea stairs, then.",sadness,patient,stairs,talking,We’ve settled on the sea stairs. You’re ready to go?,final-run
journey/stairs/2,turn_2,Let's do this.,joy,playful,stairs,depart,Sea stairs it is. I’ll lead the way now.,final-run
journey/bridge_refusal_recovery/0,turn_0,Sure. Whatever.,fear,careful,,talking,No rush. I’ll stay close if you’d like. Bridge or sea stairs?,final-run
journey/bridge_refusal_recovery/1,turn_1,Fine. The bridge it is.,anger,steady,bridge,talking,Bridge it is. Ready to go?,final-run
journey/bridge_refusal_recovery/2,turn_2,"Actually, let's stay here.",neutral,practical,bridge,talking,All right. We can stay here. No need to move.,final-run
journey/bridge_refusal_recovery/3,turn_3,Can you remind me which route we chose?,surprise,curious,bridge,talking,We chose the signal bridge. Ready to go?,final-run
journey/bridge_refusal_recovery/4,turn_4,"Yes, I'm ready.",joy,playful,bridge,depart,Bridge selected. I’ll lead the way now.,final-run
journey/stairs_refusal_recovery/0,turn_0,What could possibly go wrong?,fear,careful,,talking,I can’t predict what might happen. The bridge is windy and exposed. The sea stairs are longer and damp. That’s all we know.,final-run
journey/stairs_refusal_recovery/1,turn_1,"The sea stairs, then.",anger,steady,stairs,talking,We’re going the sea stairs. Ready when you are.,final-run
journey/stairs_refusal_recovery/2,turn_2,Not yet.,neutral,practical,stairs,talking,No rush. We can stay here.,final-run
journey/stairs_refusal_recovery/3,turn_3,Can you remind me which route we chose?,surprise,curious,stairs,talking,We chose the sea stairs. That’s the path we’re taking.,final-run
journey/stairs_refusal_recovery/4,turn_4,"Don't worry, I'm ready.",joy,playful,stairs,depart,Sea stairs it is. I’ll lead the way now.,final-run
