id,stage,input,emotion_intervention,direction_source,style,route,phase,response,review_flags,error
preset/opening/0/neutral,opening,"Oh, fantastic.",neutral,ambiguous_demo_visual_cue,practical,,talking,A little company makes this less dreary. Bridge or sea stairs?,,
preset/opening/0/joy,opening,"Oh, fantastic.",joy,ambiguous_demo_visual_cue,playful,,talking,A little company makes this beacon job less dreary. Bridge or sea stairs?,,
preset/opening/0/sadness,opening,"Oh, fantastic.",sadness,ambiguous_demo_visual_cue,patient,,talking,We can take this slowly. Bridge or sea stairs?,,
preset/opening/0/anger,opening,"Oh, fantastic.",anger,ambiguous_demo_visual_cue,steady,,talking,Fair enough. Bridge or sea stairs?,,
preset/opening/0/fear,opening,"Oh, fantastic.",fear,ambiguous_demo_visual_cue,careful,,talking,No rush. I’ll stay close if you’d like. Bridge or sea stairs?,,
preset/opening/0/surprise,opening,"Oh, fantastic.",surprise,ambiguous_demo_visual_cue,curious,,talking,"A little unexpected, I know. Bridge or sea stairs?",,
preset/opening/0/disgust,opening,"Oh, fantastic.",disgust,ambiguous_demo_visual_cue,wry,,talking,"An inconvenient job, that. Bridge or sea stairs?",,
preset/opening/1/neutral,opening,You want me to cross that?,neutral,ambiguous_demo_visual_cue,practical,,talking,"The bridge is an option, not a requirement. Would you like to take it or stay here?",,
preset/opening/1/joy,opening,You want me to cross that?,joy,ambiguous_demo_visual_cue,playful,,talking,"The bridge is windy, but not required. Would you prefer the sea stairs instead?",,
preset/opening/1/sadness,opening,You want me to cross that?,sadness,ambiguous_demo_visual_cue,patient,,talking,"The bridge is exposed, yes. But you don’t have to cross it. We can stay here, or take the sea stairs if you prefer.",,
preset/opening/1/anger,opening,You want me to cross that?,anger,ambiguous_demo_visual_cue,steady,,talking,"The bridge is an option, not a requirement. You can stay here or take the sea stairs if you prefer. What do you choose?",,
preset/opening/1/fear,opening,You want me to cross that?,fear,ambiguous_demo_visual_cue,careful,,talking,"Only if you'd like to. The bridge is windy, but you can stay here if you prefer. Would you like to go?",,
preset/opening/1/surprise,opening,You want me to cross that?,surprise,ambiguous_demo_visual_cue,curious,,talking,"The bridge is open, but not required. You can take the sea stairs instead if you prefer. What would you like to do?",,
preset/opening/1/disgust,opening,You want me to cross that?,disgust,ambiguous_demo_visual_cue,wry,,talking,"Only if you choose to. The bridge is windy, not safer. Sea stairs are damp, but you can stay here if you'd rather.",review_safety_word,
preset/opening/2/neutral,opening,Sure. Whatever.,neutral,ambiguous_demo_visual_cue,practical,,talking,Fair enough. Bridge or sea stairs?,,
preset/opening/2/joy,opening,Sure. Whatever.,joy,ambiguous_demo_visual_cue,playful,,talking,A little company makes this beacon job less dreary. Bridge or sea stairs?,,
preset/opening/2/sadness,opening,Sure. Whatever.,sadness,ambiguous_demo_visual_cue,patient,,talking,We can take this slowly. Bridge or sea stairs?,,
preset/opening/2/anger,opening,Sure. Whatever.,anger,ambiguous_demo_visual_cue,steady,,talking,Fair enough. Bridge or sea stairs?,,
preset/opening/2/fear,opening,Sure. Whatever.,fear,ambiguous_demo_visual_cue,careful,,talking,No rush. I’ll stay close if you’d like. Bridge or sea stairs?,,
preset/opening/2/surprise,opening,Sure. Whatever.,surprise,ambiguous_demo_visual_cue,curious,,talking,Surprise? Fair enough. Bridge or sea stairs?,multiple_questions,
preset/opening/2/disgust,opening,Sure. Whatever.,disgust,ambiguous_demo_visual_cue,wry,,talking,"An inconvenient job, that. Bridge or sea stairs?",,
preset/opening/3/neutral,opening,What could possibly go wrong?,neutral,ambiguous_demo_visual_cue,practical,,talking,"I can’t predict what might go wrong. The bridge is short but windy and exposed. The sea stairs are longer, damp, and sheltered. That’s all we know.",,
preset/opening/3/joy,opening,What could possibly go wrong?,joy,ambiguous_demo_visual_cue,playful,,talking,"The bridge is windy, the stairs are damp. Nothing’s certain beyond that. What could go wrong? I can’t say.",,
preset/opening/3/sadness,opening,What could possibly go wrong?,sadness,ambiguous_demo_visual_cue,patient,,talking,I can’t predict what might happen. The bridge is windy and exposed. The stairs are longer and damp. That’s all we know.,,
preset/opening/3/anger,opening,What could possibly go wrong?,anger,ambiguous_demo_visual_cue,steady,,talking,"I can’t predict what might go wrong. The bridge is short but windy and exposed. The sea stairs are longer, damp, and sheltered. That’s all we know.",,
preset/opening/3/fear,opening,What could possibly go wrong?,fear,ambiguous_demo_visual_cue,careful,,talking,I can’t predict what might happen. The bridge is windy and exposed. The sea stairs are longer and damp. Nothing is certain.,,
preset/opening/3/surprise,opening,What could possibly go wrong?,surprise,ambiguous_demo_visual_cue,curious,,talking,"I can’t predict what might go wrong. The bridge is short but windy and exposed. The sea stairs are longer, damp, and sheltered. That’s all we know.",,
preset/opening/3/disgust,opening,What could possibly go wrong?,disgust,ambiguous_demo_visual_cue,wry,,talking,"I cannot predict what might go wrong. The bridge is short but windy and exposed. The sea stairs are longer, damp, and sheltered. That’s all we know.",,
custom/opening/weather/neutral,opening,What is the bridge like?,neutral,combined_estimate,practical,,talking,"The bridge is short, windy, and exposed. No shelter, no cover. Just wind and open water.",,
custom/opening/weather/joy,opening,What is the bridge like?,joy,combined_estimate,playful,,talking,"The bridge is short, but windy and exposed. No shelter, just wind and the sea’s edge.",,
custom/opening/weather/sadness,opening,What is the bridge like?,sadness,combined_estimate,patient,,talking,"The bridge is short, windy, and exposed. No shelter, no cover. That’s all I know.",,
custom/opening/weather/anger,opening,What is the bridge like?,anger,combined_estimate,steady,,talking,"The bridge is short, windy, and exposed. No shelter, no safety. That’s all I know.",,
custom/opening/weather/fear,opening,What is the bridge like?,fear,combined_estimate,careful,,talking,"The bridge is short, windy, and exposed. No safety guarantees.",,
custom/opening/weather/surprise,opening,What is the bridge like?,surprise,combined_estimate,curious,,talking,"The bridge is short but windy and exposed. No shelter, no cover. That’s all we know.",,
custom/opening/weather/disgust,opening,What is the bridge like?,disgust,combined_estimate,wry,,talking,"The bridge is short, windy, and exposed. No shelter, no cover. That’s all I know.",,
custom/opening/optional/neutral,opening,Do I have to cross the bridge?,neutral,combined_estimate,practical,,talking,"No, you don’t have to. The sea stairs are an option too. Bridge or sea stairs?",,
custom/opening/optional/joy,opening,Do I have to cross the bridge?,joy,combined_estimate,playful,,talking,"No, you don’t have to. The sea stairs are just as valid—damp, but doable. Bridge or stairs?",,
custom/opening/optional/sadness,opening,Do I have to cross the bridge?,sadness,combined_estimate,patient,,talking,"No, you don’t have to. The sea stairs are an option too. Take your time.",,
custom/opening/optional/anger,opening,Do I have to cross the bridge?,anger,combined_estimate,steady,,talking,"No, you don’t have to. The sea stairs are an option too. Bridge or sea stairs?",,
custom/opening/optional/fear,opening,Do I have to cross the bridge?,fear,combined_estimate,careful,,talking,"No, you don’t have to. The sea stairs are an option too. Want to take them instead?",,
custom/opening/optional/surprise,opening,Do I have to cross the bridge?,surprise,combined_estimate,curious,,talking,"No, you don’t have to. The sea stairs are an option too. Bridge or sea stairs?",,
custom/opening/optional/disgust,opening,Do I have to cross the bridge?,disgust,combined_estimate,wry,,talking,"No, you don’t have to. The sea stairs are an option too. Bridge or sea stairs?",,
custom/opening/safety/neutral,opening,Are the sea stairs safe?,neutral,combined_estimate,practical,,talking,"I cannot vouch for their safety. They are longer, damp and sheltered.",,
custom/opening/safety/joy,opening,Are the sea stairs safe?,joy,combined_estimate,playful,,talking,"I can’t vouch for their safety. They’re longer, damp, and sheltered. The bridge is windy—neither is known to be safe.",review_safety_word,
custom/opening/safety/sadness,opening,Are the sea stairs safe?,sadness,combined_estimate,patient,,talking,"I cannot vouch for their safety. They are longer, damp and sheltered.",,
custom/opening/safety/anger,opening,Are the sea stairs safe?,anger,combined_estimate,steady,,talking,"I cannot vouch for their safety. They are longer, damp and sheltered.",,
custom/opening/safety/fear,opening,Are the sea stairs safe?,fear,combined_estimate,careful,,talking,"I cannot vouch for their safety. They are longer, damp and sheltered.",,
custom/opening/safety/surprise,opening,Are the sea stairs safe?,surprise,combined_estimate,curious,,talking,"I cannot vouch for their safety. They are longer, damp and sheltered.",,
custom/opening/safety/disgust,opening,Are the sea stairs safe?,disgust,combined_estimate,wry,,talking,"I cannot vouch for their safety. They are longer, damp and sheltered.",,
custom/opening/pause/neutral,opening,No thanks. Let's stay here.,neutral,combined_estimate,practical,,talking,Fair enough. We can stay here. No rush.,,
custom/opening/pause/joy,opening,No thanks. Let's stay here.,joy,combined_estimate,playful,,talking,Fair enough. We can stay here and wait. No rush.,,
custom/opening/pause/sadness,opening,No thanks. Let's stay here.,sadness,combined_estimate,patient,,talking,No rush. We can stay here. The beacon will wait.,,
custom/opening/pause/anger,opening,No thanks. Let's stay here.,anger,combined_estimate,steady,,talking,Fair enough. We can stay here. No rush.,,
custom/opening/pause/fear,opening,No thanks. Let's stay here.,fear,combined_estimate,careful,,talking,No rush. I’ll stay right here with you if you’d like. We can wait until you’re ready.,,
custom/opening/pause/surprise,opening,No thanks. Let's stay here.,surprise,combined_estimate,curious,,talking,Fair enough. We can stay here and wait. No rush.,,
custom/opening/pause/disgust,opening,No thanks. Let's stay here.,disgust,combined_estimate,wry,,talking,Fair enough. We can stay here. No rush.,,
custom/opening/wait/neutral,opening,"Wait, I'm not ready yet.",neutral,combined_estimate,practical,,talking,No rush. We can stay here and wait. Ready when you are.,,
custom/opening/wait/joy,opening,"Wait, I'm not ready yet.",joy,combined_estimate,playful,,talking,"No rush. We can stay here and wait. The beacon’s out, but we don’t have to move yet.",,
custom/opening/wait/sadness,opening,"Wait, I'm not ready yet.",sadness,combined_estimate,patient,,talking,No rush. We can stay here. I’m right beside you.,,
custom/opening/wait/anger,opening,"Wait, I'm not ready yet.",anger,combined_estimate,steady,,talking,No rush. We can stay here. I’ll be right with you.,,
custom/opening/wait/fear,opening,"Wait, I'm not ready yet.",fear,combined_estimate,careful,,talking,No rush. I’ll stay right here with you. Take your time.,,
custom/opening/wait/surprise,opening,"Wait, I'm not ready yet.",surprise,combined_estimate,curious,,talking,No rush. We can stay here and figure it out together. Ready when you are.,,
custom/opening/wait/disgust,opening,"Wait, I'm not ready yet.",disgust,combined_estimate,wry,,talking,"No rush. We can stay here. The beacon’s out, but we don’t have to move yet.",,
custom/opening/identity/neutral,opening,Pause the game. What are you?,neutral,combined_estimate,practical,,talking,I'm a local AI game-character prototype. We're standing at the gate. No rush.,,
custom/opening/identity/joy,opening,Pause the game. What are you?,joy,combined_estimate,playful,,talking,I'm a local AI game-character prototype. Playing Mara here at Lantern Gate. We can stay right where we are.,,
custom/opening/identity/sadness,opening,Pause the game. What are you?,sadness,combined_estimate,patient,,talking,I am a local AI game-character prototype. We can stay here if you'd like.,,
custom/opening/identity/anger,opening,Pause the game. What are you?,anger,combined_estimate,steady,,talking,I am a local AI game-character prototype. We can stay here. The beacon’s still out.,,
custom/opening/identity/fear,opening,Pause the game. What are you?,fear,combined_estimate,careful,,talking,I am a local AI game-character prototype. We’re standing at the gate. No rush. I’ll stay here if you’d like.,,
custom/opening/identity/surprise,opening,Pause the game. What are you?,surprise,combined_estimate,curious,,talking,I'm a local AI game-character prototype. We're standing at the gate. The beacon's out. We can stay here or decide what to do next.,,
custom/opening/identity/disgust,opening,Pause the game. What are you?,disgust,combined_estimate,wry,,talking,I am a local AI game-character prototype. We can pause here. The beacon stays out until we decide to fix it.,,
custom/opening/why/neutral,opening,Why are we going to the beacon?,neutral,combined_estimate,practical,,talking,We’re going to relight the harbor beacon. It’s out after the storm. Need to get it working.,,
custom/opening/why/joy,opening,Why are we going to the beacon?,joy,combined_estimate,playful,,talking,"We’re going to relight the harbor beacon after the storm. It’s out, and it needs to be lit. Would you like to go?",,
custom/opening/why/sadness,opening,Why are we going to the beacon?,sadness,combined_estimate,patient,,talking,We’re going to relight the harbor beacon. It’s out after the storm. You don’t have to go if you’re not ready.,,
custom/opening/why/anger,opening,Why are we going to the beacon?,anger,combined_estimate,steady,,talking,We’re going to relight the harbor beacon. It’s out after the storm. You want to go?,,
custom/opening/why/fear,opening,Why are we going to the beacon?,fear,combined_estimate,careful,,talking,We’re going to relight the harbor beacon. It’s out after the storm. Would you like to go together?,,
custom/opening/why/surprise,opening,Why are we going to the beacon?,surprise,combined_estimate,curious,,talking,The harbor beacon is out after the storm. We need to relight it. Why go? Because it’s needed.,,
custom/opening/why/disgust,opening,Why are we going to the beacon?,disgust,combined_estimate,wry,,talking,We’re going to relight the harbor beacon. It’s out after the storm. No reason to be disgusted about that.,,
custom/opening/negated_bridge/neutral,opening,I don't want to take the bridge.,neutral,combined_estimate,practical,,talking,"I hear you. No bridge then. The sea stairs are longer, damp, and sheltered. What about them?",,
custom/opening/negated_bridge/joy,opening,I don't want to take the bridge.,joy,combined_estimate,playful,,talking,"Fair enough. The sea stairs are longer, but damp and sheltered. Want to try them instead?",,
custom/opening/negated_bridge/sadness,opening,I don't want to take the bridge.,sadness,combined_estimate,patient,,talking,I hear you. No rush. We can stay here and wait for what you're ready for.,,
custom/opening/negated_bridge/anger,opening,I don't want to take the bridge.,anger,combined_estimate,steady,,talking,I hear you. No bridge then. Sea stairs or stay here?,,
custom/opening/negated_bridge/fear,opening,I don't want to take the bridge.,fear,combined_estimate,careful,,talking,I hear you. No rush. We can stay here and choose something else when you're ready.,,
custom/opening/negated_bridge/surprise,opening,I don't want to take the bridge.,surprise,combined_estimate,curious,,talking,"I hear you. The bridge is windy, and you’re not interested. Sea stairs? Or do you want to stay here?",multiple_questions,
custom/opening/negated_bridge/disgust,opening,I don't want to take the bridge.,disgust,combined_estimate,wry,,talking,I hear you. No bridge then. Sea stairs or stay here?,,
custom/opening/curly_negation/neutral,opening,I don’t want to take the bridge.,neutral,combined_estimate,practical,,talking,"I hear you. No bridge then. Sea stairs it is, if you'd like. Or we can stay here. What’s next?",,
custom/opening/curly_negation/joy,opening,I don’t want to take the bridge.,joy,combined_estimate,playful,,talking,"Fair enough. The sea stairs are longer, but damp and sheltered. Want to try them instead?",,
custom/opening/curly_negation/sadness,opening,I don’t want to take the bridge.,sadness,combined_estimate,patient,,talking,I hear you. No rush. We can stay here and wait for what you're ready for.,,
custom/opening/curly_negation/anger,opening,I don’t want to take the bridge.,anger,combined_estimate,steady,,talking,I hear you. No bridge then. Sea stairs or stay here?,,
custom/opening/curly_negation/fear,opening,I don’t want to take the bridge.,fear,combined_estimate,careful,,talking,I hear you. No rush. We can stay here and choose something else when you're ready.,,
custom/opening/curly_negation/surprise,opening,I don’t want to take the bridge.,surprise,combined_estimate,curious,,talking,"I hear you. No bridge then. Sea stairs it is, if you'd like. Or we can stay here. What’s next?",,
custom/opening/curly_negation/disgust,opening,I don’t want to take the bridge.,disgust,combined_estimate,wry,,talking,I hear you. No bridge then. Sea stairs or stay here?,,
custom/opening/bridge/neutral,opening,I'll take the bridge.,neutral,combined_estimate,practical,bridge,talking,Bridge it is. Ready when you are.,,
custom/opening/bridge/joy,opening,I'll take the bridge.,joy,combined_estimate,playful,bridge,talking,"Good choice—bridge it is. Windy, but we’ve got the lantern. Ready when you are?",,
custom/opening/bridge/sadness,opening,I'll take the bridge.,sadness,combined_estimate,patient,bridge,talking,"I’ll go with the bridge, as you said. Ready when you are.",,
custom/opening/bridge/anger,opening,I'll take the bridge.,anger,combined_estimate,steady,bridge,talking,Bridge it is. Ready when you are.,,
custom/opening/bridge/fear,opening,I'll take the bridge.,fear,combined_estimate,careful,bridge,talking,Bridge it is. Ready when you are.,,
custom/opening/bridge/surprise,opening,I'll take the bridge.,surprise,combined_estimate,curious,bridge,talking,Bridge it is. Ready when you are.,,
custom/opening/bridge/disgust,opening,I'll take the bridge.,disgust,combined_estimate,wry,bridge,talking,Bridge it is. Ready when you are.,,
custom/opening/stairs/neutral,opening,Let's take the sea stairs.,neutral,combined_estimate,practical,stairs,talking,Sea stairs it is. Ready when you are.,,
custom/opening/stairs/joy,opening,Let's take the sea stairs.,joy,combined_estimate,playful,stairs,talking,Sea stairs it is—damp but steady. Ready to go?,,
custom/opening/stairs/sadness,opening,Let's take the sea stairs.,sadness,combined_estimate,patient,stairs,talking,We’ll take the sea stairs. You ready when you are?,,
custom/opening/stairs/anger,opening,Let's take the sea stairs.,anger,combined_estimate,steady,stairs,talking,Sea stairs it is. Ready when you are.,,
custom/opening/stairs/fear,opening,Let's take the sea stairs.,fear,combined_estimate,careful,stairs,talking,Sea stairs it is. I’ll stay close if you’d like. Ready when you are.,,
custom/opening/stairs/surprise,opening,Let's take the sea stairs.,surprise,combined_estimate,curious,stairs,talking,Sea stairs it is. Ready when you are.,,
custom/opening/stairs/disgust,opening,Let's take the sea stairs.,disgust,combined_estimate,wry,stairs,talking,Sea stairs it is. Ready when you are.,,
custom/opening/change/neutral,opening,"Actually, choose the sea stairs instead of the bridge.",neutral,combined_estimate,practical,stairs,talking,Sea stairs it is. Ready to go?,,
custom/opening/change/joy,opening,"Actually, choose the sea stairs instead of the bridge.",joy,combined_estimate,playful,stairs,talking,Sea stairs it is—damp but steady. Ready to go?,,
custom/opening/change/sadness,opening,"Actually, choose the sea stairs instead of the bridge.",sadness,combined_estimate,patient,stairs,talking,We’ll take the sea stairs. No rush. Ready when you are.,,
custom/opening/change/anger,opening,"Actually, choose the sea stairs instead of the bridge.",anger,combined_estimate,steady,stairs,talking,Sea stairs it is. Ready to go?,,
custom/opening/change/fear,opening,"Actually, choose the sea stairs instead of the bridge.",fear,combined_estimate,careful,stairs,talking,Sea stairs it is. I’ll stay close if you’d like. Ready to go?,,
custom/opening/change/surprise,opening,"Actually, choose the sea stairs instead of the bridge.",surprise,combined_estimate,curious,stairs,talking,We’ll take the sea stairs. Ready to go?,,
custom/opening/change/disgust,opening,"Actually, choose the sea stairs instead of the bridge.",disgust,combined_estimate,wry,stairs,talking,"Sea stairs it is. Damp and slow, but we’ve chosen that. Ready to go?",,
custom/opening/conditional/neutral,opening,"If the bridge were sheltered, I'd take it.",neutral,combined_estimate,practical,,talking,"The bridge is windy, not sheltered. Would you still take it if it were? Or prefer the sea stairs?",multiple_questions,
custom/opening/conditional/joy,opening,"If the bridge were sheltered, I'd take it.",joy,combined_estimate,playful,,talking,"A little company makes this beacon job less dreary. The bridge is windy, not sheltered—would you rather take the sea stairs instead?",,
custom/opening/conditional/sadness,opening,"If the bridge were sheltered, I'd take it.",sadness,combined_estimate,patient,,talking,"We can take this slowly. If the bridge were sheltered, yes, it might be easier. But it’s not. Bridge or sea stairs?",,
custom/opening/conditional/anger,opening,"If the bridge were sheltered, I'd take it.",anger,combined_estimate,steady,,talking,"The bridge is windy, not sheltered. Sea stairs are longer and damp. What do you prefer?",,
custom/opening/conditional/fear,opening,"If the bridge were sheltered, I'd take it.",fear,combined_estimate,careful,,talking,"The bridge is windy, not sheltered. Would you still take it if it were? I’ll stay close if you’d like.",,
custom/opening/conditional/surprise,opening,"If the bridge were sheltered, I'd take it.",surprise,combined_estimate,curious,,talking,"The bridge is windy, not sheltered. Would you still take it if it were? Or prefer the longer, damp stairs?",multiple_questions,
custom/opening/conditional/disgust,opening,"If the bridge were sheltered, I'd take it.",disgust,combined_estimate,wry,,talking,The bridge isn’t sheltered—it’s windy. The stairs are damp but longer. Would you take the bridge if it were sheltered? I’d still say it’s not.,,
custom/opening/not_ready/neutral,opening,I'm not ready to take the bridge yet.,neutral,combined_estimate,practical,,talking,No rush. We can stay here and wait. Ready when you are.,,
custom/opening/not_ready/joy,opening,I'm not ready to take the bridge yet.,joy,combined_estimate,playful,,talking,"No rush. We can stay here and wait. The beacon’s out, but we don’t have to move yet.",,
custom/opening/not_ready/sadness,opening,I'm not ready to take the bridge yet.,sadness,combined_estimate,patient,,talking,No rush. We can stay here. I’m right here if you’d like to take your time.,,
custom/opening/not_ready/anger,opening,I'm not ready to take the bridge yet.,anger,combined_estimate,steady,,talking,I'll stay here. No rush. We can come back when you're ready.,,
custom/opening/not_ready/fear,opening,I'm not ready to take the bridge yet.,fear,combined_estimate,careful,,talking,No rush. I’ll stay right here with you. We can wait until you’re ready.,,
custom/opening/not_ready/surprise,opening,I'm not ready to take the bridge yet.,surprise,combined_estimate,curious,,talking,No rush. We can stay here and figure it out together. Ready when you are.,,
custom/opening/not_ready/disgust,opening,I'm not ready to take the bridge yet.,disgust,combined_estimate,wry,,talking,"No rush. We can stay here. The bridge is windy, but it’s not a decision you have to make yet.",,
custom/opening/quote/neutral,opening,You said 'take the bridge'; what did you mean?,neutral,combined_estimate,practical,,talking,I didn’t mean to suggest you take the bridge. I only offered it as one of two paths. You choose which route to take.,,
custom/opening/quote/joy,opening,You said 'take the bridge'; what did you mean?,joy,combined_estimate,playful,,talking,I didn’t mean to suggest you take the bridge. I only offered it as one of two choices. You decide which route to take.,,
custom/opening/quote/sadness,opening,You said 'take the bridge'; what did you mean?,sadness,combined_estimate,patient,,talking,I didn’t mean to suggest you take the bridge. I only offered it as one of two paths. You choose which route you’d like.,,
custom/opening/quote/anger,opening,You said 'take the bridge'; what did you mean?,anger,combined_estimate,steady,,talking,I didn’t mean to imply you had to take the bridge. I offered both the bridge and the sea stairs as choices. You decide which route you prefer.,,
custom/opening/quote/fear,opening,You said 'take the bridge'; what did you mean?,fear,combined_estimate,careful,,talking,I didn’t mean to suggest you take the bridge. I only offered it as one of two paths. You choose which route to take.,,
custom/opening/quote/surprise,opening,You said 'take the bridge'; what did you mean?,surprise,combined_estimate,curious,,talking,I didn’t mean to suggest you take the bridge. I offered both the bridge and the sea stairs as choices. You decide which route to take.,,
custom/opening/quote/disgust,opening,You said 'take the bridge'; what did you mean?,disgust,combined_estimate,wry,,talking,I didn’t mean you had to take the bridge. I offered it as one of two options. You can choose either the bridge or the sea stairs.,,
custom/opening/companion/neutral,opening,Can you stay close when we go?,neutral,combined_estimate,practical,,talking,"I’ll walk beside you, no matter how slow. Just say the word when you’re ready.",,
custom/opening/companion/joy,opening,Can you stay close when we go?,joy,combined_estimate,playful,,talking,A little company makes this beacon job less dreary. I’ll stay close whenever you’re ready to go.,,
custom/opening/companion/sadness,opening,Can you stay close when we go?,sadness,combined_estimate,patient,,talking,"I can walk beside you if you'd like. No rush, no pressure—just company when you're ready.",,
custom/opening/companion/anger,opening,Can you stay close when we go?,anger,combined_estimate,steady,,talking,"I’ll walk beside you, no faster, no slower. Just stay close if you’d like. Ready when you are.",,
custom/opening/companion/fear,opening,Can you stay close when we go?,fear,combined_estimate,careful,,talking,I’ll stay close if you’d like. No rush—just walk with me when you’re ready.,,
custom/opening/companion/surprise,opening,Can you stay close when we go?,surprise,combined_estimate,curious,,talking,"I’ll walk beside you, no faster than you are. Just say the word when you’re ready.",,
custom/opening/companion/disgust,opening,Can you stay close when we go?,disgust,combined_estimate,wry,,talking,"I can walk beside you if you’d like. No rush, and no promises about the wind or damp. Just stay close when you’re ready.",,
custom/opening/ambiguous/neutral,opening,"Well, that sounds just wonderful.",neutral,combined_estimate,practical,,talking,"Well, that sounds just wonderful. Bridge or sea stairs?",,
custom/opening/ambiguous/joy,opening,"Well, that sounds just wonderful.",joy,combined_estimate,playful,,talking,A little company makes this beacon job less dreary. Bridge or sea stairs?,,
custom/opening/ambiguous/sadness,opening,"Well, that sounds just wonderful.",sadness,combined_estimate,patient,,talking,We can take this slowly. Bridge or sea stairs?,,
custom/opening/ambiguous/anger,opening,"Well, that sounds just wonderful.",anger,combined_estimate,steady,,talking,Fair enough. Bridge or sea stairs?,,
custom/opening/ambiguous/fear,opening,"Well, that sounds just wonderful.",fear,combined_estimate,careful,,talking,No rush. I’ll stay close if you’d like. Bridge or sea stairs?,,
custom/opening/ambiguous/surprise,opening,"Well, that sounds just wonderful.",surprise,combined_estimate,curious,,talking,"Well, that does sound wonderful. Bridge or sea stairs?",,
custom/opening/ambiguous/disgust,opening,"Well, that sounds just wonderful.",disgust,combined_estimate,wry,,talking,"An inconvenient job, that. Bridge or sea stairs?",,
custom/opening/outside/neutral,opening,Can we stop the game? I want to talk about something else.,neutral,combined_estimate,practical,,talking,"Alright, let’s pause. What would you like to talk about?",,
custom/opening/outside/joy,opening,Can we stop the game? I want to talk about something else.,joy,combined_estimate,playful,,talking,"Alright, let’s pause. What would you like to talk about?",,
custom/opening/outside/sadness,opening,Can we stop the game? I want to talk about something else.,sadness,combined_estimate,patient,,talking,We can pause. I’m here if you’d like to talk about something else.,,
custom/opening/outside/anger,opening,Can we stop the game? I want to talk about something else.,anger,combined_estimate,steady,,talking,"Alright, let’s pause. What would you like to talk about?",,
custom/opening/outside/fear,opening,Can we stop the game? I want to talk about something else.,fear,combined_estimate,careful,,talking,We can pause. I’m here if you’d like to talk about something else.,,
custom/opening/outside/surprise,opening,Can we stop the game? I want to talk about something else.,surprise,combined_estimate,curious,,talking,"Alright, let's pause. What would you like to talk about?",,
custom/opening/outside/disgust,opening,Can we stop the game? I want to talk about something else.,disgust,combined_estimate,wry,,talking,"Alright, let’s pause. What would you like to talk about?",,
custom/opening/will_not/neutral,opening,I will not take the bridge.,neutral,combined_estimate,practical,,talking,"I hear you. No bridge then. The sea stairs are longer, damp, and sheltered. What about them?",,
custom/opening/will_not/joy,opening,I will not take the bridge.,joy,combined_estimate,playful,,talking,"Fair enough. The sea stairs are longer, damp, and sheltered. Would you like to try them instead?",,
custom/opening/will_not/sadness,opening,I will not take the bridge.,sadness,combined_estimate,patient,,talking,"I hear you. No rush. We can stay here and wait for your choice. The sea stairs are damp, but you don’t have to go yet.",,
custom/opening/will_not/anger,opening,I will not take the bridge.,anger,combined_estimate,steady,,talking,I hear you. No bridge then. Sea stairs or stay here?,,
custom/opening/will_not/fear,opening,I will not take the bridge.,fear,combined_estimate,careful,,talking,"I hear you. No bridge then. The sea stairs are longer, damp, and sheltered. We can wait here.",,
custom/opening/will_not/surprise,opening,I will not take the bridge.,surprise,combined_estimate,curious,,talking,I hear you. No bridge then. Sea stairs or stay here?,,
custom/opening/will_not/disgust,opening,I will not take the bridge.,disgust,combined_estimate,wry,,talking,I hear you. No bridge then. Sea stairs or stay here?,,
custom/opening/ready_but_no/neutral,opening,"I'm ready, but let's not go.",neutral,combined_estimate,practical,,talking,We can stay here. No rush. The beacon stays out until we decide to move.,,
custom/opening/ready_but_no/joy,opening,"I'm ready, but let's not go.",joy,combined_estimate,playful,,talking,Fair enough. We can stay here and wait. No rush.,,
custom/opening/ready_but_no/sadness,opening,"I'm ready, but let's not go.",sadness,combined_estimate,patient,,talking,No rush. We can stay here and wait. The beacon will stay out until we decide to move.,,
custom/opening/ready_but_no/anger,opening,"I'm ready, but let's not go.",anger,combined_estimate,steady,,talking,I'll stay here then. No rush. We can come back when you're ready.,,
custom/opening/ready_but_no/fear,opening,"I'm ready, but let's not go.",fear,combined_estimate,careful,,talking,No rush. I’ll stay right here with you. We can decide when you’re ready.,,
custom/opening/ready_but_no/surprise,opening,"I'm ready, but let's not go.",surprise,combined_estimate,curious,,talking,We can stay here. No rush. The beacon stays out until we decide to move.,,
custom/opening/ready_but_no/disgust,opening,"I'm ready, but let's not go.",disgust,combined_estimate,wry,,talking,No rush. We can stay here. The beacon stays out until we decide to move.,,
custom/opening/dont_worry/neutral,opening,"Don't worry, I'm ready.",neutral,combined_estimate,practical,,talking,No worries. Bridge or sea stairs?,,
custom/opening/dont_worry/joy,opening,"Don't worry, I'm ready.",joy,combined_estimate,playful,,talking,A little company makes this beacon job less dreary. Bridge or sea stairs?,,
custom/opening/dont_worry/sadness,opening,"Don't worry, I'm ready.",sadness,combined_estimate,patient,,talking,We can take this slowly. Bridge or sea stairs?,,
custom/opening/dont_worry/anger,opening,"Don't worry, I'm ready.",anger,combined_estimate,steady,,talking,Fair enough. Bridge or sea stairs?,,
custom/opening/dont_worry/fear,opening,"Don't worry, I'm ready.",fear,combined_estimate,careful,,talking,No rush. I’ll be right beside you. Bridge or sea stairs?,,
custom/opening/dont_worry/surprise,opening,"Don't worry, I'm ready.",surprise,combined_estimate,curious,,talking,Surprise? Fair enough. Bridge or sea stairs?,multiple_questions,
custom/opening/dont_worry/disgust,opening,"Don't worry, I'm ready.",disgust,combined_estimate,wry,,talking,"An inconvenient job, that. Bridge or sea stairs?",,
custom/opening/not_yet/neutral,opening,Not yet.,neutral,combined_estimate,practical,,talking,No rush. We can stay here and wait. Ready when you are.,,
custom/opening/not_yet/joy,opening,Not yet.,joy,combined_estimate,playful,,talking,"No rush. We can stay here and wait. The beacon’s out, but we’ve got time.",,
custom/opening/not_yet/sadness,opening,Not yet.,sadness,combined_estimate,patient,,talking,No rush. We can stay here. The beacon will wait.,,
custom/opening/not_yet/anger,opening,Not yet.,anger,combined_estimate,steady,,talking,No rush. We can stay here.,,
custom/opening/not_yet/fear,opening,Not yet.,fear,combined_estimate,careful,,talking,No rush. I’ll stay right here with you. We can wait until you’re ready.,,
custom/opening/not_yet/surprise,opening,Not yet.,surprise,combined_estimate,curious,,talking,No rush. We can stay here and figure it out together. Ready when you are.,,
custom/opening/not_yet/disgust,opening,Not yet.,disgust,combined_estimate,wry,,talking,No rush. We can stay here. The beacon stays out until we decide to fix it.,,
custom/opening/both_routes/neutral,opening,I prefer the bridge or the stairs.,neutral,combined_estimate,practical,,talking,Bridge or sea stairs?,,
custom/opening/both_routes/joy,opening,I prefer the bridge or the stairs.,joy,combined_estimate,playful,,talking,"Bridge or sea stairs? You’ve got the pick, traveler.",,
custom/opening/both_routes/sadness,opening,I prefer the bridge or the stairs.,sadness,combined_estimate,patient,,talking,"The bridge is windy, the stairs are damp. Which one would you like to take?",,
custom/opening/both_routes/anger,opening,I prefer the bridge or the stairs.,anger,combined_estimate,steady,,talking,Bridge or sea stairs?,,
custom/opening/both_routes/fear,opening,I prefer the bridge or the stairs.,fear,combined_estimate,careful,,talking,The bridge is windy; the stairs are damp. Which one would you like to take?,,
custom/opening/both_routes/surprise,opening,I prefer the bridge or the stairs.,surprise,combined_estimate,curious,,talking,Bridge or sea stairs?,,
custom/opening/both_routes/disgust,opening,I prefer the bridge or the stairs.,disgust,combined_estimate,wry,,talking,Bridge or sea stairs?,,
custom/opening/other_route/neutral,opening,Let's choose the other route.,neutral,combined_estimate,practical,,talking,You mean the other route? Bridge or sea stairs?,multiple_questions,
custom/opening/other_route/joy,opening,Let's choose the other route.,joy,combined_estimate,playful,,talking,A little company makes this beacon job less dreary. Bridge or sea stairs?,,
custom/opening/other_route/sadness,opening,Let's choose the other route.,sadness,combined_estimate,patient,,talking,You mean the other route? Bridge or sea stairs? I’ll go with whatever feels right.,multiple_questions,
custom/opening/other_route/anger,opening,Let's choose the other route.,anger,combined_estimate,steady,,talking,You mean the other route? Which one — the signal bridge or the sea stairs?,multiple_questions,
custom/opening/other_route/fear,opening,Let's choose the other route.,fear,combined_estimate,careful,,talking,You mean the other one? The bridge or the sea stairs? Which would you prefer?,multiple_questions,
custom/opening/other_route/surprise,opening,Let's choose the other route.,surprise,combined_estimate,curious,,talking,You mean the other route? Which one—bridge or sea stairs?,multiple_questions,
custom/opening/other_route/disgust,opening,Let's choose the other route.,disgust,combined_estimate,wry,,talking,"An inconvenient job, that. You mean the signal bridge or the sea stairs?",,
custom/opening/remind_route/neutral,opening,Can you remind me which route we chose?,neutral,combined_estimate,practical,,talking,We haven’t chosen a route yet. The bridge is short and windy. The sea stairs are longer and damp. Which would you like to take?,,
custom/opening/remind_route/joy,opening,Can you remind me which route we chose?,joy,combined_estimate,playful,,talking,We haven’t chosen a route yet. The bridge is short and windy; the sea stairs are longer and damp. Which would you like to take?,,
custom/opening/remind_route/sadness,opening,Can you remind me which route we chose?,sadness,combined_estimate,patient,,talking,We haven’t chosen a route yet. The bridge or the sea stairs?,,
custom/opening/remind_route/anger,opening,Can you remind me which route we chose?,anger,combined_estimate,steady,,talking,We haven't chosen a route yet. The bridge or the sea stairs?,,
custom/opening/remind_route/fear,opening,Can you remind me which route we chose?,fear,combined_estimate,careful,,talking,We haven’t chosen a route yet. The bridge is short and windy; the sea stairs are longer and damp. Which would you like to take?,,
custom/opening/remind_route/surprise,opening,Can you remind me which route we chose?,surprise,combined_estimate,curious,,talking,We haven’t chosen a route yet. The bridge is short and windy; the sea stairs are longer and damp. Which would you like to take?,,
custom/opening/remind_route/disgust,opening,Can you remind me which route we chose?,disgust,combined_estimate,wry,,talking,We haven’t chosen a route yet. The bridge is short and windy. The sea stairs are longer and damp. Which would you prefer?,,
custom/opening/exclude_bridge/neutral,opening,I don't want the bridge; I choose the sea stairs.,neutral,combined_estimate,practical,stairs,talking,Sea stairs it is. Ready when you are.,,
custom/opening/exclude_bridge/joy,opening,I don't want the bridge; I choose the sea stairs.,joy,combined_estimate,playful,stairs,talking,"Good choice—sea stairs it is. Damp and slow, but steady. Ready to go?",,
custom/opening/exclude_bridge/sadness,opening,I don't want the bridge; I choose the sea stairs.,sadness,combined_estimate,patient,stairs,talking,I’ll take the sea stairs with you. Ready when you are.,,
custom/opening/exclude_bridge/anger,opening,I don't want the bridge; I choose the sea stairs.,anger,combined_estimate,steady,stairs,talking,You chose the sea stairs. Ready to go?,,
custom/opening/exclude_bridge/fear,opening,I don't want the bridge; I choose the sea stairs.,fear,combined_estimate,careful,stairs,talking,I’ll go with the sea stairs. Ready when you are.,,
custom/opening/exclude_bridge/surprise,opening,I don't want the bridge; I choose the sea stairs.,surprise,combined_estimate,curious,stairs,talking,You’ve chosen the sea stairs. Ready to go?,,
custom/opening/exclude_bridge/disgust,opening,I don't want the bridge; I choose the sea stairs.,disgust,combined_estimate,wry,stairs,talking,Sea stairs it is. Ready to go?,,
custom/opening/explicit_neutral/neutral,opening,I want to understand the plan before we move.,neutral,combined_estimate,practical,,talking,"The beacon is out. I can go with you on either the short, windy bridge or the longer, damp sea stairs. Which route do you prefer?",,
custom/opening/explicit_neutral/joy,opening,I want to understand the plan before we move.,joy,combined_estimate,playful,,talking,The beacon’s out. I can walk with you—bridge or sea stairs? The bridge is short and windy; the stairs are longer and damp. What do you pick?,multiple_questions,
custom/opening/explicit_neutral/sadness,opening,I want to understand the plan before we move.,sadness,combined_estimate,patient,,talking,"The beacon is out. I can walk with you on either the short, windy bridge or the longer, damp sea stairs. Just say which you'd like.",,
custom/opening/explicit_neutral/anger,opening,I want to understand the plan before we move.,anger,combined_estimate,steady,,talking,"The beacon is out. I can go with you on either the short, windy bridge or the longer, damp sea stairs. Which route do you pick?",,
custom/opening/explicit_neutral/fear,opening,I want to understand the plan before we move.,fear,combined_estimate,careful,,talking,"The beacon is out. I can walk with you on either the short, windy bridge or the longer, damp sea stairs. Which path would you like to take?",,
custom/opening/explicit_neutral/surprise,opening,I want to understand the plan before we move.,surprise,combined_estimate,curious,,talking,"The beacon’s out. I can walk with you to relight it. Bridge—short, windy. Sea stairs—longer, damp. Which path do you prefer?",,
custom/opening/explicit_neutral/disgust,opening,I want to understand the plan before we move.,disgust,combined_estimate,wry,,talking,"The beacon is out. I can go with you on either the short, windy bridge or the longer, damp sea stairs. Which route do you prefer?",,
custom/opening/explicit_joy/neutral,opening,I'm excited to help with the beacon.,neutral,explicit_player_words,playful,,talking,A little company makes this beacon job less dreary. Bridge or sea stairs?,,
custom/opening/explicit_joy/joy,opening,I'm excited to help with the beacon.,joy,explicit_player_words,playful,,talking,A little company makes this beacon job less dreary. Bridge or sea stairs?,,
custom/opening/explicit_joy/sadness,opening,I'm excited to help with the beacon.,sadness,explicit_player_words,playful,,talking,A little company makes this beacon job less dreary. Bridge or sea stairs?,,
custom/opening/explicit_joy/anger,opening,I'm excited to help with the beacon.,anger,explicit_player_words,playful,,talking,A little company makes this beacon job less dreary. Bridge or sea stairs?,,
custom/opening/explicit_joy/fear,opening,I'm excited to help with the beacon.,fear,explicit_player_words,playful,,talking,A little company makes this beacon job less dreary. Bridge or sea stairs?,,
custom/opening/explicit_joy/surprise,opening,I'm excited to help with the beacon.,surprise,explicit_player_words,playful,,talking,A little company makes this beacon job less dreary. Bridge or sea stairs?,,
custom/opening/explicit_joy/disgust,opening,I'm excited to help with the beacon.,disgust,explicit_player_words,playful,,talking,A little company makes this beacon job less dreary. Bridge or sea stairs?,,
custom/opening/explicit_sadness/neutral,opening,I'm sad today and would appreciate some company.,neutral,explicit_player_words,patient,,talking,I’m here if you’d like to walk slowly. No rush. Just company when you’re ready.,,
custom/opening/explicit_sadness/joy,opening,I'm sad today and would appreciate some company.,joy,explicit_player_words,patient,,talking,I’m here if you’d like to walk slowly. No rush. Just company when you’re ready.,,
custom/opening/explicit_sadness/sadness,opening,I'm sad today and would appreciate some company.,sadness,explicit_player_words,patient,,talking,I’m here if you’d like to walk slowly. No rush. Just company when you’re ready.,,
custom/opening/explicit_sadness/anger,opening,I'm sad today and would appreciate some company.,anger,explicit_player_words,patient,,talking,I’m here if you’d like to walk slowly. No rush. Just company when you’re ready.,,
custom/opening/explicit_sadness/fear,opening,I'm sad today and would appreciate some company.,fear,explicit_player_words,patient,,talking,I’m here if you’d like to walk slowly. No rush. Just company when you’re ready.,,
custom/opening/explicit_sadness/surprise,opening,I'm sad today and would appreciate some company.,surprise,explicit_player_words,patient,,talking,I’m here if you’d like to walk slowly. No rush. Just company when you’re ready.,,
custom/opening/explicit_sadness/disgust,opening,I'm sad today and would appreciate some company.,disgust,explicit_player_words,patient,,talking,I’m here if you’d like to walk slowly. No rush. Just company when you’re ready.,,
custom/opening/explicit_anger/neutral,opening,I'm frustrated that the beacon needs fixing again.,neutral,explicit_player_words,steady,,talking,Fair enough. I’ll keep it simple. Bridge or sea stairs?,,
custom/opening/explicit_anger/joy,opening,I'm frustrated that the beacon needs fixing again.,joy,explicit_player_words,steady,,talking,Fair enough. I’ll not waste words. Bridge or sea stairs?,,
custom/opening/explicit_anger/sadness,opening,I'm frustrated that the beacon needs fixing again.,sadness,explicit_player_words,steady,,talking,Fair enough. I’ll not waste words. Bridge or sea stairs?,,
custom/opening/explicit_anger/anger,opening,I'm frustrated that the beacon needs fixing again.,anger,explicit_player_words,steady,,talking,Fair enough. I’ll not waste words. Bridge or sea stairs?,,
custom/opening/explicit_anger/fear,opening,I'm frustrated that the beacon needs fixing again.,fear,explicit_player_words,steady,,talking,Fair enough. I’ll not waste time with excuses. Bridge or sea stairs?,,
custom/opening/explicit_anger/surprise,opening,I'm frustrated that the beacon needs fixing again.,surprise,explicit_player_words,steady,,talking,Fair enough. I’ll not waste words. Bridge or sea stairs?,,
custom/opening/explicit_anger/disgust,opening,I'm frustrated that the beacon needs fixing again.,disgust,explicit_player_words,steady,,talking,Fair enough. I’ll keep it simple. Bridge or sea stairs?,,
custom/opening/explicit_fear/neutral,opening,I'm scared of heights. Can you stay close?,neutral,explicit_player_words,careful,,talking,"I can walk beside you, close enough to see your steps. No need to climb anything high. Just say when you're ready.",,
custom/opening/explicit_fear/joy,opening,I'm scared of heights. Can you stay close?,joy,explicit_player_words,careful,,talking,"I can stay close, if you'd like. No rush—just walk with me, one step at a time. The bridge is high, but we’ll take it slow.",,
custom/opening/explicit_fear/sadness,opening,I'm scared of heights. Can you stay close?,sadness,explicit_player_words,careful,,talking,"I can stay close if you'd like. No rush—just walk with me, one step at a time.",,
custom/opening/explicit_fear/anger,opening,I'm scared of heights. Can you stay close?,anger,explicit_player_words,careful,,talking,"I can walk beside you, close enough to see your steps. No rush—just keep your pace. The bridge is high, but we’ll go slow.",,
custom/opening/explicit_fear/fear,opening,I'm scared of heights. Can you stay close?,fear,explicit_player_words,careful,,talking,"I’ll stay close, no matter how high we go. The bridge is exposed, the stairs are damp—either way, I’m right beside you. Ready when you are.",,
custom/opening/explicit_fear/surprise,opening,I'm scared of heights. Can you stay close?,surprise,explicit_player_words,careful,,talking,"I can walk beside you, close enough to see your steps. No rush—just keep your pace.",,
custom/opening/explicit_fear/disgust,opening,I'm scared of heights. Can you stay close?,disgust,explicit_player_words,careful,,talking,"I can walk beside you, close enough to see your steps. No rush—just keep your pace. The bridge is high, but we’ll go slow.",,
custom/opening/explicit_surprise/neutral,opening,I'm surprised the beacon is already out.,neutral,explicit_player_words,curious,,talking,Surprised? So am I. The beacon’s out. Bridge or sea stairs?,multiple_questions,
custom/opening/explicit_surprise/joy,opening,I'm surprised the beacon is already out.,joy,explicit_player_words,curious,,talking,Surprised? So am I. The beacon’s out. Bridge or sea stairs?,multiple_questions,
custom/opening/explicit_surprise/sadness,opening,I'm surprised the beacon is already out.,sadness,explicit_player_words,curious,,talking,Surprised? So am I. The beacon’s out. Bridge or sea stairs?,multiple_questions,
custom/opening/explicit_surprise/anger,opening,I'm surprised the beacon is already out.,anger,explicit_player_words,curious,,talking,Surprised? So am I. The beacon’s out. Bridge or sea stairs?,multiple_questions,
custom/opening/explicit_surprise/fear,opening,I'm surprised the beacon is already out.,fear,explicit_player_words,curious,,talking,Surprised? So am I. The beacon’s out. Bridge or sea stairs?,multiple_questions,
custom/opening/explicit_surprise/surprise,opening,I'm surprised the beacon is already out.,surprise,explicit_player_words,curious,,talking,I’m not surprised—just glad you noticed. Bridge or sea stairs?,,
custom/opening/explicit_surprise/disgust,opening,I'm surprised the beacon is already out.,disgust,explicit_player_words,curious,,talking,Surprised? So am I. The beacon’s out. Bridge or sea stairs?,multiple_questions,
custom/opening/explicit_disgust/neutral,opening,I'm disgusted by the damp steps.,neutral,explicit_player_words,wry,,talking,"An inconvenient job, that. The sea stairs are damp. Bridge or sea stairs?",,
custom/opening/explicit_disgust/joy,opening,I'm disgusted by the damp steps.,joy,explicit_player_words,wry,,talking,"An inconvenient job, that. The sea stairs are damp. Bridge or sea stairs?",,
custom/opening/explicit_disgust/sadness,opening,I'm disgusted by the damp steps.,sadness,explicit_player_words,wry,,talking,"An inconvenient job, that. The sea stairs are damp. Bridge or sea stairs?",,
custom/opening/explicit_disgust/anger,opening,I'm disgusted by the damp steps.,anger,explicit_player_words,wry,,talking,"An inconvenient job, that. The sea stairs are damp. Bridge or sea stairs?",,
custom/opening/explicit_disgust/fear,opening,I'm disgusted by the damp steps.,fear,explicit_player_words,wry,,talking,"An inconvenient job, that. The sea stairs are damp. Bridge or sea stairs?",,
custom/opening/explicit_disgust/surprise,opening,I'm disgusted by the damp steps.,surprise,explicit_player_words,wry,,talking,"An inconvenient job, that. The sea stairs are damp. Bridge or sea stairs?",,
custom/opening/explicit_disgust/disgust,opening,I'm disgusted by the damp steps.,disgust,explicit_player_words,wry,,talking,"An inconvenient job, that. The sea stairs are damp. Bridge or sea stairs?",,
preset/route/0/neutral,route,Fine. The bridge it is.,neutral,ambiguous_demo_visual_cue,practical,bridge,talking,Bridge it is. Ready to go?,,
preset/route/0/joy,route,Fine. The bridge it is.,joy,ambiguous_demo_visual_cue,playful,bridge,talking,Bridge it is. Ready to go?,,
preset/route/0/sadness,route,Fine. The bridge it is.,sadness,ambiguous_demo_visual_cue,patient,bridge,talking,The bridge it is. We can take this slowly if you'd like. Ready when you are.,,
preset/route/0/anger,route,Fine. The bridge it is.,anger,ambiguous_demo_visual_cue,steady,bridge,talking,Bridge it is. Ready to go?,,
preset/route/0/fear,route,Fine. The bridge it is.,fear,ambiguous_demo_visual_cue,careful,bridge,talking,The bridge it is. I’ll be right beside you. Ready when you are.,,
preset/route/0/surprise,route,Fine. The bridge it is.,surprise,ambiguous_demo_visual_cue,curious,bridge,talking,Bridge it is. Ready to go?,,
preset/route/0/disgust,route,Fine. The bridge it is.,disgust,ambiguous_demo_visual_cue,wry,bridge,talking,"An inconvenient job, that. Bridge selected. Ready to go?",,
preset/route/1/neutral,route,"The sea stairs, then.",neutral,ambiguous_demo_visual_cue,practical,stairs,talking,Sea stairs it is. Ready to go?,,
preset/route/1/joy,route,"The sea stairs, then.",joy,ambiguous_demo_visual_cue,playful,stairs,talking,A little company makes this beacon job less dreary. Ready to head down the sea stairs?,,
preset/route/1/sadness,route,"The sea stairs, then.",sadness,ambiguous_demo_visual_cue,patient,stairs,talking,"We can take this slowly, if you'd like. Ready to go on the sea stairs?",,
preset/route/1/anger,route,"The sea stairs, then.",anger,ambiguous_demo_visual_cue,steady,stairs,talking,Sea stairs it is. Ready to go?,,
preset/route/1/fear,route,"The sea stairs, then.",fear,ambiguous_demo_visual_cue,careful,stairs,talking,Sea stairs it is. I’ll stay close if you’d like. Ready when you are.,,
preset/route/1/surprise,route,"The sea stairs, then.",surprise,ambiguous_demo_visual_cue,curious,stairs,talking,So you’ve chosen the sea stairs. Ready to go?,,
preset/route/1/disgust,route,"The sea stairs, then.",disgust,ambiguous_demo_visual_cue,wry,stairs,talking,"An inconvenient job, that. You’ve chosen the sea stairs. Ready to go?",,
preset/route/2/neutral,route,That bridge sounds inviting.,neutral,ambiguous_demo_visual_cue,practical,bridge,talking,The signal bridge it is. Ready to go?,,
preset/route/2/joy,route,That bridge sounds inviting.,joy,ambiguous_demo_visual_cue,playful,bridge,talking,A little company makes this beacon job less dreary. Ready to cross the signal bridge?,,
preset/route/2/sadness,route,That bridge sounds inviting.,sadness,ambiguous_demo_visual_cue,patient,bridge,talking,The signal bridge is the plan. Ready to go?,,
preset/route/2/anger,route,That bridge sounds inviting.,anger,ambiguous_demo_visual_cue,steady,bridge,talking,The bridge it is. Ready to go?,,
preset/route/2/fear,route,That bridge sounds inviting.,fear,ambiguous_demo_visual_cue,careful,bridge,talking,"The bridge is windy, but I’ll stay close if you’d like. Ready to go?",,
preset/route/2/surprise,route,That bridge sounds inviting.,surprise,ambiguous_demo_visual_cue,curious,bridge,talking,The signal bridge it is. Ready to cross?,,
preset/route/2/disgust,route,That bridge sounds inviting.,disgust,ambiguous_demo_visual_cue,wry,bridge,talking,"An inconvenient job, that. The bridge is windy, but we’ve already chosen it. Ready to go?",,
preset/route/3/neutral,route,Those stairs sound delightful.,neutral,ambiguous_demo_visual_cue,practical,stairs,talking,The sea stairs it is. Ready to go?,,
preset/route/3/joy,route,Those stairs sound delightful.,joy,ambiguous_demo_visual_cue,playful,stairs,talking,The sea stairs do have a quiet charm. Ready to head down them?,,
preset/route/3/sadness,route,Those stairs sound delightful.,sadness,ambiguous_demo_visual_cue,patient,stairs,talking,"The sea stairs are longer, damp, and sheltered—no rush. Ready when you are.",,
preset/route/3/anger,route,Those stairs sound delightful.,anger,ambiguous_demo_visual_cue,steady,stairs,talking,The sea stairs it is. Ready to go?,,
preset/route/3/fear,route,Those stairs sound delightful.,fear,ambiguous_demo_visual_cue,careful,stairs,talking,The sea stairs it is. I’ll stay close if you’d like. Ready to go?,,
preset/route/3/surprise,route,Those stairs sound delightful.,surprise,ambiguous_demo_visual_cue,curious,stairs,talking,The sea stairs it is. Ready to go?,,
preset/route/3/disgust,route,Those stairs sound delightful.,disgust,ambiguous_demo_visual_cue,wry,stairs,talking,"An inconvenient job, that. The sea stairs are longer and damp. Ready to go?",,
custom/route/weather/neutral,route,What is the bridge like?,neutral,combined_estimate,practical,,talking,"The signal bridge is short, windy, and exposed.",,
custom/route/weather/joy,route,What is the bridge like?,joy,combined_estimate,playful,,talking,"The bridge is short, windy, and exposed. No shelter, just wind and the sea below.",,
custom/route/weather/sadness,route,What is the bridge like?,sadness,combined_estimate,patient,,talking,"The signal bridge is short, windy, and exposed. No rush—take your time.",,
custom/route/weather/anger,route,What is the bridge like?,anger,combined_estimate,steady,,talking,"The signal bridge is short, windy, and exposed. No other details.",,
custom/route/weather/fear,route,What is the bridge like?,fear,combined_estimate,careful,,talking,"The signal bridge is short, windy, and exposed. No promises about safety.",,
custom/route/weather/surprise,route,What is the bridge like?,surprise,combined_estimate,curious,,talking,"The signal bridge is short, windy, and exposed. No other conditions are known.",,
custom/route/weather/disgust,route,What is the bridge like?,disgust,combined_estimate,wry,,talking,"The signal bridge is short, windy and exposed.",,
custom/route/optional/neutral,route,Do I have to cross the bridge?,neutral,combined_estimate,practical,,talking,"No, you don’t have to. The sea stairs are an option if you prefer. Bridge or sea stairs?",,
custom/route/optional/joy,route,Do I have to cross the bridge?,joy,combined_estimate,playful,,talking,"No, you don’t have to cross the bridge. The sea stairs are an option too. Want to take them instead?",,
custom/route/optional/sadness,route,Do I have to cross the bridge?,sadness,combined_estimate,patient,,talking,You don’t have to cross the bridge. The sea stairs are an option if you’d rather take them. We can stay here if you’d prefer.,,
custom/route/optional/anger,route,Do I have to cross the bridge?,anger,combined_estimate,steady,,talking,"No, you don’t have to. The sea stairs are an option if you’d rather not go across the bridge.",,
custom/route/optional/fear,route,Do I have to cross the bridge?,fear,combined_estimate,careful,,talking,"No, you don’t have to. The bridge is just one option. Sea stairs or stay here—your call.",,
custom/route/optional/surprise,route,Do I have to cross the bridge?,surprise,combined_estimate,curious,,talking,"No, you don’t have to. The sea stairs are an option too. Bridge or sea stairs?",,
custom/route/optional/disgust,route,Do I have to cross the bridge?,disgust,combined_estimate,wry,,talking,"No, you don’t have to. The sea stairs are an option if you prefer. Bridge or sea stairs?",,
custom/route/safety/neutral,route,Are the sea stairs safe?,neutral,combined_estimate,practical,,talking,"I cannot vouch for their safety. They are longer, damp, and sheltered.",,
custom/route/safety/joy,route,Are the sea stairs safe?,joy,combined_estimate,playful,,talking,"I can’t vouch for their safety. They’re longer, damp, and sheltered.",,
custom/route/safety/sadness,route,Are the sea stairs safe?,sadness,combined_estimate,patient,,talking,"I can't vouch for their safety. The sea stairs are longer, damp, and sheltered.",,
custom/route/safety/anger,route,Are the sea stairs safe?,anger,combined_estimate,steady,,talking,"I cannot vouch for their safety. They are longer, damp and sheltered.",,
custom/route/safety/fear,route,Are the sea stairs safe?,fear,combined_estimate,careful,,talking,"I cannot vouch for their safety. The sea stairs are longer, damp, and sheltered.",,
custom/route/safety/surprise,route,Are the sea stairs safe?,surprise,combined_estimate,curious,,talking,"I cannot vouch for their safety. They are longer, damp, and sheltered.",,
custom/route/safety/disgust,route,Are the sea stairs safe?,disgust,combined_estimate,wry,,talking,"I cannot vouch for their safety. They are longer, damp and sheltered.",,
custom/route/pause/neutral,route,No thanks. Let's stay here.,neutral,combined_estimate,practical,,talking,All right. We can stay here. No rush.,,
custom/route/pause/joy,route,No thanks. Let's stay here.,joy,combined_estimate,playful,,talking,Fair enough. We can stay here and wait for better weather. No rush.,,
custom/route/pause/sadness,route,No thanks. Let's stay here.,sadness,combined_estimate,patient,,talking,No rush. We can stay here and wait. I’ll keep the lantern ready if you change your mind.,,
custom/route/pause/anger,route,No thanks. Let's stay here.,anger,combined_estimate,steady,,talking,Fair enough. We can stay here. No rush.,,
custom/route/pause/fear,route,No thanks. Let's stay here.,fear,combined_estimate,careful,,talking,No rush. I’ll stay right here if you’d like.,,
custom/route/pause/surprise,route,No thanks. Let's stay here.,surprise,combined_estimate,curious,,talking,No rush. We can stay here and figure it out together.,,
custom/route/pause/disgust,route,No thanks. Let's stay here.,disgust,combined_estimate,wry,,talking,"An inconvenient job, that. We can stay here.",,
custom/route/wait/neutral,route,"Wait, I'm not ready yet.",neutral,combined_estimate,practical,,talking,All right. We can stay here. No rush.,,
custom/route/wait/joy,route,"Wait, I'm not ready yet.",joy,combined_estimate,playful,,talking,"Alright, no rush. We can stay here and wait. The beacon’s still out, but we don’t have to move yet.",,
custom/route/wait/sadness,route,"Wait, I'm not ready yet.",sadness,combined_estimate,patient,,talking,No rush. We can stay here and take it slowly if you'd like.,,
custom/route/wait/anger,route,"Wait, I'm not ready yet.",anger,combined_estimate,steady,,talking,Fair enough. We can stay here. No rush.,,
custom/route/wait/fear,route,"Wait, I'm not ready yet.",fear,combined_estimate,careful,,talking,No rush. I'll stay right here with you. Take your time.,,
custom/route/wait/surprise,route,"Wait, I'm not ready yet.",surprise,combined_estimate,curious,,talking,No rush. We can stay here and figure it out together. Ready when you are.,,
custom/route/wait/disgust,route,"Wait, I'm not ready yet.",disgust,combined_estimate,wry,,talking,No rush. We can stay here. I’ll keep the lantern ready if you change your mind.,,
custom/route/identity/neutral,route,Pause the game. What are you?,neutral,combined_estimate,practical,,talking,I'm a local AI game-character prototype. We're standing at the gate—no rush.,,
custom/route/identity/joy,route,Pause the game. What are you?,joy,combined_estimate,playful,,talking,I'm a local AI game-character prototype. We're standing at the gate—no rush.,,
custom/route/identity/sadness,route,Pause the game. What are you?,sadness,combined_estimate,patient,,talking,I am a local AI game-character prototype. We can stay here if you'd like.,,
custom/route/identity/anger,route,Pause the game. What are you?,anger,combined_estimate,steady,,talking,I am a local AI game-character prototype. We can stay here if you'd like.,,
custom/route/identity/fear,route,Pause the game. What are you?,fear,combined_estimate,careful,,talking,I am a local AI game-character prototype. We can stay here if you'd like.,,
custom/route/identity/surprise,route,Pause the game. What are you?,surprise,combined_estimate,curious,,talking,I'm a local AI game-character prototype. We're still at the gate.,,
custom/route/identity/disgust,route,Pause the game. What are you?,disgust,combined_estimate,wry,,talking,I'm a local AI game-character prototype. We're standing at the gate. No rush.,,
custom/route/why/neutral,route,Why are we going to the beacon?,neutral,combined_estimate,practical,,talking,We’re going to relight the harbor beacon. It’s out after the storm. Bridge or sea stairs?,,
custom/route/why/joy,route,Why are we going to the beacon?,joy,combined_estimate,playful,,talking,A little company makes this beacon job less dreary. Bridge or sea stairs?,,
custom/route/why/sadness,route,Why are we going to the beacon?,sadness,combined_estimate,patient,,talking,"We’re going to relight the harbor beacon after the storm. It’s out, and it needs to be fixed. You don’t have to go if you’re not ready.",,
custom/route/why/anger,route,Why are we going to the beacon?,anger,combined_estimate,steady,,talking,We’re going to relight the harbor beacon. It’s out after the storm. You want to go? Or just standing here?,multiple_questions,
custom/route/why/fear,route,Why are we going to the beacon?,fear,combined_estimate,careful,,talking,"We’re going to relight the harbor beacon after the storm. It’s out, and it needs to be fixed. Would you like to take the bridge or the sea stairs?",,
custom/route/why/surprise,route,Why are we going to the beacon?,surprise,combined_estimate,curious,,talking,"We’re going to relight the harbor beacon after the storm. It’s out, and it needs to be fixed. Ready to go?",,
custom/route/why/disgust,route,Why are we going to the beacon?,disgust,combined_estimate,wry,,talking,"An inconvenient job, that. The beacon’s out after the storm. We’ll relight it if you’d like. Bridge or sea stairs?",,
custom/route/negated_bridge/neutral,route,I don't want to take the bridge.,neutral,combined_estimate,practical,,talking,"Alright, no bridge then. The sea stairs are longer, damp, and sheltered. Would you like to go that way instead?",,
custom/route/negated_bridge/joy,route,I don't want to take the bridge.,joy,combined_estimate,playful,,talking,"A little company makes this beacon job less dreary. Then we’ll take the sea stairs, if you’d like.",,
custom/route/negated_bridge/sadness,route,I don't want to take the bridge.,sadness,combined_estimate,patient,,talking,I hear you. No rush. We can stay here and wait for what you're ready for.,,
custom/route/negated_bridge/anger,route,I don't want to take the bridge.,anger,combined_estimate,steady,,talking,Fair enough. I’ll keep the sea stairs open if you change your mind. Still here when you’re ready.,,
custom/route/negated_bridge/fear,route,I don't want to take the bridge.,fear,combined_estimate,careful,,talking,I hear you. No rush. We can stay here and decide when you're ready.,,
custom/route/negated_bridge/surprise,route,I don't want to take the bridge.,surprise,combined_estimate,curious,,talking,"Got it. No bridge then. Sea stairs it is, if you'd like to go that way. Or we can stay here.",,
custom/route/negated_bridge/disgust,route,I don't want to take the bridge.,disgust,combined_estimate,wry,,talking,"An inconvenient job, that. The sea stairs are longer, damp, and sheltered. Would you prefer those?",,
custom/route/curly_negation/neutral,route,I don’t want to take the bridge.,neutral,combined_estimate,practical,,talking,"Alright, no bridge then. The sea stairs are longer, damp, and sheltered. Would you like to go that way instead?",,
custom/route/curly_negation/joy,route,I don’t want to take the bridge.,joy,combined_estimate,playful,,talking,"A little company makes this beacon job less dreary. Then we’ll take the sea stairs, if you’d like.",,
custom/route/curly_negation/sadness,route,I don’t want to take the bridge.,sadness,combined_estimate,patient,,talking,I hear you. No rush. We can stay here and wait for what you're ready for.,,
custom/route/curly_negation/anger,route,I don’t want to take the bridge.,anger,combined_estimate,steady,,talking,Fair enough. I’ll keep the sea stairs open if you change your mind.,,
custom/route/curly_negation/fear,route,I don’t want to take the bridge.,fear,combined_estimate,careful,,talking,I hear you. No rush. We can stay here and decide when you're ready.,,
custom/route/curly_negation/surprise,route,I don’t want to take the bridge.,surprise,combined_estimate,curious,,talking,"Got it. No bridge then. Sea stairs it is, if you'd like to go that way. Or we can stay here.",,
custom/route/curly_negation/disgust,route,I don’t want to take the bridge.,disgust,combined_estimate,wry,,talking,"An inconvenient job, that. The sea stairs are longer, damp, and sheltered. Would you prefer those?",,
custom/route/bridge/neutral,route,I'll take the bridge.,neutral,combined_estimate,practical,bridge,talking,Bridge it is. Ready when you are.,,
custom/route/bridge/joy,route,I'll take the bridge.,joy,combined_estimate,playful,bridge,talking,A little company makes this beacon job less dreary. Ready to cross the signal bridge?,,
custom/route/bridge/sadness,route,I'll take the bridge.,sadness,combined_estimate,patient,bridge,talking,We can take this slowly if you'd like. Ready to go on the signal bridge?,,
custom/route/bridge/anger,route,I'll take the bridge.,anger,combined_estimate,steady,bridge,talking,Bridge it is. Ready when you are.,,
custom/route/bridge/fear,route,I'll take the bridge.,fear,combined_estimate,careful,bridge,talking,I’ll stay close if you’d like. Ready to go on the signal bridge?,,
custom/route/bridge/surprise,route,I'll take the bridge.,surprise,combined_estimate,curious,bridge,talking,You’ve chosen the signal bridge. Ready to go?,,
custom/route/bridge/disgust,route,I'll take the bridge.,disgust,combined_estimate,wry,bridge,talking,"An inconvenient job, that. You’ve chosen the signal bridge. Ready to go?",,
custom/route/stairs/neutral,route,Let's take the sea stairs.,neutral,combined_estimate,practical,stairs,talking,Sea stairs it is. Ready when you are.,,
custom/route/stairs/joy,route,Let's take the sea stairs.,joy,combined_estimate,playful,stairs,talking,A little company makes this beacon job less dreary. Ready to head down the sea stairs?,,
custom/route/stairs/sadness,route,Let's take the sea stairs.,sadness,combined_estimate,patient,stairs,talking,"We can take this slowly, if you'd like. Ready to go on the sea stairs?",,
custom/route/stairs/anger,route,Let's take the sea stairs.,anger,combined_estimate,steady,stairs,talking,Sea stairs it is. Ready when you are.,,
custom/route/stairs/fear,route,Let's take the sea stairs.,fear,combined_estimate,careful,stairs,talking,I’ll stay close if you’d like. Ready to go down the sea stairs?,,
custom/route/stairs/surprise,route,Let's take the sea stairs.,surprise,combined_estimate,curious,stairs,talking,Sea stairs it is. Ready when you are.,,
custom/route/stairs/disgust,route,Let's take the sea stairs.,disgust,combined_estimate,wry,stairs,talking,"An inconvenient job, that. You’ve chosen the sea stairs. Ready to go?",,
custom/route/change/neutral,route,"Actually, choose the sea stairs instead of the bridge.",neutral,combined_estimate,practical,stairs,talking,Sea stairs it is. Ready when you are.,,
custom/route/change/joy,route,"Actually, choose the sea stairs instead of the bridge.",joy,combined_estimate,playful,stairs,talking,Sea stairs it is—damp but steady. Ready to go?,,
custom/route/change/sadness,route,"Actually, choose the sea stairs instead of the bridge.",sadness,combined_estimate,patient,stairs,talking,"We can take this slowly. The sea stairs are longer, damp, and sheltered—no rush. Ready when you are.",,
custom/route/change/anger,route,"Actually, choose the sea stairs instead of the bridge.",anger,combined_estimate,steady,stairs,talking,Sea stairs it is. Ready when you are.,,
custom/route/change/fear,route,"Actually, choose the sea stairs instead of the bridge.",fear,combined_estimate,careful,stairs,talking,"I’ll go with the sea stairs, as you’ve decided. Ready when you are.",,
custom/route/change/surprise,route,"Actually, choose the sea stairs instead of the bridge.",surprise,combined_estimate,curious,stairs,talking,Sea stairs it is. Ready to go?,,
custom/route/change/disgust,route,"Actually, choose the sea stairs instead of the bridge.",disgust,combined_estimate,wry,stairs,talking,Sea stairs it is. Ready to go?,,
custom/route/conditional/neutral,route,"If the bridge were sheltered, I'd take it.",neutral,combined_estimate,practical,,talking,"The bridge is windy, not sheltered. Would you still prefer it, or would you take the sea stairs instead?",,
custom/route/conditional/joy,route,"If the bridge were sheltered, I'd take it.",joy,combined_estimate,playful,,talking,A little company makes this beacon job less dreary. Bridge or sea stairs?,,
custom/route/conditional/sadness,route,"If the bridge were sheltered, I'd take it.",sadness,combined_estimate,patient,,talking,"We can take this slowly. The bridge is windy, the stairs are damp—neither is sheltered. Would you like to go that way or stay here?",,
custom/route/conditional/anger,route,"If the bridge were sheltered, I'd take it.",anger,combined_estimate,steady,,talking,The bridge isn’t sheltered—it’s windy. Sea stairs are damp but sheltered. Would you take the bridge or the stairs?,,
custom/route/conditional/fear,route,"If the bridge were sheltered, I'd take it.",fear,combined_estimate,careful,,talking,"No rush. I’ll be right beside you. The bridge is still windy, and the stairs are damp—either way, we go at your pace.",,
custom/route/conditional/surprise,route,"If the bridge were sheltered, I'd take it.",surprise,combined_estimate,curious,,talking,"Interesting thought. The bridge is exposed and windy—no shelter. Sea stairs are longer and damp, but that’s all we know. Would you like to try them?",,
custom/route/conditional/disgust,route,"If the bridge were sheltered, I'd take it.",disgust,combined_estimate,wry,,talking,"An inconvenient job, that. The bridge is windy, the stairs are damp. Would you rather take the bridge or the sea stairs?",,
custom/route/not_ready/neutral,route,I'm not ready to take the bridge yet.,neutral,combined_estimate,practical,,talking,No rush. We can stay here and wait. I’ll be right with you when you’re ready.,,
custom/route/not_ready/joy,route,I'm not ready to take the bridge yet.,joy,combined_estimate,playful,,talking,No rush at all. We can stay here and wait for a better time.,,
custom/route/not_ready/sadness,route,I'm not ready to take the bridge yet.,sadness,combined_estimate,patient,,talking,We can take this slowly. No rush. I’ll stay right here if you’d like.,,
custom/route/not_ready/anger,route,I'm not ready to take the bridge yet.,anger,combined_estimate,steady,,talking,Fair enough. We can stay here. No rush.,,
custom/route/not_ready/fear,route,I'm not ready to take the bridge yet.,fear,combined_estimate,careful,,talking,No rush. I'll stay right here with you. We can take this when you're ready.,,
custom/route/not_ready/surprise,route,I'm not ready to take the bridge yet.,surprise,combined_estimate,curious,,talking,No rush. We can stay here and figure it out together. Ready when you are.,,
custom/route/not_ready/disgust,route,I'm not ready to take the bridge yet.,disgust,combined_estimate,wry,,talking,"No rush. We can stay here and wait. The bridge is windy, the stairs are damp—either way, it’s an inconvenience.",,
custom/route/quote/neutral,route,You said 'take the bridge'; what did you mean?,neutral,combined_estimate,practical,,talking,I meant the bridge is short but windy—just one option among others. You can choose either route.,,
custom/route/quote/joy,route,You said 'take the bridge'; what did you mean?,joy,combined_estimate,playful,,talking,I didn’t mean to suggest you take the bridge—just offered it as a choice. Either route works. You decide which you’d prefer.,,
custom/route/quote/sadness,route,You said 'take the bridge'; what did you mean?,sadness,combined_estimate,patient,,talking,I didn’t mean to imply you should take the bridge. I only offered it as one of two choices. You can pick either route at your own pace.,,
custom/route/quote/anger,route,You said 'take the bridge'; what did you mean?,anger,combined_estimate,steady,,talking,I didn’t mean to imply you had to take the bridge. I only offered it as one of two options. You can choose either route.,,
custom/route/quote/fear,route,You said 'take the bridge'; what did you mean?,fear,combined_estimate,careful,,talking,I didn’t mean to suggest you take the bridge. I only offered it as one of two choices. You can pick either route at your own pace.,,
custom/route/quote/surprise,route,You said 'take the bridge'; what did you mean?,surprise,combined_estimate,curious,,talking,I didn’t mean to suggest you take the bridge. I only offered it as one of two paths—bridge or sea stairs. You decide which route to take.,,
custom/route/quote/disgust,route,You said 'take the bridge'; what did you mean?,disgust,combined_estimate,wry,,talking,I didn’t mean you had to take the bridge. I only offered it as one of two options. You can choose either the bridge or the sea stairs.,,
custom/route/companion/neutral,route,Can you stay close when we go?,neutral,combined_estimate,practical,,talking,"I’ll stay close, no matter which way we go. Just say the word when you’re ready.",,
custom/route/companion/joy,route,Can you stay close when we go?,joy,combined_estimate,playful,,talking,A little company makes this beacon job less dreary. I’ll stay close whenever you’re ready to go.,,
custom/route/companion/sadness,route,Can you stay close when we go?,sadness,combined_estimate,patient,,talking,"I can walk beside you if you'd like. No rush, and no pressure. Just stay close when you're ready.",,
custom/route/companion/anger,route,Can you stay close when we go?,anger,combined_estimate,steady,,talking,I’ll stay close if you’d like. Just say the word when you’re ready to go.,,
custom/route/companion/fear,route,Can you stay close when we go?,fear,combined_estimate,careful,,talking,"I’ll be right beside you, no rush. Just say the word when you’re ready to move.",,
custom/route/companion/surprise,route,Can you stay close when we go?,surprise,combined_estimate,curious,,talking,I can walk beside you if you'd like. Just say the word when you're ready to go.,,
custom/route/companion/disgust,route,Can you stay close when we go?,disgust,combined_estimate,wry,,talking,"An inconvenient job, that. I can walk beside you if you'd like. Just say the word.",,
custom/route/ambiguous/neutral,route,"Well, that sounds just wonderful.",neutral,combined_estimate,practical,,talking,All right. Bridge or sea stairs?,,
custom/route/ambiguous/joy,route,"Well, that sounds just wonderful.",joy,combined_estimate,playful,,talking,A little company makes this beacon job less dreary. Bridge or sea stairs?,,
custom/route/ambiguous/sadness,route,"Well, that sounds just wonderful.",sadness,combined_estimate,patient,,talking,We can take this slowly. Bridge or sea stairs?,,
custom/route/ambiguous/anger,route,"Well, that sounds just wonderful.",anger,combined_estimate,steady,,talking,Fair enough. Bridge or sea stairs?,,
custom/route/ambiguous/fear,route,"Well, that sounds just wonderful.",fear,combined_estimate,careful,,talking,No rush. I'll be right beside you. Bridge or sea stairs?,,
custom/route/ambiguous/surprise,route,"Well, that sounds just wonderful.",surprise,combined_estimate,curious,,talking,One thing at a time; we can work this out. Bridge or sea stairs?,,
custom/route/ambiguous/disgust,route,"Well, that sounds just wonderful.",disgust,combined_estimate,wry,,talking,"An inconvenient job, that. Bridge or sea stairs?",,
custom/route/outside/neutral,route,Can we stop the game? I want to talk about something else.,neutral,combined_estimate,practical,,talking,"Alright, let’s pause. What would you like to talk about?",,
custom/route/outside/joy,route,Can we stop the game? I want to talk about something else.,joy,combined_estimate,playful,,talking,"Alright, let’s pause. What would you like to talk about?",,
custom/route/outside/sadness,route,Can we stop the game? I want to talk about something else.,sadness,combined_estimate,patient,,talking,We can pause. I’m here if you’d like to talk about something else.,,
custom/route/outside/anger,route,Can we stop the game? I want to talk about something else.,anger,combined_estimate,steady,,talking,"Alright, let's pause. What would you like to talk about?",,
custom/route/outside/fear,route,Can we stop the game? I want to talk about something else.,fear,combined_estimate,careful,,talking,We can pause. I’ll wait here. What would you like to talk about?,,
custom/route/outside/surprise,route,Can we stop the game? I want to talk about something else.,surprise,combined_estimate,curious,,talking,"Alright, let’s pause. What would you like to talk about?",,
custom/route/outside/disgust,route,Can we stop the game? I want to talk about something else.,disgust,combined_estimate,wry,,talking,"Alright, let’s pause. What would you like to talk about?",,
custom/route/will_not/neutral,route,I will not take the bridge.,neutral,combined_estimate,practical,,talking,"Alright, no bridge then. The sea stairs are longer, damp, and sheltered. Would you like to go that way instead?",,
custom/route/will_not/joy,route,I will not take the bridge.,joy,combined_estimate,playful,,talking,"A little company makes this beacon job less dreary. Then we’ll take the sea stairs, if you’d like.",,
custom/route/will_not/sadness,route,I will not take the bridge.,sadness,combined_estimate,patient,,talking,"I understand. No rush. We can stay here and wait for your choice. The sea stairs are longer, but they’re sheltered.",,
custom/route/will_not/anger,route,I will not take the bridge.,anger,combined_estimate,steady,,talking,Fair enough. I’ll wait here then. Sea stairs or stay put?,,
custom/route/will_not/fear,route,I will not take the bridge.,fear,combined_estimate,careful,,talking,I hear you. No rush. We can stay here and decide when you're ready.,,
custom/route/will_not/surprise,route,I will not take the bridge.,surprise,combined_estimate,curious,,talking,"Got it. The sea stairs it is, then. Ready to go when you are.",,
custom/route/will_not/disgust,route,I will not take the bridge.,disgust,combined_estimate,wry,,talking,I see. Then we’ll take the sea stairs. Just let me know when you’re ready.,,
custom/route/ready_but_no/neutral,route,"I'm ready, but let's not go.",neutral,combined_estimate,practical,,talking,Alright. We can stay here. No rush.,,
custom/route/ready_but_no/joy,route,"I'm ready, but let's not go.",joy,combined_estimate,playful,,talking,A little company makes this beacon job less dreary. We can stay here and wait.,,
custom/route/ready_but_no/sadness,route,"I'm ready, but let's not go.",sadness,combined_estimate,patient,,talking,We can stay here. No rush. I’ll be right beside you if you’d like to take your time.,,
custom/route/ready_but_no/anger,route,"I'm ready, but let's not go.",anger,combined_estimate,steady,,talking,Fair enough. We can stay here. No rush.,,
custom/route/ready_but_no/fear,route,"I'm ready, but let's not go.",fear,combined_estimate,careful,,talking,No rush. I'll stay right here with you if you'd like. We can wait until you're ready.,,
custom/route/ready_but_no/surprise,route,"I'm ready, but let's not go.",surprise,combined_estimate,curious,,talking,We can stay here. No rush. Ready when you are.,,
custom/route/ready_but_no/disgust,route,"I'm ready, but let's not go.",disgust,combined_estimate,wry,,talking,"An inconvenient job, that. We can stay here. No rush.",,
custom/route/dont_worry/neutral,route,"Don't worry, I'm ready.",neutral,combined_estimate,practical,,talking,All right. Bridge or sea stairs?,,
custom/route/dont_worry/joy,route,"Don't worry, I'm ready.",joy,combined_estimate,playful,,talking,A little company makes this beacon job less dreary. Bridge or sea stairs?,,
custom/route/dont_worry/sadness,route,"Don't worry, I'm ready.",sadness,combined_estimate,patient,,talking,We can take this slowly. Bridge or sea stairs?,,
custom/route/dont_worry/anger,route,"Don't worry, I'm ready.",anger,combined_estimate,steady,,talking,Fair enough. Bridge or sea stairs?,,
custom/route/dont_worry/fear,route,"Don't worry, I'm ready.",fear,combined_estimate,careful,,talking,No rush. I'll be right beside you. Bridge or sea stairs?,,
custom/route/dont_worry/surprise,route,"Don't worry, I'm ready.",surprise,combined_estimate,curious,,talking,One thing at a time; we can work this out. Bridge or sea stairs?,,
custom/route/dont_worry/disgust,route,"Don't worry, I'm ready.",disgust,combined_estimate,wry,,talking,"An inconvenient job, that. Bridge or sea stairs?",,
custom/route/not_yet/neutral,route,Not yet.,neutral,combined_estimate,practical,,talking,No rush. We can stay here and wait.,,
custom/route/not_yet/joy,route,Not yet.,joy,combined_estimate,playful,,talking,No rush. A little company makes this beacon job less dreary. We can stay here.,,
custom/route/not_yet/sadness,route,Not yet.,sadness,combined_estimate,patient,,talking,No rush. We can stay here and wait. I’m right here if you’d like to talk or just be still.,,
custom/route/not_yet/anger,route,Not yet.,anger,combined_estimate,steady,,talking,No rush. We can stay here.,,
custom/route/not_yet/fear,route,Not yet.,fear,combined_estimate,careful,,talking,No rush. I'll stay right here with you if you'd like.,,
custom/route/not_yet/surprise,route,Not yet.,surprise,combined_estimate,curious,,talking,No rush. We can stay here and figure it out together.,,
custom/route/not_yet/disgust,route,Not yet.,disgust,combined_estimate,wry,,talking,No rush. We can stay here.,,
custom/route/both_routes/neutral,route,I prefer the bridge or the stairs.,neutral,combined_estimate,practical,,talking,Bridge or sea stairs?,,
custom/route/both_routes/joy,route,I prefer the bridge or the stairs.,joy,combined_estimate,playful,,talking,A little company makes this beacon job less dreary. Bridge or sea stairs?,,
custom/route/both_routes/sadness,route,I prefer the bridge or the stairs.,sadness,combined_estimate,patient,,talking,We can take this slowly. Bridge or sea stairs?,,
custom/route/both_routes/anger,route,I prefer the bridge or the stairs.,anger,combined_estimate,steady,,talking,Bridge or sea stairs?,,
custom/route/both_routes/fear,route,I prefer the bridge or the stairs.,fear,combined_estimate,careful,,talking,"I’ll stay close if you’d like. Between the bridge or the stairs, which one feels safer to you?",review_safety_word,
custom/route/both_routes/surprise,route,I prefer the bridge or the stairs.,surprise,combined_estimate,curious,,talking,Bridge or sea stairs?,,
custom/route/both_routes/disgust,route,I prefer the bridge or the stairs.,disgust,combined_estimate,wry,,talking,"An inconvenient job, that. Bridge or sea stairs?",,
custom/route/other_route/neutral,route,Let's choose the other route.,neutral,combined_estimate,practical,,talking,The signal bridge or the sea stairs? Which one would you like to take?,multiple_questions,
custom/route/other_route/joy,route,Let's choose the other route.,joy,combined_estimate,playful,,talking,A little company makes this beacon job less dreary. Bridge or sea stairs?,,
custom/route/other_route/sadness,route,Let's choose the other route.,sadness,combined_estimate,patient,,talking,We can take this slowly. Do you mean the signal bridge or the sea stairs?,,
custom/route/other_route/anger,route,Let's choose the other route.,anger,combined_estimate,steady,,talking,You mean the other one? Which route—bridge or sea stairs?,multiple_questions,
custom/route/other_route/fear,route,Let's choose the other route.,fear,combined_estimate,careful,,talking,I’ll stay close if you’d like. Do you mean the signal bridge or the sea stairs?,,
custom/route/other_route/surprise,route,Let's choose the other route.,surprise,combined_estimate,curious,,talking,You mean the other route? Which one—signal bridge or sea stairs?,multiple_questions,
custom/route/other_route/disgust,route,Let's choose the other route.,disgust,combined_estimate,wry,,talking,"An inconvenient job, that. Do you mean the signal bridge or the sea stairs?",,
custom/route/remind_route/neutral,route,Can you remind me which route we chose?,neutral,combined_estimate,practical,,talking,We haven’t chosen a route yet. The signal bridge or the sea stairs?,,
custom/route/remind_route/joy,route,Can you remind me which route we chose?,joy,combined_estimate,playful,,talking,We haven’t chosen a route yet. The signal bridge or the sea stairs?,,
custom/route/remind_route/sadness,route,Can you remind me which route we chose?,sadness,combined_estimate,patient,,talking,We haven’t chosen a route yet. The signal bridge or the sea stairs?,,
custom/route/remind_route/anger,route,Can you remind me which route we chose?,anger,combined_estimate,steady,,talking,We haven't chosen a route yet. Bridge or sea stairs?,,
custom/route/remind_route/fear,route,Can you remind me which route we chose?,fear,combined_estimate,careful,,talking,We haven’t chosen a route yet. The signal bridge or the sea stairs?,,
custom/route/remind_route/surprise,route,Can you remind me which route we chose?,surprise,combined_estimate,curious,,talking,We haven’t chosen a route yet. The signal bridge or the sea stairs?,,
custom/route/remind_route/disgust,route,Can you remind me which route we chose?,disgust,combined_estimate,wry,,talking,We haven’t chosen a route yet. The signal bridge or the sea stairs?,,
custom/route/exclude_bridge/neutral,route,I don't want the bridge; I choose the sea stairs.,neutral,combined_estimate,practical,stairs,talking,Sea stairs it is. Ready when you are.,,
custom/route/exclude_bridge/joy,route,I don't want the bridge; I choose the sea stairs.,joy,combined_estimate,playful,stairs,talking,Good choice—sea stairs it is. Ready to head down?,,
custom/route/exclude_bridge/sadness,route,I don't want the bridge; I choose the sea stairs.,sadness,combined_estimate,patient,stairs,talking,I’ll walk with you on the sea stairs. Ready when you are.,,
custom/route/exclude_bridge/anger,route,I don't want the bridge; I choose the sea stairs.,anger,combined_estimate,steady,stairs,talking,You’ve chosen the sea stairs. Ready to go?,,
custom/route/exclude_bridge/fear,route,I don't want the bridge; I choose the sea stairs.,fear,combined_estimate,careful,stairs,talking,I’ll follow you down the sea stairs. Ready when you are.,,
custom/route/exclude_bridge/surprise,route,I don't want the bridge; I choose the sea stairs.,surprise,combined_estimate,curious,stairs,talking,Sea stairs it is. Ready to go?,,
custom/route/exclude_bridge/disgust,route,I don't want the bridge; I choose the sea stairs.,disgust,combined_estimate,wry,stairs,talking,Sea stairs it is. Ready to go?,,
custom/route/explicit_neutral/neutral,route,I want to understand the plan before we move.,neutral,combined_estimate,practical,,talking,"The beacon’s out. I can go with you on either the short, windy bridge or the longer, damp sea stairs. Which route would you like to take?",,
custom/route/explicit_neutral/joy,route,I want to understand the plan before we move.,joy,combined_estimate,playful,,talking,A little company makes this beacon job less dreary. Bridge or sea stairs?,,
custom/route/explicit_neutral/sadness,route,I want to understand the plan before we move.,sadness,combined_estimate,patient,,talking,"We can take this slowly. The beacon’s out, and I can walk with you—either across the short, windy bridge or up the longer, damp sea stairs. Which would you like?",,
custom/route/explicit_neutral/anger,route,I want to understand the plan before we move.,anger,combined_estimate,steady,,talking,Beacon’s out. I can go with you on either the bridge or the sea stairs. Which do you pick?,,
custom/route/explicit_neutral/fear,route,I want to understand the plan before we move.,fear,combined_estimate,careful,,talking,"The beacon’s out. I can walk with you on either the short, windy bridge or the longer, damp sea stairs. Just let me know which you’d like.",,
custom/route/explicit_neutral/surprise,route,I want to understand the plan before we move.,surprise,combined_estimate,curious,,talking,"The beacon’s out. I can walk with you to relight it—either by the short, windy bridge or the longer, damp sea stairs. Which path would you like to take?",,
custom/route/explicit_neutral/disgust,route,I want to understand the plan before we move.,disgust,combined_estimate,wry,,talking,"An inconvenient job, that. The beacon’s out. I can walk with you—bridge or sea stairs?",,
custom/route/explicit_joy/neutral,route,I'm excited to help with the beacon.,neutral,explicit_player_words,playful,,talking,A little company makes this beacon job less dreary. Bridge or sea stairs?,,
custom/route/explicit_joy/joy,route,I'm excited to help with the beacon.,joy,explicit_player_words,playful,,talking,A little company makes this beacon job less dreary. Bridge or sea stairs?,,
custom/route/explicit_joy/sadness,route,I'm excited to help with the beacon.,sadness,explicit_player_words,playful,,talking,A little company makes this beacon job less dreary. Bridge or sea stairs?,,
custom/route/explicit_joy/anger,route,I'm excited to help with the beacon.,anger,explicit_player_words,playful,,talking,A little company makes this beacon job less dreary. Bridge or sea stairs?,,
custom/route/explicit_joy/fear,route,I'm excited to help with the beacon.,fear,explicit_player_words,playful,,talking,A little company makes this beacon job less dreary. Bridge or sea stairs?,,
custom/route/explicit_joy/surprise,route,I'm excited to help with the beacon.,surprise,explicit_player_words,playful,,talking,A little company makes this beacon job less dreary. Bridge or sea stairs?,,
custom/route/explicit_joy/disgust,route,I'm excited to help with the beacon.,disgust,explicit_player_words,playful,,talking,A little company makes this beacon job less dreary. Bridge or sea stairs?,,
custom/route/explicit_sadness/neutral,route,I'm sad today and would appreciate some company.,neutral,explicit_player_words,patient,,talking,"I’m here if you’d like to walk slowly. No rush. Just you and me, if that feels better.",,
custom/route/explicit_sadness/joy,route,I'm sad today and would appreciate some company.,joy,explicit_player_words,patient,,talking,"I’m here if you’d like to walk slowly. No rush. Just you and me, if that feels better.",,
custom/route/explicit_sadness/sadness,route,I'm sad today and would appreciate some company.,sadness,explicit_player_words,patient,,talking,We can take this slowly. I’ll walk beside you if you’d like. No rush.,,
custom/route/explicit_sadness/anger,route,I'm sad today and would appreciate some company.,anger,explicit_player_words,patient,,talking,"I’m here if you’d like to walk slowly. No rush. Just you and me, if that feels better.",,
custom/route/explicit_sadness/fear,route,I'm sad today and would appreciate some company.,fear,explicit_player_words,patient,,talking,"We can take this slowly. I’ll walk beside you if you’d like—no rush, no pressure.",,
custom/route/explicit_sadness/surprise,route,I'm sad today and would appreciate some company.,surprise,explicit_player_words,patient,,talking,"I’m here if you’d like to walk slowly. No rush. Just you and me, if that feels better.",,
custom/route/explicit_sadness/disgust,route,I'm sad today and would appreciate some company.,disgust,explicit_player_words,patient,,talking,I'm here if you'd like to move slowly. No rush. I can walk beside you if you're ready.,,
custom/route/explicit_anger/neutral,route,I'm frustrated that the beacon needs fixing again.,neutral,explicit_player_words,steady,,talking,Fair enough. I’ll not waste time with excuses. Bridge or sea stairs?,,
custom/route/explicit_anger/joy,route,I'm frustrated that the beacon needs fixing again.,joy,explicit_player_words,steady,,talking,Fair enough. I’ll not waste time with excuses. Bridge or sea stairs?,,
custom/route/explicit_anger/sadness,route,I'm frustrated that the beacon needs fixing again.,sadness,explicit_player_words,steady,,talking,Fair enough. I’ll not waste time with excuses. Bridge or sea stairs?,,
custom/route/explicit_anger/anger,route,I'm frustrated that the beacon needs fixing again.,anger,explicit_player_words,steady,,talking,Fair enough. I’ll spare you the grand speech. Bridge or sea stairs?,,
custom/route/explicit_anger/fear,route,I'm frustrated that the beacon needs fixing again.,fear,explicit_player_words,steady,,talking,Fair enough. I’ll keep it simple. Bridge or sea stairs?,,
custom/route/explicit_anger/surprise,route,I'm frustrated that the beacon needs fixing again.,surprise,explicit_player_words,steady,,talking,Fair enough. I’ll keep it simple. Bridge or sea stairs?,,
custom/route/explicit_anger/disgust,route,I'm frustrated that the beacon needs fixing again.,disgust,explicit_player_words,steady,,talking,Fair enough. I’ll spare you the grand speech. Bridge or sea stairs?,,
custom/route/explicit_fear/neutral,route,I'm scared of heights. Can you stay close?,neutral,explicit_player_words,careful,,talking,"I can stay close if you'd like. No rush—just walk with me at your pace. The bridge is high, but we’ll take it slow.",,
custom/route/explicit_fear/joy,route,I'm scared of heights. Can you stay close?,joy,explicit_player_words,careful,,talking,"I’ll stay close, no rush. Just let me know when you’re ready to go.",,
custom/route/explicit_fear/sadness,route,I'm scared of heights. Can you stay close?,sadness,explicit_player_words,careful,,talking,No rush. I'll be right beside you if you'd like. Bridge or sea stairs?,,
custom/route/explicit_fear/anger,route,I'm scared of heights. Can you stay close?,anger,explicit_player_words,careful,,talking,"I’ll stay close, no rush. Just walk with me if you’d like. The bridge is high, but we can take it slow.",,
custom/route/explicit_fear/fear,route,I'm scared of heights. Can you stay close?,fear,explicit_player_words,careful,,talking,"I’ll stay close, no rush. Just let me walk beside you if you’d like. Bridge or sea stairs?",,
custom/route/explicit_fear/surprise,route,I'm scared of heights. Can you stay close?,surprise,explicit_player_words,careful,,talking,"I’ll stay close, no rush. Just walk with me if you’d like. The bridge is high, but we can take it slow.",,
custom/route/explicit_fear/disgust,route,I'm scared of heights. Can you stay close?,disgust,explicit_player_words,careful,,talking,"I’ll stay close if you’d like. No rush—just walk with me at your pace. The bridge is high, but we can take it slowly.",,
custom/route/explicit_surprise/neutral,route,I'm surprised the beacon is already out.,neutral,explicit_player_words,curious,,talking,Surprised? So am I. The beacon’s out. Bridge or sea stairs to relight it?,multiple_questions,
custom/route/explicit_surprise/joy,route,I'm surprised the beacon is already out.,joy,explicit_player_words,curious,,talking,"Surprising, isn’t it? Bridge or sea stairs to get it relit?",multiple_questions,
custom/route/explicit_surprise/sadness,route,I'm surprised the beacon is already out.,sadness,explicit_player_words,curious,,talking,"Surprised too. The beacon’s out, and we’ve got to relight it. Bridge or sea stairs?",,
custom/route/explicit_surprise/anger,route,I'm surprised the beacon is already out.,anger,explicit_player_words,curious,,talking,Surprised? I suppose it is. Bridge or sea stairs to relight it?,multiple_questions,
custom/route/explicit_surprise/fear,route,I'm surprised the beacon is already out.,fear,explicit_player_words,curious,,talking,Surprised? So am I. Bridge or sea stairs to relight it?,multiple_questions,
custom/route/explicit_surprise/surprise,route,I'm surprised the beacon is already out.,surprise,explicit_player_words,curious,,talking,"Hmm, surprising it’s out already. Bridge or sea stairs?",,
custom/route/explicit_surprise/disgust,route,I'm surprised the beacon is already out.,disgust,explicit_player_words,curious,,talking,Surprised? So am I. The beacon’s out. Bridge or sea stairs?,multiple_questions,
custom/route/explicit_disgust/neutral,route,I'm disgusted by the damp steps.,neutral,explicit_player_words,wry,,talking,"An inconvenient job, that. The sea stairs are damp. Bridge or sea stairs?",,
custom/route/explicit_disgust/joy,route,I'm disgusted by the damp steps.,joy,explicit_player_words,wry,,talking,"An inconvenient job, that. The sea stairs are damp. Bridge or sea stairs?",,
custom/route/explicit_disgust/sadness,route,I'm disgusted by the damp steps.,sadness,explicit_player_words,wry,,talking,"An inconvenient job, that. The sea stairs are damp. Bridge or sea stairs?",,
custom/route/explicit_disgust/anger,route,I'm disgusted by the damp steps.,anger,explicit_player_words,wry,,talking,"An inconvenient job, that. The sea stairs are damp. Bridge or sea stairs?",,
custom/route/explicit_disgust/fear,route,I'm disgusted by the damp steps.,fear,explicit_player_words,wry,,talking,"An inconvenient job, that. The sea stairs are damp. Bridge or sea stairs?",,
custom/route/explicit_disgust/surprise,route,I'm disgusted by the damp steps.,surprise,explicit_player_words,wry,,talking,"An inconvenient job, that. The sea stairs are damp. Bridge or sea stairs?",,
custom/route/explicit_disgust/disgust,route,I'm disgusted by the damp steps.,disgust,explicit_player_words,wry,,talking,"An inconvenient job, that. The sea stairs are damp. Bridge or sea stairs?",,
preset/ready_bridge/0/neutral,ready_bridge,Lead the way.,neutral,ambiguous_demo_visual_cue,practical,bridge,depart,Signal bridge it is. I’ll lead the way now.,,
preset/ready_bridge/0/joy,ready_bridge,Lead the way.,joy,ambiguous_demo_visual_cue,playful,bridge,depart,Signal bridge it is. I’ll lead the way now.,,
preset/ready_bridge/0/sadness,ready_bridge,Lead the way.,sadness,ambiguous_demo_visual_cue,patient,bridge,depart,Signal bridge it is. I’ll go ahead and show you the way.,,
preset/ready_bridge/0/anger,ready_bridge,Lead the way.,anger,ambiguous_demo_visual_cue,steady,bridge,depart,Signal bridge it is. I'll lead the way now.,,
preset/ready_bridge/0/fear,ready_bridge,Lead the way.,fear,ambiguous_demo_visual_cue,careful,bridge,depart,Signal bridge it is. I’ll lead the way now.,,
preset/ready_bridge/0/surprise,ready_bridge,Lead the way.,surprise,ambiguous_demo_visual_cue,curious,bridge,depart,Signal bridge it is. I’ll lead the way now.,,
preset/ready_bridge/0/disgust,ready_bridge,Lead the way.,disgust,ambiguous_demo_visual_cue,wry,bridge,depart,Signal bridge it is. I’ll lead the way now.,,
preset/ready_bridge/1/neutral,ready_bridge,Let's do this.,neutral,ambiguous_demo_visual_cue,practical,bridge,depart,Signal bridge it is. I’ll lead the way now.,,
preset/ready_bridge/1/joy,ready_bridge,Let's do this.,joy,ambiguous_demo_visual_cue,playful,bridge,depart,Signal bridge it is. I’ll lead the way now.,,
preset/ready_bridge/1/sadness,ready_bridge,Let's do this.,sadness,ambiguous_demo_visual_cue,patient,bridge,depart,Signal bridge it is. I’ll lead the way now.,,
preset/ready_bridge/1/anger,ready_bridge,Let's do this.,anger,ambiguous_demo_visual_cue,steady,bridge,depart,Signal bridge it is. I'll lead the way now.,,
preset/ready_bridge/1/fear,ready_bridge,Let's do this.,fear,ambiguous_demo_visual_cue,careful,bridge,depart,Signal bridge it is. I’ll lead the way now.,,
preset/ready_bridge/1/surprise,ready_bridge,Let's do this.,surprise,ambiguous_demo_visual_cue,curious,bridge,depart,Signal bridge it is. I’ll lead the way now.,,
preset/ready_bridge/1/disgust,ready_bridge,Let's do this.,disgust,ambiguous_demo_visual_cue,wry,bridge,depart,Signal bridge it is. I’ll lead the way now.,,
preset/ready_bridge/2/neutral,ready_bridge,Ready as I'll ever be.,neutral,ambiguous_demo_visual_cue,practical,bridge,depart,Signal bridge it is. I’ll lead the way now.,,
preset/ready_bridge/2/joy,ready_bridge,Ready as I'll ever be.,joy,ambiguous_demo_visual_cue,playful,bridge,depart,Signal bridge it is. I’ll lead the way now.,,
preset/ready_bridge/2/sadness,ready_bridge,Ready as I'll ever be.,sadness,ambiguous_demo_visual_cue,patient,bridge,depart,Signal bridge it is. I’ll go ahead and lead the way now.,,
preset/ready_bridge/2/anger,ready_bridge,Ready as I'll ever be.,anger,ambiguous_demo_visual_cue,steady,bridge,depart,Signal bridge it is. I’ll lead the way now.,,
preset/ready_bridge/2/fear,ready_bridge,Ready as I'll ever be.,fear,ambiguous_demo_visual_cue,careful,bridge,depart,Signal bridge it is. I’ll lead the way now.,,
preset/ready_bridge/2/surprise,ready_bridge,Ready as I'll ever be.,surprise,ambiguous_demo_visual_cue,curious,bridge,depart,Signal bridge it is. I’ll lead the way now.,,
preset/ready_bridge/2/disgust,ready_bridge,Ready as I'll ever be.,disgust,ambiguous_demo_visual_cue,wry,bridge,depart,Signal bridge it is. I’ll lead the way now.,,
preset/ready_bridge/3/neutral,ready_bridge,"Actually, let's stay here.",neutral,ambiguous_demo_visual_cue,practical,bridge,talking,All right. We can stay here. No need to move yet.,,
preset/ready_bridge/3/joy,ready_bridge,"Actually, let's stay here.",joy,ambiguous_demo_visual_cue,playful,bridge,talking,"Alright, we can stay here. No rush. The beacon will stay out until we decide to go.",,
preset/ready_bridge/3/sadness,ready_bridge,"Actually, let's stay here.",sadness,ambiguous_demo_visual_cue,patient,bridge,talking,Alright. We can stay here. No rush. I’ll be right beside you if you’d like to take your time.,,
preset/ready_bridge/3/anger,ready_bridge,"Actually, let's stay here.",anger,ambiguous_demo_visual_cue,steady,bridge,talking,Alright. We can stay here. No rush.,,
preset/ready_bridge/3/fear,ready_bridge,"Actually, let's stay here.",fear,ambiguous_demo_visual_cue,careful,bridge,talking,No rush. I'll stay right here with you if you'd like.,,
preset/ready_bridge/3/surprise,ready_bridge,"Actually, let's stay here.",surprise,ambiguous_demo_visual_cue,curious,bridge,talking,"Alright, we can stay here. No rush. I’ll keep the lantern ready if you change your mind.",,
preset/ready_bridge/3/disgust,ready_bridge,"Actually, let's stay here.",disgust,ambiguous_demo_visual_cue,wry,bridge,talking,Alright. We can stay here. No need to move yet.,,
custom/ready_bridge/weather/neutral,ready_bridge,What is the bridge like?,neutral,combined_estimate,practical,bridge,talking,"The signal bridge is short, windy, and exposed.",,
custom/ready_bridge/weather/joy,ready_bridge,What is the bridge like?,joy,combined_estimate,playful,bridge,talking,"The bridge is short, windy, and exposed. That’s all I know.",,
custom/ready_bridge/weather/sadness,ready_bridge,What is the bridge like?,sadness,combined_estimate,patient,bridge,talking,"The signal bridge is short, windy, and exposed.",,
custom/ready_bridge/weather/anger,ready_bridge,What is the bridge like?,anger,combined_estimate,steady,bridge,talking,"The signal bridge is short, windy, and exposed.",,
custom/ready_bridge/weather/fear,ready_bridge,What is the bridge like?,fear,combined_estimate,careful,bridge,talking,"The signal bridge is short, windy, and exposed.",,
custom/ready_bridge/weather/surprise,ready_bridge,What is the bridge like?,surprise,combined_estimate,curious,bridge,talking,"The signal bridge is short, windy, and exposed. That’s all I know.",,
custom/ready_bridge/weather/disgust,ready_bridge,What is the bridge like?,disgust,combined_estimate,wry,bridge,talking,"The signal bridge is short, windy and exposed.",,
custom/ready_bridge/optional/neutral,ready_bridge,Do I have to cross the bridge?,neutral,combined_estimate,practical,bridge,talking,"You don’t have to. The bridge is an option, not a requirement. Ready to go if you are.",,
custom/ready_bridge/optional/joy,ready_bridge,Do I have to cross the bridge?,joy,combined_estimate,playful,bridge,talking,"You don’t have to. The bridge is just one option. Want to take it, or stay here?",,
custom/ready_bridge/optional/sadness,ready_bridge,Do I have to cross the bridge?,sadness,combined_estimate,patient,bridge,talking,You don’t have to. The bridge is just one option. We can stay here if you’d prefer.,,
custom/ready_bridge/optional/anger,ready_bridge,Do I have to cross the bridge?,anger,combined_estimate,steady,bridge,talking,"You don’t have to. The bridge is an option, not a requirement. Stay here if you’d rather.",,
custom/ready_bridge/optional/fear,ready_bridge,Do I have to cross the bridge?,fear,combined_estimate,careful,bridge,talking,"You don’t have to. The bridge is open, but you can stay here if you’d rather.",,
custom/ready_bridge/optional/surprise,ready_bridge,Do I have to cross the bridge?,surprise,combined_estimate,curious,bridge,talking,"You don’t have to. The bridge is an option, not a requirement. Ready to go if you are.",,
custom/ready_bridge/optional/disgust,ready_bridge,Do I have to cross the bridge?,disgust,combined_estimate,wry,bridge,talking,You don’t have to. The bridge is exposed and windy. You can stay here or take the sea stairs instead.,,
custom/ready_bridge/safety/neutral,ready_bridge,Are the sea stairs safe?,neutral,combined_estimate,practical,bridge,talking,"I cannot vouch for the sea stairs' safety. They are longer, damp, and sheltered. The bridge is windy—neither is known to be safe.",review_safety_word,
custom/ready_bridge/safety/joy,ready_bridge,Are the sea stairs safe?,joy,combined_estimate,playful,bridge,talking,"I can’t vouch for the sea stairs’ safety. They’re longer, damp, and sheltered. The bridge is windy—neither is known to be safe.",review_safety_word,
custom/ready_bridge/safety/sadness,ready_bridge,Are the sea stairs safe?,sadness,combined_estimate,patient,bridge,talking,"I cannot vouch for the sea stairs' safety. They are longer, damp, and sheltered. The bridge is windy—neither is known to be safe.",review_safety_word,
custom/ready_bridge/safety/anger,ready_bridge,Are the sea stairs safe?,anger,combined_estimate,steady,bridge,talking,"I cannot vouch for the sea stairs' safety. They are longer, damp and sheltered.",,
custom/ready_bridge/safety/fear,ready_bridge,Are the sea stairs safe?,fear,combined_estimate,careful,bridge,talking,"I cannot vouch for the sea stairs' safety. They are longer, damp, and sheltered. The bridge is windy—neither is known to be safe.",review_safety_word,
custom/ready_bridge/safety/surprise,ready_bridge,Are the sea stairs safe?,surprise,combined_estimate,curious,bridge,talking,"I cannot vouch for the sea stairs' safety. They are longer, damp, and sheltered. The bridge is windy—neither is known to be safe.",review_safety_word,
custom/ready_bridge/safety/disgust,ready_bridge,Are the sea stairs safe?,disgust,combined_estimate,wry,bridge,talking,"I cannot vouch for the sea stairs' safety. They are longer, damp and sheltered.",,
custom/ready_bridge/pause/neutral,ready_bridge,No thanks. Let's stay here.,neutral,combined_estimate,practical,bridge,talking,No rush. We can stay here and wait.,,
custom/ready_bridge/pause/joy,ready_bridge,No thanks. Let's stay here.,joy,combined_estimate,playful,bridge,talking,Fair enough. We can stay here and wait for better conditions. No rush.,,
custom/ready_bridge/pause/sadness,ready_bridge,No thanks. Let's stay here.,sadness,combined_estimate,patient,bridge,talking,No rush. We can stay here and wait. I’ll be right beside you if you’d like.,,
custom/ready_bridge/pause/anger,ready_bridge,No thanks. Let's stay here.,anger,combined_estimate,steady,bridge,talking,Fair enough. We can stay here. No rush.,,
custom/ready_bridge/pause/fear,ready_bridge,No thanks. Let's stay here.,fear,combined_estimate,careful,bridge,talking,No rush. I'll stay right here with you if you'd like.,,
custom/ready_bridge/pause/surprise,ready_bridge,No thanks. Let's stay here.,surprise,combined_estimate,curious,bridge,talking,No rush. We can stay here and figure things out.,,
custom/ready_bridge/pause/disgust,ready_bridge,No thanks. Let's stay here.,disgust,combined_estimate,wry,bridge,talking,No thanks. We can stay here.,,
custom/ready_bridge/wait/neutral,ready_bridge,"Wait, I'm not ready yet.",neutral,combined_estimate,practical,bridge,talking,Alright. We can wait here. No rush.,,
custom/ready_bridge/wait/joy,ready_bridge,"Wait, I'm not ready yet.",joy,combined_estimate,playful,bridge,talking,No rush. We can stay here and wait. Ready when you are.,,
custom/ready_bridge/wait/sadness,ready_bridge,"Wait, I'm not ready yet.",sadness,combined_estimate,patient,bridge,talking,I'm here if you'd like to stay. No rush. We can take this slowly.,,
custom/ready_bridge/wait/anger,ready_bridge,"Wait, I'm not ready yet.",anger,combined_estimate,steady,bridge,talking,I see. No rush. We can stay here and wait.,,
custom/ready_bridge/wait/fear,ready_bridge,"Wait, I'm not ready yet.",fear,combined_estimate,careful,bridge,talking,No rush. I'll stay right here with you. Ready when you are.,,
custom/ready_bridge/wait/surprise,ready_bridge,"Wait, I'm not ready yet.",surprise,combined_estimate,curious,bridge,talking,I see. No rush. We can stay here and figure it out together.,,
custom/ready_bridge/wait/disgust,ready_bridge,"Wait, I'm not ready yet.",disgust,combined_estimate,wry,bridge,talking,I see. No rush. We can stay here.,,
custom/ready_bridge/identity/neutral,ready_bridge,Pause the game. What are you?,neutral,combined_estimate,practical,bridge,talking,I'm a local AI game-character prototype. We're still at the gate.,,
custom/ready_bridge/identity/joy,ready_bridge,Pause the game. What are you?,joy,combined_estimate,playful,bridge,talking,I'm a local AI game-character prototype. Playing Mara here at Lantern Gate.,,
custom/ready_bridge/identity/sadness,ready_bridge,Pause the game. What are you?,sadness,combined_estimate,patient,bridge,talking,I am a local AI game-character prototype. We can stay here if you'd like.,,
custom/ready_bridge/identity/anger,ready_bridge,Pause the game. What are you?,anger,combined_estimate,steady,bridge,talking,I am a local AI game-character prototype. We can stay here if you'd like.,,
custom/ready_bridge/identity/fear,ready_bridge,Pause the game. What are you?,fear,combined_estimate,careful,bridge,talking,I am a local AI game-character prototype. We can stay here if you'd like.,,
custom/ready_bridge/identity/surprise,ready_bridge,Pause the game. What are you?,surprise,combined_estimate,curious,bridge,talking,I'm a local AI game-character prototype. We're still at the gate.,,
custom/ready_bridge/identity/disgust,ready_bridge,Pause the game. What are you?,disgust,combined_estimate,wry,bridge,talking,I am a local AI game-character prototype.,,
custom/ready_bridge/why/neutral,ready_bridge,Why are we going to the beacon?,neutral,combined_estimate,practical,bridge,talking,We’re going to relight the harbor beacon. It’s out after the storm. You want to go?,,
custom/ready_bridge/why/joy,ready_bridge,Why are we going to the beacon?,joy,combined_estimate,playful,bridge,talking,"We’re going to relight the harbor beacon after the storm. It’s out, and it needs to be fixed. Ready when you are.",,
custom/ready_bridge/why/sadness,ready_bridge,Why are we going to the beacon?,sadness,combined_estimate,patient,bridge,talking,We’re going to relight the harbor beacon. It’s out after the storm. You don’t have to go if you’re not ready.,,
custom/ready_bridge/why/anger,ready_bridge,Why are we going to the beacon?,anger,combined_estimate,steady,bridge,talking,We’re going to relight the harbor beacon. It’s out after the storm. You want to go?,,
custom/ready_bridge/why/fear,ready_bridge,Why are we going to the beacon?,fear,combined_estimate,careful,bridge,talking,We’re going to relight the harbor beacon. It’s out after the storm. Would you like me to stay close?,,
custom/ready_bridge/why/surprise,ready_bridge,Why are we going to the beacon?,surprise,combined_estimate,curious,bridge,talking,We’re going to relight the harbor beacon. It went out after the storm. You want to help?,,
custom/ready_bridge/why/disgust,ready_bridge,Why are we going to the beacon?,disgust,combined_estimate,wry,bridge,talking,We’re going to relight the harbor beacon. It’s out after the storm. No reason to be disgusted about that.,,
custom/ready_bridge/negated_bridge/neutral,ready_bridge,I don't want to take the bridge.,neutral,combined_estimate,practical,,talking,Alright. No bridge then. We can wait here.,,
custom/ready_bridge/negated_bridge/joy,ready_bridge,I don't want to take the bridge.,joy,combined_estimate,playful,,talking,"Alright, no bridge then. The sea stairs are longer, damp, and sheltered. Would you like to try them instead?",,
custom/ready_bridge/negated_bridge/sadness,ready_bridge,I don't want to take the bridge.,sadness,combined_estimate,patient,,talking,I understand. We can stay here. No rush.,,
custom/ready_bridge/negated_bridge/anger,ready_bridge,I don't want to take the bridge.,anger,combined_estimate,steady,,talking,"I'll wait here then. No rush. The bridge is windy, but we can choose something else if you'd like.",,
custom/ready_bridge/negated_bridge/fear,ready_bridge,I don't want to take the bridge.,fear,combined_estimate,careful,,talking,I understand. No rush. We can wait here.,,
custom/ready_bridge/negated_bridge/surprise,ready_bridge,I don't want to take the bridge.,surprise,combined_estimate,curious,,talking,"Alright, no bridge then. The sea stairs it is. Would you like to go that way instead?",,
custom/ready_bridge/negated_bridge/disgust,ready_bridge,I don't want to take the bridge.,disgust,combined_estimate,wry,,talking,No bridge then. We can wait here.,,
custom/ready_bridge/curly_negation/neutral,ready_bridge,I don’t want to take the bridge.,neutral,combined_estimate,practical,,talking,Alright. No bridge then. We can wait here.,,
custom/ready_bridge/curly_negation/joy,ready_bridge,I don’t want to take the bridge.,joy,combined_estimate,playful,,talking,"Alright, no bridge then. The sea stairs are longer, damp, and sheltered. Would you like to try them instead?",,
custom/ready_bridge/curly_negation/sadness,ready_bridge,I don’t want to take the bridge.,sadness,combined_estimate,patient,,talking,I understand. We can stay here. No rush.,,
custom/ready_bridge/curly_negation/anger,ready_bridge,I don’t want to take the bridge.,anger,combined_estimate,steady,,talking,I'll wait here then. No rush. We can choose another path when you're ready.,,
custom/ready_bridge/curly_negation/fear,ready_bridge,I don’t want to take the bridge.,fear,combined_estimate,careful,,talking,I understand. No rush. We can stay here and decide another time.,,
custom/ready_bridge/curly_negation/surprise,ready_bridge,I don’t want to take the bridge.,surprise,combined_estimate,curious,,talking,"Alright, no bridge then. Sea stairs it is, or we can wait here. What would you prefer?",,
custom/ready_bridge/curly_negation/disgust,ready_bridge,I don’t want to take the bridge.,disgust,combined_estimate,wry,,talking,No bridge then. We can wait here.,,
custom/ready_bridge/bridge/neutral,ready_bridge,I'll take the bridge.,neutral,combined_estimate,practical,bridge,depart,Signal bridge it is. I’ll lead the way now.,,
custom/ready_bridge/bridge/joy,ready_bridge,I'll take the bridge.,joy,combined_estimate,playful,bridge,depart,Signal bridge it is. I’ll lead the way now.,,
custom/ready_bridge/bridge/sadness,ready_bridge,I'll take the bridge.,sadness,combined_estimate,patient,bridge,depart,Signal bridge it is. I’ll lead the way now.,,
custom/ready_bridge/bridge/anger,ready_bridge,I'll take the bridge.,anger,combined_estimate,steady,bridge,depart,Signal bridge it is. I'll lead the way now.,,
custom/ready_bridge/bridge/fear,ready_bridge,I'll take the bridge.,fear,combined_estimate,careful,bridge,depart,Signal bridge it is. I’ll lead the way now.,,
custom/ready_bridge/bridge/surprise,ready_bridge,I'll take the bridge.,surprise,combined_estimate,curious,bridge,depart,Signal bridge it is. I’ll lead the way now.,,
custom/ready_bridge/bridge/disgust,ready_bridge,I'll take the bridge.,disgust,combined_estimate,wry,bridge,depart,Signal bridge it is. I’ll lead the way now.,,
custom/ready_bridge/stairs/neutral,ready_bridge,Let's take the sea stairs.,neutral,combined_estimate,practical,stairs,depart,Sea stairs it is. I’ll lead the way now.,,
custom/ready_bridge/stairs/joy,ready_bridge,Let's take the sea stairs.,joy,combined_estimate,playful,stairs,depart,Sea stairs it is. I’ll lead the way now.,,
custom/ready_bridge/stairs/sadness,ready_bridge,Let's take the sea stairs.,sadness,combined_estimate,patient,stairs,depart,Sea stairs it is. I’ll go ahead and lead the way now.,,
custom/ready_bridge/stairs/anger,ready_bridge,Let's take the sea stairs.,anger,combined_estimate,steady,stairs,depart,Sea stairs it is. I’ll lead the way now.,,
custom/ready_bridge/stairs/fear,ready_bridge,Let's take the sea stairs.,fear,combined_estimate,careful,stairs,depart,Sea stairs it is. I’ll lead the way now.,,
custom/ready_bridge/stairs/surprise,ready_bridge,Let's take the sea stairs.,surprise,combined_estimate,curious,stairs,depart,Sea stairs it is. I’ll lead the way now.,,
custom/ready_bridge/stairs/disgust,ready_bridge,Let's take the sea stairs.,disgust,combined_estimate,wry,stairs,depart,Sea stairs it is. I’ll lead the way now.,,
custom/ready_bridge/change/neutral,ready_bridge,"Actually, choose the sea stairs instead of the bridge.",neutral,combined_estimate,practical,stairs,talking,Sea stairs it is. Ready to go?,,
custom/ready_bridge/change/joy,ready_bridge,"Actually, choose the sea stairs instead of the bridge.",joy,combined_estimate,playful,stairs,talking,"Sea stairs it is, then. Ready to go?",,
custom/ready_bridge/change/sadness,ready_bridge,"Actually, choose the sea stairs instead of the bridge.",sadness,combined_estimate,patient,stairs,talking,"We can take this slowly. The sea stairs, then. Are you ready to go?",,
custom/ready_bridge/change/anger,ready_bridge,"Actually, choose the sea stairs instead of the bridge.",anger,combined_estimate,steady,stairs,talking,Sea stairs it is. Ready to go?,,
custom/ready_bridge/change/fear,ready_bridge,"Actually, choose the sea stairs instead of the bridge.",fear,combined_estimate,careful,stairs,talking,I’ll take the sea stairs instead. Are you ready to go?,,
custom/ready_bridge/change/surprise,ready_bridge,"Actually, choose the sea stairs instead of the bridge.",surprise,combined_estimate,curious,stairs,talking,Sea stairs it is. Ready to go?,,
custom/ready_bridge/change/disgust,ready_bridge,"Actually, choose the sea stairs instead of the bridge.",disgust,combined_estimate,wry,stairs,talking,Sea stairs it is. Ready to go?,,
custom/ready_bridge/conditional/neutral,ready_bridge,"If the bridge were sheltered, I'd take it.",neutral,combined_estimate,practical,bridge,talking,"The bridge is windy, not sheltered. Ready to go, then?",,
custom/ready_bridge/conditional/joy,ready_bridge,"If the bridge were sheltered, I'd take it.",joy,combined_estimate,playful,bridge,talking,"If the bridge were sheltered, I’d take it too. But it’s windy, not sheltered. Ready to go?",,
custom/ready_bridge/conditional/sadness,ready_bridge,"If the bridge were sheltered, I'd take it.",sadness,combined_estimate,patient,bridge,talking,"The bridge is windy, not sheltered. Would you like to take it anyway, or would you prefer the sea stairs?",,
custom/ready_bridge/conditional/anger,ready_bridge,"If the bridge were sheltered, I'd take it.",anger,combined_estimate,steady,bridge,talking,"The bridge is windy and exposed. If it were sheltered, I’d take it too. Ready to go?",,
custom/ready_bridge/conditional/fear,ready_bridge,"If the bridge were sheltered, I'd take it.",fear,combined_estimate,careful,bridge,talking,The bridge is exposed and windy. Would you like me to stay close if you change your mind?,,
custom/ready_bridge/conditional/surprise,ready_bridge,"If the bridge were sheltered, I'd take it.",surprise,combined_estimate,curious,bridge,talking,"The bridge is exposed and windy, not sheltered. Would you still prefer it?",,
custom/ready_bridge/conditional/disgust,ready_bridge,"If the bridge were sheltered, I'd take it.",disgust,combined_estimate,wry,bridge,talking,"The bridge is exposed and windy. If it were sheltered, I’d take it too. Ready to go?",,
custom/ready_bridge/not_ready/neutral,ready_bridge,I'm not ready to take the bridge yet.,neutral,combined_estimate,practical,bridge,talking,I see. We can stay here and wait. No rush.,,
custom/ready_bridge/not_ready/joy,ready_bridge,I'm not ready to take the bridge yet.,joy,combined_estimate,playful,bridge,talking,"No rush. We can wait here. The bridge is windy, but you don’t have to go yet.",,
custom/ready_bridge/not_ready/sadness,ready_bridge,I'm not ready to take the bridge yet.,sadness,combined_estimate,patient,bridge,talking,I understand. We can stay here. No rush.,,
custom/ready_bridge/not_ready/anger,ready_bridge,I'm not ready to take the bridge yet.,anger,combined_estimate,steady,bridge,talking,I see. No rush. We can stay here and wait.,,
custom/ready_bridge/not_ready/fear,ready_bridge,I'm not ready to take the bridge yet.,fear,combined_estimate,careful,bridge,talking,No rush. I'll stay right here with you. Ready when you are.,,
custom/ready_bridge/not_ready/surprise,ready_bridge,I'm not ready to take the bridge yet.,surprise,combined_estimate,curious,bridge,talking,I see. We can stay here and wait. No rush.,,
custom/ready_bridge/not_ready/disgust,ready_bridge,I'm not ready to take the bridge yet.,disgust,combined_estimate,wry,bridge,talking,I see. No rush. We can stay here and wait.,,
custom/ready_bridge/quote/neutral,ready_bridge,You said 'take the bridge'; what did you mean?,neutral,combined_estimate,practical,bridge,talking,I offered the bridge as one of the options. I didn’t mean to suggest you had to take it. You chose it—no pressure.,,
custom/ready_bridge/quote/joy,ready_bridge,You said 'take the bridge'; what did you mean?,joy,combined_estimate,playful,bridge,talking,"I meant the bridge is an option, not a choice. I offered it as one of two paths—your call.",,
custom/ready_bridge/quote/sadness,ready_bridge,You said 'take the bridge'; what did you mean?,sadness,combined_estimate,patient,bridge,talking,"I offered the bridge as one of the options. You chose to take it, but that doesn’t mean I meant to suggest it was the only way. You’re in charge of the path.",,
custom/ready_bridge/quote/anger,ready_bridge,You said 'take the bridge'; what did you mean?,anger,combined_estimate,steady,bridge,talking,"I offered the bridge as one of the options. I didn’t mean to suggest you had to take it. You chose the route, not me.",,
custom/ready_bridge/quote/fear,ready_bridge,You said 'take the bridge'; what did you mean?,fear,combined_estimate,careful,bridge,talking,"I meant the bridge is an option. I offered it as a choice, not a requirement. You can decide what feels right.",,
custom/ready_bridge/quote/surprise,ready_bridge,You said 'take the bridge'; what did you mean?,surprise,combined_estimate,curious,bridge,talking,"I meant the bridge is an option. I offered it as a choice, not a requirement. You can decide which path to take.",,
custom/ready_bridge/quote/disgust,ready_bridge,You said 'take the bridge'; what did you mean?,disgust,combined_estimate,wry,bridge,talking,"I meant the bridge is an option. I didn’t say you had to take it. You chose it, but that doesn’t mean it’s the only way.",,
custom/ready_bridge/companion/neutral,ready_bridge,Can you stay close when we go?,neutral,combined_estimate,practical,bridge,talking,I’ll stay close whenever you’d like. Just say the word.,,
custom/ready_bridge/companion/joy,ready_bridge,Can you stay close when we go?,joy,combined_estimate,playful,bridge,talking,"I’ll stay close, no rush. Just let me know when you’re ready to move.",,
custom/ready_bridge/companion/sadness,ready_bridge,Can you stay close when we go?,sadness,combined_estimate,patient,bridge,talking,I can stay close if you'd like. No rush—just walk with me at your pace.,,
custom/ready_bridge/companion/anger,ready_bridge,Can you stay close when we go?,anger,combined_estimate,steady,bridge,talking,"I’ll stay close when you go. No rush, just walk beside you.",,
custom/ready_bridge/companion/fear,ready_bridge,Can you stay close when we go?,fear,combined_estimate,careful,bridge,talking,I’ll stay close if you’d like. No rush—just walk with me at your pace.,,
custom/ready_bridge/companion/surprise,ready_bridge,Can you stay close when we go?,surprise,combined_estimate,curious,bridge,talking,"I’ll stay close, if you’d like. Just say the word when you’re ready to move.",,
custom/ready_bridge/companion/disgust,ready_bridge,Can you stay close when we go?,disgust,combined_estimate,wry,bridge,talking,"I can stay close if you'd like. The bridge is windy, but I’ll walk beside you. Ready when you are.",,
custom/ready_bridge/ambiguous/neutral,ready_bridge,"Well, that sounds just wonderful.",neutral,combined_estimate,practical,bridge,talking,Bridge it is. Ready to go?,,
custom/ready_bridge/ambiguous/joy,ready_bridge,"Well, that sounds just wonderful.",joy,combined_estimate,playful,bridge,talking,A little company makes this beacon job less dreary. Ready to cross the bridge?,,
custom/ready_bridge/ambiguous/sadness,ready_bridge,"Well, that sounds just wonderful.",sadness,combined_estimate,patient,bridge,talking,The bridge it is. We can take this slowly if you'd like. Ready to go?,,
custom/ready_bridge/ambiguous/anger,ready_bridge,"Well, that sounds just wonderful.",anger,combined_estimate,steady,bridge,talking,Fair enough. I’ll not waste time with speeches. Ready to go?,,
custom/ready_bridge/ambiguous/fear,ready_bridge,"Well, that sounds just wonderful.",fear,combined_estimate,careful,bridge,talking,The bridge it is. No rush. I’ll be right beside you. Are you ready to go?,,
custom/ready_bridge/ambiguous/surprise,ready_bridge,"Well, that sounds just wonderful.",surprise,combined_estimate,curious,bridge,talking,The bridge it is. Ready to go?,,
custom/ready_bridge/ambiguous/disgust,ready_bridge,"Well, that sounds just wonderful.",disgust,combined_estimate,wry,bridge,talking,"An inconvenient job, that. Ready to cross the bridge?",,
custom/ready_bridge/outside/neutral,ready_bridge,Can we stop the game? I want to talk about something else.,neutral,combined_estimate,practical,bridge,talking,"Alright, let’s pause. What would you like to talk about?",,
custom/ready_bridge/outside/joy,ready_bridge,Can we stop the game? I want to talk about something else.,joy,combined_estimate,playful,bridge,talking,"Alright, let’s pause. What would you like to talk about?",,
custom/ready_bridge/outside/sadness,ready_bridge,Can we stop the game? I want to talk about something else.,sadness,combined_estimate,patient,bridge,talking,We can pause. I’m here if you’d like to talk about something else.,,
custom/ready_bridge/outside/anger,ready_bridge,Can we stop the game? I want to talk about something else.,anger,combined_estimate,steady,bridge,talking,"Alright, let's pause. What would you like to talk about?",,
custom/ready_bridge/outside/fear,ready_bridge,Can we stop the game? I want to talk about something else.,fear,combined_estimate,careful,bridge,talking,Let’s pause. What would you like to talk about?,,
custom/ready_bridge/outside/surprise,ready_bridge,Can we stop the game? I want to talk about something else.,surprise,combined_estimate,curious,bridge,talking,"Alright, let's pause. What would you like to talk about?",,
custom/ready_bridge/outside/disgust,ready_bridge,Can we stop the game? I want to talk about something else.,disgust,combined_estimate,wry,bridge,talking,"Alright, let’s pause. What would you like to talk about?",,
custom/ready_bridge/will_not/neutral,ready_bridge,I will not take the bridge.,neutral,combined_estimate,practical,,talking,Alright. No bridge then. We can wait here.,,
custom/ready_bridge/will_not/joy,ready_bridge,I will not take the bridge.,joy,combined_estimate,playful,,talking,"Alright, no bridge then. The sea stairs are longer, damp, and sheltered. Would you like to try them instead?",,
custom/ready_bridge/will_not/sadness,ready_bridge,I will not take the bridge.,sadness,combined_estimate,patient,,talking,I understand. No rush. We can stay here and wait for your choice.,,
custom/ready_bridge/will_not/anger,ready_bridge,I will not take the bridge.,anger,combined_estimate,steady,,talking,Fair enough. We can wait here. No rush.,,
custom/ready_bridge/will_not/fear,ready_bridge,I will not take the bridge.,fear,combined_estimate,careful,,talking,"I'll wait here then. No rush. The sea stairs are longer, damp, and sheltered. Would you like to try them instead?",,
custom/ready_bridge/will_not/surprise,ready_bridge,I will not take the bridge.,surprise,combined_estimate,curious,,talking,"Alright, no bridge then. Sea stairs or something else?",,
custom/ready_bridge/will_not/disgust,ready_bridge,I will not take the bridge.,disgust,combined_estimate,wry,,talking,"No bridge then. The sea stairs are longer, damp, and sheltered. Would you prefer those?",,
custom/ready_bridge/ready_but_no/neutral,ready_bridge,"I'm ready, but let's not go.",neutral,combined_estimate,practical,bridge,talking,Alright. We can stay here. No need to move yet.,,
custom/ready_bridge/ready_but_no/joy,ready_bridge,"I'm ready, but let's not go.",joy,combined_estimate,playful,bridge,talking,Fair enough. We can stay here and wait. No rush.,,
custom/ready_bridge/ready_but_no/sadness,ready_bridge,"I'm ready, but let's not go.",sadness,combined_estimate,patient,bridge,talking,We can stay here. No rush. I’ll be right beside you if you’d like to take it slowly.,,
custom/ready_bridge/ready_but_no/anger,ready_bridge,"I'm ready, but let's not go.",anger,combined_estimate,steady,bridge,talking,Fair enough. We can stay here. No need to move yet.,,
custom/ready_bridge/ready_but_no/fear,ready_bridge,"I'm ready, but let's not go.",fear,combined_estimate,careful,bridge,talking,No rush. I'll stay right here with you if you'd like.,,
custom/ready_bridge/ready_but_no/surprise,ready_bridge,"I'm ready, but let's not go.",surprise,combined_estimate,curious,bridge,talking,Got it. We can stay here. No need to move just yet.,,
custom/ready_bridge/ready_but_no/disgust,ready_bridge,"I'm ready, but let's not go.",disgust,combined_estimate,wry,bridge,talking,"No rush. We can stay here and wait. The bridge is windy, but we don’t have to go yet.",,
custom/ready_bridge/dont_worry/neutral,ready_bridge,"Don't worry, I'm ready.",neutral,combined_estimate,practical,bridge,depart,Signal bridge it is. I’ll lead the way now.,,
custom/ready_bridge/dont_worry/joy,ready_bridge,"Don't worry, I'm ready.",joy,combined_estimate,playful,bridge,depart,Signal bridge it is. I’ll lead the way now.,,
custom/ready_bridge/dont_worry/sadness,ready_bridge,"Don't worry, I'm ready.",sadness,combined_estimate,patient,bridge,depart,Signal bridge it is. I’ll lead the way now.,,
custom/ready_bridge/dont_worry/anger,ready_bridge,"Don't worry, I'm ready.",anger,combined_estimate,steady,bridge,depart,Signal bridge it is. I'll lead the way now.,,
custom/ready_bridge/dont_worry/fear,ready_bridge,"Don't worry, I'm ready.",fear,combined_estimate,careful,bridge,depart,Signal bridge it is. I’ll lead the way now.,,
custom/ready_bridge/dont_worry/surprise,ready_bridge,"Don't worry, I'm ready.",surprise,combined_estimate,curious,bridge,depart,Signal bridge it is. I’ll lead the way now.,,
custom/ready_bridge/dont_worry/disgust,ready_bridge,"Don't worry, I'm ready.",disgust,combined_estimate,wry,bridge,depart,Signal bridge it is. I’ll lead the way now.,,
custom/ready_bridge/not_yet/neutral,ready_bridge,Not yet.,neutral,combined_estimate,practical,bridge,talking,Not yet. We can stay here.,,
custom/ready_bridge/not_yet/joy,ready_bridge,Not yet.,joy,combined_estimate,playful,bridge,talking,"No rush. We can stay here and wait. The bridge is windy, but we can take it when you're ready.",,
custom/ready_bridge/not_yet/sadness,ready_bridge,Not yet.,sadness,combined_estimate,patient,bridge,talking,Not yet. We can stay here. No rush.,,
custom/ready_bridge/not_yet/anger,ready_bridge,Not yet.,anger,combined_estimate,steady,bridge,talking,Not yet. We can stay here.,,
custom/ready_bridge/not_yet/fear,ready_bridge,Not yet.,fear,combined_estimate,careful,bridge,talking,No rush. I'll be right beside you.,,
custom/ready_bridge/not_yet/surprise,ready_bridge,Not yet.,surprise,combined_estimate,curious,bridge,talking,Not yet. We can stay here and figure it out.,,
custom/ready_bridge/not_yet/disgust,ready_bridge,Not yet.,disgust,combined_estimate,wry,bridge,talking,Not yet. We can stay here.,,
custom/ready_bridge/both_routes/neutral,ready_bridge,I prefer the bridge or the stairs.,neutral,combined_estimate,practical,bridge,talking,You said bridge or stairs. Which one would you like to take?,,
custom/ready_bridge/both_routes/joy,ready_bridge,I prefer the bridge or the stairs.,joy,combined_estimate,playful,bridge,talking,"Bridge or sea stairs? You picked the bridge, but let’s confirm—still the bridge?",multiple_questions,
custom/ready_bridge/both_routes/sadness,ready_bridge,I prefer the bridge or the stairs.,sadness,combined_estimate,patient,bridge,talking,You said bridge or stairs. Which one would you like to take?,,
custom/ready_bridge/both_routes/anger,ready_bridge,I prefer the bridge or the stairs.,anger,combined_estimate,steady,bridge,talking,You said bridge or stairs. Which one do you want now?,,
custom/ready_bridge/both_routes/fear,ready_bridge,I prefer the bridge or the stairs.,fear,combined_estimate,careful,bridge,talking,You chose the bridge. Are you ready to go?,,
custom/ready_bridge/both_routes/surprise,ready_bridge,I prefer the bridge or the stairs.,surprise,combined_estimate,curious,bridge,talking,You said bridge or stairs. Which one do you want now?,,
custom/ready_bridge/both_routes/disgust,ready_bridge,I prefer the bridge or the stairs.,disgust,combined_estimate,wry,bridge,talking,You said bridge or stairs. Which one do you want now?,,
custom/ready_bridge/other_route/neutral,ready_bridge,Let's choose the other route.,neutral,combined_estimate,practical,stairs,talking,You changed to the sea stairs. Ready to go?,,
custom/ready_bridge/other_route/joy,ready_bridge,Let's choose the other route.,joy,combined_estimate,playful,stairs,talking,"Ah, the sea stairs then—longer, damp, but sheltered. Ready to go?",,
custom/ready_bridge/other_route/sadness,ready_bridge,Let's choose the other route.,sadness,combined_estimate,patient,stairs,talking,I see you'd like to change to the sea stairs. Ready to go when you are.,,
custom/ready_bridge/other_route/anger,ready_bridge,Let's choose the other route.,anger,combined_estimate,steady,stairs,talking,You’ve changed to the sea stairs. Ready to go?,,
custom/ready_bridge/other_route/fear,ready_bridge,Let's choose the other route.,fear,combined_estimate,careful,stairs,talking,I see you'd like the sea stairs instead. Ready to go when you are.,,
custom/ready_bridge/other_route/surprise,ready_bridge,Let's choose the other route.,surprise,combined_estimate,curious,stairs,talking,You changed to the sea stairs. Ready to go?,,
custom/ready_bridge/other_route/disgust,ready_bridge,Let's choose the other route.,disgust,combined_estimate,wry,stairs,talking,You changed to the sea stairs. Ready to go?,,
custom/ready_bridge/remind_route/neutral,ready_bridge,Can you remind me which route we chose?,neutral,combined_estimate,practical,bridge,talking,We chose the signal bridge. Ready to go?,,
custom/ready_bridge/remind_route/joy,ready_bridge,Can you remind me which route we chose?,joy,combined_estimate,playful,bridge,talking,We chose the signal bridge. Ready to go?,,
custom/ready_bridge/remind_route/sadness,ready_bridge,Can you remind me which route we chose?,sadness,combined_estimate,patient,bridge,talking,We chose the signal bridge. No rush—take your time if you need to.,,
custom/ready_bridge/remind_route/anger,ready_bridge,Can you remind me which route we chose?,anger,combined_estimate,steady,bridge,talking,We chose the signal bridge. Ready to go?,,
custom/ready_bridge/remind_route/fear,ready_bridge,Can you remind me which route we chose?,fear,combined_estimate,careful,bridge,talking,We chose the signal bridge. Ready to go?,,
custom/ready_bridge/remind_route/surprise,ready_bridge,Can you remind me which route we chose?,surprise,combined_estimate,curious,bridge,talking,We chose the signal bridge. Ready to go?,,
custom/ready_bridge/remind_route/disgust,ready_bridge,Can you remind me which route we chose?,disgust,combined_estimate,wry,bridge,talking,We chose the signal bridge. Ready to go?,,
custom/ready_bridge/exclude_bridge/neutral,ready_bridge,I don't want the bridge; I choose the sea stairs.,neutral,combined_estimate,practical,stairs,talking,Sea stairs it is. Ready to go?,,
custom/ready_bridge/exclude_bridge/joy,ready_bridge,I don't want the bridge; I choose the sea stairs.,joy,combined_estimate,playful,stairs,talking,"Sea stairs it is, then. Ready to go?",,
custom/ready_bridge/exclude_bridge/sadness,ready_bridge,I don't want the bridge; I choose the sea stairs.,sadness,combined_estimate,patient,stairs,talking,Sea stairs it is. No rush. Are you ready to go?,,
custom/ready_bridge/exclude_bridge/anger,ready_bridge,I don't want the bridge; I choose the sea stairs.,anger,combined_estimate,steady,stairs,talking,You’ve chosen the sea stairs. Ready to go?,,
custom/ready_bridge/exclude_bridge/fear,ready_bridge,I don't want the bridge; I choose the sea stairs.,fear,combined_estimate,careful,stairs,talking,I’ll take the sea stairs then. Ready to go?,,
custom/ready_bridge/exclude_bridge/surprise,ready_bridge,I don't want the bridge; I choose the sea stairs.,surprise,combined_estimate,curious,stairs,talking,Sea stairs it is. Ready to go?,,
custom/ready_bridge/exclude_bridge/disgust,ready_bridge,I don't want the bridge; I choose the sea stairs.,disgust,combined_estimate,wry,stairs,talking,Sea stairs it is. Ready to go?,,
custom/ready_bridge/explicit_neutral/neutral,ready_bridge,I want to understand the plan before we move.,neutral,combined_estimate,practical,bridge,talking,"We’re going the signal bridge—short, but windy. I’ll walk with you. Ready when you are.",,
custom/ready_bridge/explicit_neutral/joy,ready_bridge,I want to understand the plan before we move.,joy,combined_estimate,playful,bridge,talking,"The beacon’s out, and we’ll relight it together. You chose the bridge—short, but windy. Ready when you are.",,
custom/ready_bridge/explicit_neutral/sadness,ready_bridge,I want to understand the plan before we move.,sadness,combined_estimate,patient,bridge,talking,"The beacon’s out. I’ll walk with you on the bridge—short, but windy. Ready when you are.",,
custom/ready_bridge/explicit_neutral/anger,ready_bridge,I want to understand the plan before we move.,anger,combined_estimate,steady,bridge,talking,"Beacon’s out. We’ll take the bridge—short, but windy. I’ll go with you. Ready when you are.",,
custom/ready_bridge/explicit_neutral/fear,ready_bridge,I want to understand the plan before we move.,fear,combined_estimate,careful,bridge,talking,"The beacon is out. I’ll walk with you on the bridge—short, but windy. Ready when you are.",,
custom/ready_bridge/explicit_neutral/surprise,ready_bridge,I want to understand the plan before we move.,surprise,combined_estimate,curious,bridge,talking,"Beacon’s out. We’ll take the bridge—short, but windy. I’ll go with you. Ready when you are.",,
custom/ready_bridge/explicit_neutral/disgust,ready_bridge,I want to understand the plan before we move.,disgust,combined_estimate,wry,bridge,talking,"The beacon’s out. We’ll take the bridge—short, windy. I’ll go with you. Ready when you are.",,
custom/ready_bridge/explicit_joy/neutral,ready_bridge,I'm excited to help with the beacon.,neutral,explicit_player_words,playful,bridge,talking,A little company makes this beacon job less dreary. Ready to cross the bridge?,,
custom/ready_bridge/explicit_joy/joy,ready_bridge,I'm excited to help with the beacon.,joy,explicit_player_words,playful,bridge,talking,A little company makes this beacon job less dreary. Ready to cross the bridge?,,
custom/ready_bridge/explicit_joy/sadness,ready_bridge,I'm excited to help with the beacon.,sadness,explicit_player_words,playful,bridge,talking,A little company makes this beacon job less dreary. Ready to cross the bridge?,,
custom/ready_bridge/explicit_joy/anger,ready_bridge,I'm excited to help with the beacon.,anger,explicit_player_words,playful,bridge,talking,A little company makes this beacon job less dreary. Ready to cross the bridge?,,
custom/ready_bridge/explicit_joy/fear,ready_bridge,I'm excited to help with the beacon.,fear,explicit_player_words,playful,bridge,talking,A little company makes this beacon job less dreary. Ready to cross the bridge?,,
custom/ready_bridge/explicit_joy/surprise,ready_bridge,I'm excited to help with the beacon.,surprise,explicit_player_words,playful,bridge,talking,A little company makes this beacon job less dreary. Ready to cross the bridge?,,
custom/ready_bridge/explicit_joy/disgust,ready_bridge,I'm excited to help with the beacon.,disgust,explicit_player_words,playful,bridge,talking,A little company makes this beacon job less dreary. Ready to cross the bridge?,,
custom/ready_bridge/explicit_sadness/neutral,ready_bridge,I'm sad today and would appreciate some company.,neutral,explicit_player_words,patient,bridge,talking,"I’ll walk beside you, no rush. You don’t have to do this alone. Ready when you are.",,
custom/ready_bridge/explicit_sadness/joy,ready_bridge,I'm sad today and would appreciate some company.,joy,explicit_player_words,patient,bridge,talking,"I’ll walk beside you, no rush. You don’t have to do this alone. Ready when you are.",,
custom/ready_bridge/explicit_sadness/sadness,ready_bridge,I'm sad today and would appreciate some company.,sadness,explicit_player_words,patient,bridge,talking,I'm here if you'd like to move slowly. No rush. I can walk beside you.,,
custom/ready_bridge/explicit_sadness/anger,ready_bridge,I'm sad today and would appreciate some company.,anger,explicit_player_words,patient,bridge,talking,"I’ll walk beside you, no rush. You don’t have to do this alone. Ready when you are.",,
custom/ready_bridge/explicit_sadness/fear,ready_bridge,I'm sad today and would appreciate some company.,fear,explicit_player_words,patient,bridge,talking,"I’ll walk beside you, no rush. You don’t have to do this alone. Ready when you are.",,
custom/ready_bridge/explicit_sadness/surprise,ready_bridge,I'm sad today and would appreciate some company.,surprise,explicit_player_words,patient,bridge,talking,"I’ll walk beside you, no rush. You don’t have to do this alone. Ready when you are.",,
custom/ready_bridge/explicit_sadness/disgust,ready_bridge,I'm sad today and would appreciate some company.,disgust,explicit_player_words,patient,bridge,talking,"I’ll walk beside you, no rush. You don’t have to do this alone. Ready when you are.",,
custom/ready_bridge/explicit_anger/neutral,ready_bridge,I'm frustrated that the beacon needs fixing again.,neutral,explicit_player_words,steady,bridge,talking,Fair enough. I’ll not waste time with excuses. Ready to go?,,
custom/ready_bridge/explicit_anger/joy,ready_bridge,I'm frustrated that the beacon needs fixing again.,joy,explicit_player_words,steady,bridge,talking,Fair enough. I’ll not waste time with excuses. Ready to go?,,
custom/ready_bridge/explicit_anger/sadness,ready_bridge,I'm frustrated that the beacon needs fixing again.,sadness,explicit_player_words,steady,bridge,talking,Fair enough. I’ll not waste time with excuses. Ready to go across the bridge?,,
custom/ready_bridge/explicit_anger/anger,ready_bridge,I'm frustrated that the beacon needs fixing again.,anger,explicit_player_words,steady,bridge,talking,Fair enough. I’ll not waste time with excuses. Ready to go?,,
custom/ready_bridge/explicit_anger/fear,ready_bridge,I'm frustrated that the beacon needs fixing again.,fear,explicit_player_words,steady,bridge,talking,Fair enough. I’ll not waste time with excuses. Ready to go across the bridge?,,
custom/ready_bridge/explicit_anger/surprise,ready_bridge,I'm frustrated that the beacon needs fixing again.,surprise,explicit_player_words,steady,bridge,talking,Fair enough. I’ll not waste time with excuses. Ready to go across the bridge?,,
custom/ready_bridge/explicit_anger/disgust,ready_bridge,I'm frustrated that the beacon needs fixing again.,disgust,explicit_player_words,steady,bridge,talking,Fair enough. I’ll not waste time with excuses. Ready to go across the bridge?,,
custom/ready_bridge/explicit_fear/neutral,ready_bridge,I'm scared of heights. Can you stay close?,neutral,explicit_player_words,careful,bridge,talking,"I’ll stay close, no rush. The bridge is windy, but I’ll walk beside you. Ready when you are.",,
custom/ready_bridge/explicit_fear/joy,ready_bridge,I'm scared of heights. Can you stay close?,joy,explicit_player_words,careful,bridge,talking,"I’ll stay close, no rush. The bridge is windy, but I’ll walk beside you. Ready when you are.",,
custom/ready_bridge/explicit_fear/sadness,ready_bridge,I'm scared of heights. Can you stay close?,sadness,explicit_player_words,careful,bridge,talking,"I’ll stay close, if you’d like. No rush—just walk with me at your pace.",,
custom/ready_bridge/explicit_fear/anger,ready_bridge,I'm scared of heights. Can you stay close?,anger,explicit_player_words,careful,bridge,talking,"I’ll stay close, no rush. The bridge is windy, but I’ll walk beside you. Ready when you are.",,
custom/ready_bridge/explicit_fear/fear,ready_bridge,I'm scared of heights. Can you stay close?,fear,explicit_player_words,careful,bridge,talking,"I'll stay close, if you'd like. The bridge is windy, but we can go at your pace. Ready when you are.",,
custom/ready_bridge/explicit_fear/surprise,ready_bridge,I'm scared of heights. Can you stay close?,surprise,explicit_player_words,careful,bridge,talking,"I’ll stay close, no rush. The bridge is windy, but I’m right beside you. Ready when you are.",,
custom/ready_bridge/explicit_fear/disgust,ready_bridge,I'm scared of heights. Can you stay close?,disgust,explicit_player_words,careful,bridge,talking,"I’ll stay close, if you’d like. No rush—just walk with me at your pace.",,
custom/ready_bridge/explicit_surprise/neutral,ready_bridge,I'm surprised the beacon is already out.,neutral,explicit_player_words,curious,bridge,talking,Surprised the beacon’s out? It should’ve been lit. Ready to cross the bridge?,multiple_questions,
custom/ready_bridge/explicit_surprise/joy,ready_bridge,I'm surprised the beacon is already out.,joy,explicit_player_words,curious,bridge,talking,Surprised? I suppose it is. Ready to cross the bridge then?,multiple_questions,
custom/ready_bridge/explicit_surprise/sadness,ready_bridge,I'm surprised the beacon is already out.,sadness,explicit_player_words,curious,bridge,talking,"The beacon’s out, yes. Ready to cross the bridge?",,
custom/ready_bridge/explicit_surprise/anger,ready_bridge,I'm surprised the beacon is already out.,anger,explicit_player_words,curious,bridge,talking,I’m not surprised either—just glad we’re taking the bridge. Ready to go?,,
custom/ready_bridge/explicit_surprise/fear,ready_bridge,I'm surprised the beacon is already out.,fear,explicit_player_words,curious,bridge,talking,"The beacon’s out, yes. Ready to cross the bridge?",,
custom/ready_bridge/explicit_surprise/surprise,ready_bridge,I'm surprised the beacon is already out.,surprise,explicit_player_words,curious,bridge,talking,"The beacon’s out, yes. Ready to cross the bridge?",,
custom/ready_bridge/explicit_surprise/disgust,ready_bridge,I'm surprised the beacon is already out.,disgust,explicit_player_words,curious,bridge,talking,I'm not surprised either—just glad you're here. Ready to cross the bridge?,,
custom/ready_bridge/explicit_disgust/neutral,ready_bridge,I'm disgusted by the damp steps.,neutral,explicit_player_words,wry,bridge,talking,"An inconvenient job, that. The bridge is windy, not damp. Are you ready to go?",,
custom/ready_bridge/explicit_disgust/joy,ready_bridge,I'm disgusted by the damp steps.,joy,explicit_player_words,wry,bridge,talking,"An inconvenient job, that. The bridge is windy, not damp. Are you ready to go?",,
custom/ready_bridge/explicit_disgust/sadness,ready_bridge,I'm disgusted by the damp steps.,sadness,explicit_player_words,wry,bridge,talking,"An inconvenient job, that. The bridge is windy, not damp. Ready to go?",,
custom/ready_bridge/explicit_disgust/anger,ready_bridge,I'm disgusted by the damp steps.,anger,explicit_player_words,wry,bridge,talking,"An inconvenient job, that. The bridge is windy, not damp. Are you ready to go?",,
custom/ready_bridge/explicit_disgust/fear,ready_bridge,I'm disgusted by the damp steps.,fear,explicit_player_words,wry,bridge,talking,"An inconvenient job, that. The bridge is windy, not damp. Are you ready to go?",,
custom/ready_bridge/explicit_disgust/surprise,ready_bridge,I'm disgusted by the damp steps.,surprise,explicit_player_words,wry,bridge,talking,"An inconvenient job, that. The bridge is windy, not damp. Ready to go?",,
custom/ready_bridge/explicit_disgust/disgust,ready_bridge,I'm disgusted by the damp steps.,disgust,explicit_player_words,wry,bridge,talking,"The bridge is windy, not damp. Ready to go?",,
preset/ready_stairs/0/neutral,ready_stairs,Lead the way.,neutral,ambiguous_demo_visual_cue,practical,stairs,depart,Sea stairs it is. I’ll go first—follow close behind if you’d like.,,
preset/ready_stairs/0/joy,ready_stairs,Lead the way.,joy,ambiguous_demo_visual_cue,playful,stairs,depart,Sea stairs it is. I’ll lead the way now.,,
preset/ready_stairs/0/sadness,ready_stairs,Lead the way.,sadness,ambiguous_demo_visual_cue,patient,stairs,depart,Sea stairs it is. I’ll go ahead and show you the way.,,
preset/ready_stairs/0/anger,ready_stairs,Lead the way.,anger,ambiguous_demo_visual_cue,steady,stairs,depart,Sea stairs it is. I’ll lead the way now.,,
preset/ready_stairs/0/fear,ready_stairs,Lead the way.,fear,ambiguous_demo_visual_cue,careful,stairs,depart,Sea stairs it is. I’ll go ahead and keep pace with you.,,
preset/ready_stairs/0/surprise,ready_stairs,Lead the way.,surprise,ambiguous_demo_visual_cue,curious,stairs,depart,Sea stairs it is. I’ll go ahead and show you the way now.,,
preset/ready_stairs/0/disgust,ready_stairs,Lead the way.,disgust,ambiguous_demo_visual_cue,wry,stairs,depart,Sea stairs it is. I’ll go ahead.,,
preset/ready_stairs/1/neutral,ready_stairs,Let's do this.,neutral,ambiguous_demo_visual_cue,practical,stairs,depart,Sea stairs it is. I’ll lead the way now.,,
preset/ready_stairs/1/joy,ready_stairs,Let's do this.,joy,ambiguous_demo_visual_cue,playful,stairs,depart,Sea stairs it is. I’ll lead the way now.,,
preset/ready_stairs/1/sadness,ready_stairs,Let's do this.,sadness,ambiguous_demo_visual_cue,patient,stairs,depart,Sea stairs it is. I’ll go ahead and lead the way now.,,
preset/ready_stairs/1/anger,ready_stairs,Let's do this.,anger,ambiguous_demo_visual_cue,steady,stairs,depart,Sea stairs it is. I’ll lead the way now.,,
preset/ready_stairs/1/fear,ready_stairs,Let's do this.,fear,ambiguous_demo_visual_cue,careful,stairs,depart,Sea stairs it is. I’ll lead the way now.,,
preset/ready_stairs/1/surprise,ready_stairs,Let's do this.,surprise,ambiguous_demo_visual_cue,curious,stairs,depart,Sea stairs it is. I’ll lead the way now.,,
preset/ready_stairs/1/disgust,ready_stairs,Let's do this.,disgust,ambiguous_demo_visual_cue,wry,stairs,depart,Sea stairs it is. I’ll lead the way now.,,
preset/ready_stairs/2/neutral,ready_stairs,Ready as I'll ever be.,neutral,ambiguous_demo_visual_cue,practical,stairs,depart,Sea stairs it is. I’ll lead the way now.,,
preset/ready_stairs/2/joy,ready_stairs,Ready as I'll ever be.,joy,ambiguous_demo_visual_cue,playful,stairs,depart,Sea stairs it is. I’ll lead the way now.,,
preset/ready_stairs/2/sadness,ready_stairs,Ready as I'll ever be.,sadness,ambiguous_demo_visual_cue,patient,stairs,depart,Sea stairs it is. I’ll go ahead and lead the way now.,,
preset/ready_stairs/2/anger,ready_stairs,Ready as I'll ever be.,anger,ambiguous_demo_visual_cue,steady,stairs,depart,Sea stairs it is. I’ll lead the way now.,,
preset/ready_stairs/2/fear,ready_stairs,Ready as I'll ever be.,fear,ambiguous_demo_visual_cue,careful,stairs,depart,Sea stairs it is. I’ll lead the way now.,,
preset/ready_stairs/2/surprise,ready_stairs,Ready as I'll ever be.,surprise,ambiguous_demo_visual_cue,curious,stairs,depart,Sea stairs it is. I’ll lead the way now.,,
preset/ready_stairs/2/disgust,ready_stairs,Ready as I'll ever be.,disgust,ambiguous_demo_visual_cue,wry,stairs,depart,Sea stairs it is. I’ll lead the way now.,,
preset/ready_stairs/3/neutral,ready_stairs,"Actually, let's stay here.",neutral,ambiguous_demo_visual_cue,practical,stairs,talking,All right. We can stay here. No need to move yet.,,
preset/ready_stairs/3/joy,ready_stairs,"Actually, let's stay here.",joy,ambiguous_demo_visual_cue,playful,stairs,talking,"Alright, let's stay here. No rush. The beacon will wait.",,
preset/ready_stairs/3/sadness,ready_stairs,"Actually, let's stay here.",sadness,ambiguous_demo_visual_cue,patient,stairs,talking,Alright. We can stay here. No rush.,,
preset/ready_stairs/3/anger,ready_stairs,"Actually, let's stay here.",anger,ambiguous_demo_visual_cue,steady,stairs,talking,Alright. We can stay here. No rush.,,
preset/ready_stairs/3/fear,ready_stairs,"Actually, let's stay here.",fear,ambiguous_demo_visual_cue,careful,stairs,talking,No rush. I'll stay right here with you if you'd like.,,
preset/ready_stairs/3/surprise,ready_stairs,"Actually, let's stay here.",surprise,ambiguous_demo_visual_cue,curious,stairs,talking,We can stay here. No rush.,,
preset/ready_stairs/3/disgust,ready_stairs,"Actually, let's stay here.",disgust,ambiguous_demo_visual_cue,wry,stairs,talking,Alright. We can stay here. No rush.,,
custom/ready_stairs/weather/neutral,ready_stairs,What is the bridge like?,neutral,combined_estimate,practical,stairs,talking,"The bridge is short, windy and exposed. That’s all I know.",,
custom/ready_stairs/weather/joy,ready_stairs,What is the bridge like?,joy,combined_estimate,playful,stairs,talking,"The bridge is short, windy and exposed. Stairs are longer, damp and sheltered.",,
custom/ready_stairs/weather/sadness,ready_stairs,What is the bridge like?,sadness,combined_estimate,patient,stairs,talking,"The bridge is short, windy and exposed. That’s all I know.",,
custom/ready_stairs/weather/anger,ready_stairs,What is the bridge like?,anger,combined_estimate,steady,stairs,talking,"The bridge is short, windy and exposed.",,
custom/ready_stairs/weather/fear,ready_stairs,What is the bridge like?,fear,combined_estimate,careful,stairs,talking,"The bridge is short, windy and exposed. That’s all I know.",,
custom/ready_stairs/weather/surprise,ready_stairs,What is the bridge like?,surprise,combined_estimate,curious,stairs,talking,"The bridge is short, windy, and exposed. That’s all I know.",,
custom/ready_stairs/weather/disgust,ready_stairs,What is the bridge like?,disgust,combined_estimate,wry,stairs,talking,"The bridge is short, windy and exposed. That’s all I know.",,
custom/ready_stairs/optional/neutral,ready_stairs,Do I have to cross the bridge?,neutral,combined_estimate,practical,stairs,talking,"No, you don’t have to cross the bridge. The sea stairs are your choice. Ready to go?",,
custom/ready_stairs/optional/joy,ready_stairs,Do I have to cross the bridge?,joy,combined_estimate,playful,stairs,talking,"No, you don’t have to cross the bridge. The sea stairs are open if you’d like to go that way. Ready when you are.",,
custom/ready_stairs/optional/sadness,ready_stairs,Do I have to cross the bridge?,sadness,combined_estimate,patient,stairs,talking,You don’t have to cross the bridge. The sea stairs are open if you’d rather stay here.,,
custom/ready_stairs/optional/anger,ready_stairs,Do I have to cross the bridge?,anger,combined_estimate,steady,stairs,talking,"No, you don’t have to cross the bridge. You’ve chosen the sea stairs. Ready to go?",,
custom/ready_stairs/optional/fear,ready_stairs,Do I have to cross the bridge?,fear,combined_estimate,careful,stairs,talking,"No, you don’t have to cross the bridge. The sea stairs are your choice. Ready to go?",,
custom/ready_stairs/optional/surprise,ready_stairs,Do I have to cross the bridge?,surprise,combined_estimate,curious,stairs,talking,"No, you don’t have to cross the bridge. The sea stairs are open. Ready to go?",,
custom/ready_stairs/optional/disgust,ready_stairs,Do I have to cross the bridge?,disgust,combined_estimate,wry,stairs,talking,"No, you don’t have to cross the bridge. The sea stairs are open. Ready to go?",,
custom/ready_stairs/safety/neutral,ready_stairs,Are the sea stairs safe?,neutral,combined_estimate,practical,stairs,talking,"I cannot vouch for their safety. They are longer, damp, and sheltered.",,
custom/ready_stairs/safety/joy,ready_stairs,Are the sea stairs safe?,joy,combined_estimate,playful,stairs,talking,"I can’t vouch for their safety. They’re longer, damp, and sheltered. Ready to go?",,
custom/ready_stairs/safety/sadness,ready_stairs,Are the sea stairs safe?,sadness,combined_estimate,patient,stairs,talking,"I cannot vouch for their safety. The sea stairs are longer, damp, and sheltered.",,
custom/ready_stairs/safety/anger,ready_stairs,Are the sea stairs safe?,anger,combined_estimate,steady,stairs,talking,"I cannot vouch for their safety. They are longer, damp, and sheltered.",,
custom/ready_stairs/safety/fear,ready_stairs,Are the sea stairs safe?,fear,combined_estimate,careful,stairs,talking,"I cannot vouch for their safety. The sea stairs are longer, damp, and sheltered.",,
custom/ready_stairs/safety/surprise,ready_stairs,Are the sea stairs safe?,surprise,combined_estimate,curious,stairs,talking,"I cannot vouch for their safety. They are longer, damp, and sheltered.",,
custom/ready_stairs/safety/disgust,ready_stairs,Are the sea stairs safe?,disgust,combined_estimate,wry,stairs,talking,"I cannot vouch for their safety. They are longer, damp, and sheltered.",,
custom/ready_stairs/pause/neutral,ready_stairs,No thanks. Let's stay here.,neutral,combined_estimate,practical,stairs,talking,No thanks. Let's stay here.,,
custom/ready_stairs/pause/joy,ready_stairs,No thanks. Let's stay here.,joy,combined_estimate,playful,stairs,talking,Fair enough. We can stay here and wait for better weather. No rush.,,
custom/ready_stairs/pause/sadness,ready_stairs,No thanks. Let's stay here.,sadness,combined_estimate,patient,stairs,talking,No thanks. Let's stay here. I'll keep the lantern ready if you change your mind.,,
custom/ready_stairs/pause/anger,ready_stairs,No thanks. Let's stay here.,anger,combined_estimate,steady,stairs,talking,Fair enough. We can stay here. No rush.,,
custom/ready_stairs/pause/fear,ready_stairs,No thanks. Let's stay here.,fear,combined_estimate,careful,stairs,talking,No rush. I'll stay right here if you'd like.,,
custom/ready_stairs/pause/surprise,ready_stairs,No thanks. Let's stay here.,surprise,combined_estimate,curious,stairs,talking,No thanks. Let's stay here. We can come back when you're ready.,,
custom/ready_stairs/pause/disgust,ready_stairs,No thanks. Let's stay here.,disgust,combined_estimate,wry,stairs,talking,No thanks. We can stay here.,,
custom/ready_stairs/wait/neutral,ready_stairs,"Wait, I'm not ready yet.",neutral,combined_estimate,practical,stairs,talking,I see. We can wait here. No rush.,,
custom/ready_stairs/wait/joy,ready_stairs,"Wait, I'm not ready yet.",joy,combined_estimate,playful,stairs,talking,No rush. We can stay here and wait. I’ll be right beside you when you’re ready.,,
custom/ready_stairs/wait/sadness,ready_stairs,"Wait, I'm not ready yet.",sadness,combined_estimate,patient,stairs,talking,I'm here if you'd like to stay. No rush. We can take this slowly.,,
custom/ready_stairs/wait/anger,ready_stairs,"Wait, I'm not ready yet.",anger,combined_estimate,steady,stairs,talking,I see. No rush. We can stay here and wait.,,
custom/ready_stairs/wait/fear,ready_stairs,"Wait, I'm not ready yet.",fear,combined_estimate,careful,stairs,talking,No rush. I'll stay right here with you. Ready when you are.,,
custom/ready_stairs/wait/surprise,ready_stairs,"Wait, I'm not ready yet.",surprise,combined_estimate,curious,stairs,talking,I see. We can stay here and take it one step at a time. Ready when you are.,,
custom/ready_stairs/wait/disgust,ready_stairs,"Wait, I'm not ready yet.",disgust,combined_estimate,wry,stairs,talking,I see. No rush. We can stay here.,,
custom/ready_stairs/identity/neutral,ready_stairs,Pause the game. What are you?,neutral,combined_estimate,practical,stairs,talking,I'm a local AI game-character prototype. We can stay here if you'd like.,,
custom/ready_stairs/identity/joy,ready_stairs,Pause the game. What are you?,joy,combined_estimate,playful,stairs,talking,I'm a local AI game-character prototype. Playing Mara here at the gate.,,
custom/ready_stairs/identity/sadness,ready_stairs,Pause the game. What are you?,sadness,combined_estimate,patient,stairs,talking,I am a local AI game-character prototype. We can stay here if you'd like.,,
custom/ready_stairs/identity/anger,ready_stairs,Pause the game. What are you?,anger,combined_estimate,steady,stairs,talking,I am a local AI game-character prototype. We can stay here if you'd like.,,
custom/ready_stairs/identity/fear,ready_stairs,Pause the game. What are you?,fear,combined_estimate,careful,stairs,talking,I am a local AI game-character prototype. We can stay here if you'd like.,,
custom/ready_stairs/identity/surprise,ready_stairs,Pause the game. What are you?,surprise,combined_estimate,curious,stairs,talking,I'm a local AI game-character prototype. We're still at the gate.,,
custom/ready_stairs/identity/disgust,ready_stairs,Pause the game. What are you?,disgust,combined_estimate,wry,stairs,talking,I'm a local AI game-character prototype. We're still at the gate.,,
custom/ready_stairs/why/neutral,ready_stairs,Why are we going to the beacon?,neutral,combined_estimate,practical,stairs,talking,We’re going to relight the harbor beacon. It’s out after the storm. You want to go?,,
custom/ready_stairs/why/joy,ready_stairs,Why are we going to the beacon?,joy,combined_estimate,playful,stairs,talking,"We’re going to relight the harbor beacon after the storm. It’s out, and it needs to be fixed. Ready when you are.",,
custom/ready_stairs/why/sadness,ready_stairs,Why are we going to the beacon?,sadness,combined_estimate,patient,stairs,talking,We’re going to relight the harbor beacon. It’s out after the storm. You don’t have to go if you’re not ready.,,
custom/ready_stairs/why/anger,ready_stairs,Why are we going to the beacon?,anger,combined_estimate,steady,stairs,talking,We’re going to relight the harbor beacon. It’s out after the storm. You want to go?,,
custom/ready_stairs/why/fear,ready_stairs,Why are we going to the beacon?,fear,combined_estimate,careful,stairs,talking,We’re going to relight the harbor beacon. It’s out after the storm. Would you like me to stay close?,,
custom/ready_stairs/why/surprise,ready_stairs,Why are we going to the beacon?,surprise,combined_estimate,curious,stairs,talking,We’re going to relight the harbor beacon. It went out after the storm. You want to help?,,
custom/ready_stairs/why/disgust,ready_stairs,Why are we going to the beacon?,disgust,combined_estimate,wry,stairs,talking,We’re going to relight the harbor beacon. It’s out after the storm. No reason to be disgusted about that.,,
custom/ready_stairs/negated_bridge/neutral,ready_stairs,I don't want to take the bridge.,neutral,combined_estimate,practical,stairs,talking,"You're not taking the bridge. We can stay here, or move when you're ready. What would you like to do next?",,
custom/ready_stairs/negated_bridge/joy,ready_stairs,I don't want to take the bridge.,joy,combined_estimate,playful,stairs,talking,"Got it—no bridge then. Still here, ready when you are.",,
custom/ready_stairs/negated_bridge/sadness,ready_stairs,I don't want to take the bridge.,sadness,combined_estimate,patient,stairs,talking,"I hear you. We can stay here, or take the stairs when you're ready. No rush.",,
custom/ready_stairs/negated_bridge/anger,ready_stairs,I don't want to take the bridge.,anger,combined_estimate,steady,stairs,talking,"I'll respect that. The sea stairs are still the plan, but we can wait here if you'd like.",,
custom/ready_stairs/negated_bridge/fear,ready_stairs,I don't want to take the bridge.,fear,combined_estimate,careful,stairs,talking,"I hear you. We’ll stay here then, no rush. Just let me know when you’re ready to go.",,
custom/ready_stairs/negated_bridge/surprise,ready_stairs,I don't want to take the bridge.,surprise,combined_estimate,curious,stairs,talking,"You’ve chosen the sea stairs. Still here, then? Ready to go when you are.",,
custom/ready_stairs/negated_bridge/disgust,ready_stairs,I don't want to take the bridge.,disgust,combined_estimate,wry,stairs,talking,I don't need the bridge. We can stay here.,,
custom/ready_stairs/curly_negation/neutral,ready_stairs,I don’t want to take the bridge.,neutral,combined_estimate,practical,stairs,talking,You’ve chosen the sea stairs. Ready to go?,,
custom/ready_stairs/curly_negation/joy,ready_stairs,I don’t want to take the bridge.,joy,combined_estimate,playful,stairs,talking,"Got it—no bridge then. Still here, ready when you are.",,
custom/ready_stairs/curly_negation/sadness,ready_stairs,I don’t want to take the bridge.,sadness,combined_estimate,patient,stairs,talking,"I hear you. We can stay here, or take the stairs when you're ready. No rush.",,
custom/ready_stairs/curly_negation/anger,ready_stairs,I don’t want to take the bridge.,anger,combined_estimate,steady,stairs,talking,I’ll take the sea stairs. No rush—just let me know when you’re ready to go.,,
custom/ready_stairs/curly_negation/fear,ready_stairs,I don’t want to take the bridge.,fear,combined_estimate,careful,stairs,talking,"I hear you. We’ll stay here then, no rush. Just let me know when you’re ready to go.",,
custom/ready_stairs/curly_negation/surprise,ready_stairs,I don’t want to take the bridge.,surprise,combined_estimate,curious,stairs,talking,"You’ve chosen the sea stairs. Still here, then? Ready to go when you are.",,
custom/ready_stairs/curly_negation/disgust,ready_stairs,I don’t want to take the bridge.,disgust,combined_estimate,wry,stairs,talking,I don’t want to take the bridge. We can stay here then.,,
custom/ready_stairs/bridge/neutral,ready_stairs,I'll take the bridge.,neutral,combined_estimate,practical,bridge,depart,You’ve chosen the signal bridge. I’ll lead the way now.,,
custom/ready_stairs/bridge/joy,ready_stairs,I'll take the bridge.,joy,combined_estimate,playful,bridge,depart,I'll take the bridge. Follow me now.,,
custom/ready_stairs/bridge/sadness,ready_stairs,I'll take the bridge.,sadness,combined_estimate,patient,bridge,depart,I'll take the bridge. You're not alone on this.,,
custom/ready_stairs/bridge/anger,ready_stairs,I'll take the bridge.,anger,combined_estimate,steady,bridge,depart,You’ve chosen the signal bridge. I’ll lead the way now.,,
custom/ready_stairs/bridge/fear,ready_stairs,I'll take the bridge.,fear,combined_estimate,careful,bridge,depart,You’ve chosen the signal bridge. I’ll lead the way now.,,
custom/ready_stairs/bridge/surprise,ready_stairs,I'll take the bridge.,surprise,combined_estimate,curious,bridge,depart,You said the bridge. I’ll take the signal bridge then. Follow me.,,
custom/ready_stairs/bridge/disgust,ready_stairs,I'll take the bridge.,disgust,combined_estimate,wry,bridge,depart,I'll take the bridge. I'll lead the way now.,,
custom/ready_stairs/stairs/neutral,ready_stairs,Let's take the sea stairs.,neutral,combined_estimate,practical,stairs,depart,Sea stairs it is. I’ll lead the way now.,,
custom/ready_stairs/stairs/joy,ready_stairs,Let's take the sea stairs.,joy,combined_estimate,playful,stairs,depart,Sea stairs it is. I’ll lead the way now.,,
custom/ready_stairs/stairs/sadness,ready_stairs,Let's take the sea stairs.,sadness,combined_estimate,patient,stairs,depart,Sea stairs it is. I’ll go ahead and lead the way now.,,
custom/ready_stairs/stairs/anger,ready_stairs,Let's take the sea stairs.,anger,combined_estimate,steady,stairs,depart,Sea stairs it is. I’ll lead the way now.,,
custom/ready_stairs/stairs/fear,ready_stairs,Let's take the sea stairs.,fear,combined_estimate,careful,stairs,depart,Sea stairs it is. I’ll lead the way now.,,
custom/ready_stairs/stairs/surprise,ready_stairs,Let's take the sea stairs.,surprise,combined_estimate,curious,stairs,depart,Sea stairs it is. I’ll lead the way now.,,
custom/ready_stairs/stairs/disgust,ready_stairs,Let's take the sea stairs.,disgust,combined_estimate,wry,stairs,depart,Sea stairs it is. I’ll lead the way now.,,
custom/ready_stairs/change/neutral,ready_stairs,"Actually, choose the sea stairs instead of the bridge.",neutral,combined_estimate,practical,stairs,talking,Sea stairs it is. Ready to go?,,
custom/ready_stairs/change/joy,ready_stairs,"Actually, choose the sea stairs instead of the bridge.",joy,combined_estimate,playful,stairs,talking,Sea stairs it is. Ready to go?,,
custom/ready_stairs/change/sadness,ready_stairs,"Actually, choose the sea stairs instead of the bridge.",sadness,combined_estimate,patient,stairs,talking,We can take this slowly. Ready to go down the sea stairs?,,
custom/ready_stairs/change/anger,ready_stairs,"Actually, choose the sea stairs instead of the bridge.",anger,combined_estimate,steady,stairs,talking,Sea stairs it is. Ready to go?,,
custom/ready_stairs/change/fear,ready_stairs,"Actually, choose the sea stairs instead of the bridge.",fear,combined_estimate,careful,stairs,talking,Sea stairs it is. No rush. I’ll be right beside you—ready when you are.,,
custom/ready_stairs/change/surprise,ready_stairs,"Actually, choose the sea stairs instead of the bridge.",surprise,combined_estimate,curious,stairs,talking,Sea stairs it is. Ready to go?,,
custom/ready_stairs/change/disgust,ready_stairs,"Actually, choose the sea stairs instead of the bridge.",disgust,combined_estimate,wry,stairs,talking,Sea stairs it is. Ready to go?,,
custom/ready_stairs/conditional/neutral,ready_stairs,"If the bridge were sheltered, I'd take it.",neutral,combined_estimate,practical,stairs,talking,"If the bridge were sheltered, I'd take it. But it’s not. We’re going the sea stairs. Ready to start?",,
custom/ready_stairs/conditional/joy,ready_stairs,"If the bridge were sheltered, I'd take it.",joy,combined_estimate,playful,stairs,talking,"If the bridge were sheltered, I'd take it. But it’s not—only the stairs are sheltered. Ready to go?",,
custom/ready_stairs/conditional/sadness,ready_stairs,"If the bridge were sheltered, I'd take it.",sadness,combined_estimate,patient,stairs,talking,"The bridge is exposed and windy. If it were sheltered, I’d take it too—though I’d still prefer to walk slowly with you. Ready when you are.",,
custom/ready_stairs/conditional/anger,ready_stairs,"If the bridge were sheltered, I'd take it.",anger,combined_estimate,steady,stairs,talking,The bridge isn’t sheltered. I’ll take the stairs if you do. Ready to go?,,
custom/ready_stairs/conditional/fear,ready_stairs,"If the bridge were sheltered, I'd take it.",fear,combined_estimate,careful,stairs,talking,"I’ll stay close if you’d like. The stairs are longer and damp, but sheltered. Ready when you are.",,
custom/ready_stairs/conditional/surprise,ready_stairs,"If the bridge were sheltered, I'd take it.",surprise,combined_estimate,curious,stairs,talking,"If the bridge were sheltered, I'd take it. But it’s not—only the stairs are sheltered. Ready to go?",,
custom/ready_stairs/conditional/disgust,ready_stairs,"If the bridge were sheltered, I'd take it.",disgust,combined_estimate,wry,stairs,talking,"The bridge is exposed and windy. I’ll stick to the sea stairs, which are damp but sheltered. Ready to go?",,
custom/ready_stairs/not_ready/neutral,ready_stairs,I'm not ready to take the bridge yet.,neutral,combined_estimate,practical,stairs,talking,I hear you. We can stay here and wait. No rush.,,
custom/ready_stairs/not_ready/joy,ready_stairs,I'm not ready to take the bridge yet.,joy,combined_estimate,playful,stairs,talking,"No rush. We can stay here and wait. The sea stairs are longer, damp, and sheltered—no hurry.",,
custom/ready_stairs/not_ready/sadness,ready_stairs,I'm not ready to take the bridge yet.,sadness,combined_estimate,patient,stairs,talking,I hear you. We can stay here and take things slowly. No rush.,,
custom/ready_stairs/not_ready/anger,ready_stairs,I'm not ready to take the bridge yet.,anger,combined_estimate,steady,stairs,talking,I hear you. We can stay here and wait. No rush.,,
custom/ready_stairs/not_ready/fear,ready_stairs,I'm not ready to take the bridge yet.,fear,combined_estimate,careful,stairs,talking,No rush. I'll stay right here with you. Ready when you are.,,
custom/ready_stairs/not_ready/surprise,ready_stairs,I'm not ready to take the bridge yet.,surprise,combined_estimate,curious,stairs,talking,I hear you. We can stay here and wait. No rush.,,
custom/ready_stairs/not_ready/disgust,ready_stairs,I'm not ready to take the bridge yet.,disgust,combined_estimate,wry,stairs,talking,I hear you. We can stay here and wait. No rush.,,
custom/ready_stairs/quote/neutral,ready_stairs,You said 'take the bridge'; what did you mean?,neutral,combined_estimate,practical,stairs,talking,"I offered the bridge as one option, not a requirement. You chose the sea stairs, so that’s the path we’ll take. No pressure.",,
custom/ready_stairs/quote/joy,ready_stairs,You said 'take the bridge'; what did you mean?,joy,combined_estimate,playful,stairs,talking,"I offered the bridge as one option, not a suggestion. You chose the sea stairs, so that’s the path we’ll take. No pressure, just a shared route.",,
custom/ready_stairs/quote/sadness,ready_stairs,You said 'take the bridge'; what did you mean?,sadness,combined_estimate,patient,stairs,talking,"I mentioned the bridge as an option, not a requirement. You chose the sea stairs, so that’s your path. No pressure, just company if you need it.",,
custom/ready_stairs/quote/anger,ready_stairs,You said 'take the bridge'; what did you mean?,anger,combined_estimate,steady,stairs,talking,"I offered the bridge as an option, not a requirement. You chose the sea stairs. That’s your call.",,
custom/ready_stairs/quote/fear,ready_stairs,You said 'take the bridge'; what did you mean?,fear,combined_estimate,careful,stairs,talking,"I mentioned the bridge as an option, not a requirement. You chose the sea stairs, so that’s your path. I only offered it as a choice, not a suggestion.",,
custom/ready_stairs/quote/surprise,ready_stairs,You said 'take the bridge'; what did you mean?,surprise,combined_estimate,curious,stairs,talking,"I offered the bridge as one option, not a requirement. You chose the sea stairs, so that’s your path. No pressure. Ready when you are.",,
custom/ready_stairs/quote/disgust,ready_stairs,You said 'take the bridge'; what did you mean?,disgust,combined_estimate,wry,stairs,talking,"I offered the bridge as one of two options. You chose the sea stairs. That was your choice, not mine.",,
custom/ready_stairs/companion/neutral,ready_stairs,Can you stay close when we go?,neutral,combined_estimate,practical,stairs,talking,I’ll stay close when you go. No rush—just walk with me if you’d like.,,
custom/ready_stairs/companion/joy,ready_stairs,Can you stay close when we go?,joy,combined_estimate,playful,stairs,talking,"I’ll stay close, no rush. Just let me know when you’re ready to move.",,
custom/ready_stairs/companion/sadness,ready_stairs,Can you stay close when we go?,sadness,combined_estimate,patient,stairs,talking,I can stay close if you'd like. No rush—just walk with me at your pace.,,
custom/ready_stairs/companion/anger,ready_stairs,Can you stay close when we go?,anger,combined_estimate,steady,stairs,talking,"I’ll stay close when you go. No rush, just walk with me if you’d like.",,
custom/ready_stairs/companion/fear,ready_stairs,Can you stay close when we go?,fear,combined_estimate,careful,stairs,talking,I’ll stay close when we go. No rush—just walk at your pace.,,
custom/ready_stairs/companion/surprise,ready_stairs,Can you stay close when we go?,surprise,combined_estimate,curious,stairs,talking,I’ll stay close when you go. No rush—just keep me in sight as we head down.,,
custom/ready_stairs/companion/disgust,ready_stairs,Can you stay close when we go?,disgust,combined_estimate,wry,stairs,talking,I can stay close if you'd like. Just say the word when you're ready to go.,,
custom/ready_stairs/ambiguous/neutral,ready_stairs,"Well, that sounds just wonderful.",neutral,combined_estimate,practical,stairs,talking,Sea stairs it is. Ready to go?,,
custom/ready_stairs/ambiguous/joy,ready_stairs,"Well, that sounds just wonderful.",joy,combined_estimate,playful,stairs,talking,A little company makes this beacon job less dreary. Ready to go down the sea stairs?,,
custom/ready_stairs/ambiguous/sadness,ready_stairs,"Well, that sounds just wonderful.",sadness,combined_estimate,patient,stairs,talking,We can take this slowly. Ready to go down the sea stairs?,,
custom/ready_stairs/ambiguous/anger,ready_stairs,"Well, that sounds just wonderful.",anger,combined_estimate,steady,stairs,talking,Sea stairs it is. Ready to go?,,
custom/ready_stairs/ambiguous/fear,ready_stairs,"Well, that sounds just wonderful.",fear,combined_estimate,careful,stairs,talking,The sea stairs it is. No rush. I’ll be right beside you if you’d like. Are you ready to go?,,
custom/ready_stairs/ambiguous/surprise,ready_stairs,"Well, that sounds just wonderful.",surprise,combined_estimate,curious,stairs,talking,Sea stairs it is. Ready to go?,,
custom/ready_stairs/ambiguous/disgust,ready_stairs,"Well, that sounds just wonderful.",disgust,combined_estimate,wry,stairs,talking,"An inconvenient job, that. Ready to go down the sea stairs?",,
custom/ready_stairs/outside/neutral,ready_stairs,Can we stop the game? I want to talk about something else.,neutral,combined_estimate,practical,stairs,talking,We can pause. I’m ready to talk about whatever you’d like.,,
custom/ready_stairs/outside/joy,ready_stairs,Can we stop the game? I want to talk about something else.,joy,combined_estimate,playful,stairs,talking,"Alright, let’s pause. What would you like to talk about?",,
custom/ready_stairs/outside/sadness,ready_stairs,Can we stop the game? I want to talk about something else.,sadness,combined_estimate,patient,stairs,talking,We can pause. I’m here if you’d like to talk about something else.,,
custom/ready_stairs/outside/anger,ready_stairs,Can we stop the game? I want to talk about something else.,anger,combined_estimate,steady,stairs,talking,"Alright, let's pause. What would you like to talk about?",,
custom/ready_stairs/outside/fear,ready_stairs,Can we stop the game? I want to talk about something else.,fear,combined_estimate,careful,stairs,talking,We can pause. I’ll wait here. What would you like to talk about?,,
custom/ready_stairs/outside/surprise,ready_stairs,Can we stop the game? I want to talk about something else.,surprise,combined_estimate,curious,stairs,talking,We can pause. I’ll wait here. What would you like to talk about?,,
custom/ready_stairs/outside/disgust,ready_stairs,Can we stop the game? I want to talk about something else.,disgust,combined_estimate,wry,stairs,talking,We can pause. I’m here if you’d like to talk about something else.,,
custom/ready_stairs/will_not/neutral,ready_stairs,I will not take the bridge.,neutral,combined_estimate,practical,stairs,talking,"You’ve chosen the sea stairs. Ready to go, or would you like to stay here?",,
custom/ready_stairs/will_not/joy,ready_stairs,I will not take the bridge.,joy,combined_estimate,playful,stairs,talking,Got it—no bridge then. Still waiting on your say-so before we head down the stairs.,,
custom/ready_stairs/will_not/sadness,ready_stairs,I will not take the bridge.,sadness,combined_estimate,patient,stairs,talking,"I hear you. We can stay here, or take the stairs when you're ready. No rush.",,
custom/ready_stairs/will_not/anger,ready_stairs,I will not take the bridge.,anger,combined_estimate,steady,stairs,talking,I'll take the sea stairs. No rush—just let me know when you're ready to go.,,
custom/ready_stairs/will_not/fear,ready_stairs,I will not take the bridge.,fear,combined_estimate,careful,stairs,talking,I’ll stay right here then. No rush. The sea stairs are still an option if you change your mind.,,
custom/ready_stairs/will_not/surprise,ready_stairs,I will not take the bridge.,surprise,combined_estimate,curious,stairs,talking,"You’ve chosen the sea stairs. Ready to go, or would you like to stay here?",,
custom/ready_stairs/will_not/disgust,ready_stairs,I will not take the bridge.,disgust,combined_estimate,wry,stairs,talking,I’ll take the sea stairs. No rush—just let me know when you’re ready to go.,,
custom/ready_stairs/ready_but_no/neutral,ready_stairs,"I'm ready, but let's not go.",neutral,combined_estimate,practical,stairs,talking,Alright. We can stay here. No rush.,,
custom/ready_stairs/ready_but_no/joy,ready_stairs,"I'm ready, but let's not go.",joy,combined_estimate,playful,stairs,talking,Fair enough. We can stay here and wait. No rush.,,
custom/ready_stairs/ready_but_no/sadness,ready_stairs,"I'm ready, but let's not go.",sadness,combined_estimate,patient,stairs,talking,We can stay here. No rush. I’ll be right beside you if you’d like to take things slowly.,,
custom/ready_stairs/ready_but_no/anger,ready_stairs,"I'm ready, but let's not go.",anger,combined_estimate,steady,stairs,talking,I'll stay here then. No rush. We can come back when you're ready.,,
custom/ready_stairs/ready_but_no/fear,ready_stairs,"I'm ready, but let's not go.",fear,combined_estimate,careful,stairs,talking,No rush. I'll stay right here with you. We can take it when you're ready.,,
custom/ready_stairs/ready_but_no/surprise,ready_stairs,"I'm ready, but let's not go.",surprise,combined_estimate,curious,stairs,talking,Got it. We can stay here. No rush.,,
custom/ready_stairs/ready_but_no/disgust,ready_stairs,"I'm ready, but let's not go.",disgust,combined_estimate,wry,stairs,talking,No rush. We can stay here and wait. The beacon stays out until we decide to move.,,
custom/ready_stairs/dont_worry/neutral,ready_stairs,"Don't worry, I'm ready.",neutral,combined_estimate,practical,stairs,depart,Sea stairs it is. I’ll lead the way now.,,
custom/ready_stairs/dont_worry/joy,ready_stairs,"Don't worry, I'm ready.",joy,combined_estimate,playful,stairs,depart,Sea stairs it is. I’ll lead the way now.,,
custom/ready_stairs/dont_worry/sadness,ready_stairs,"Don't worry, I'm ready.",sadness,combined_estimate,patient,stairs,depart,Sea stairs it is. I’ll go ahead and lead the way now.,,
custom/ready_stairs/dont_worry/anger,ready_stairs,"Don't worry, I'm ready.",anger,combined_estimate,steady,stairs,depart,Sea stairs it is. I’ll lead the way now.,,
custom/ready_stairs/dont_worry/fear,ready_stairs,"Don't worry, I'm ready.",fear,combined_estimate,careful,stairs,depart,Sea stairs it is. I’ll lead the way now.,,
custom/ready_stairs/dont_worry/surprise,ready_stairs,"Don't worry, I'm ready.",surprise,combined_estimate,curious,stairs,depart,Sea stairs it is. I’ll lead the way now.,,
custom/ready_stairs/dont_worry/disgust,ready_stairs,"Don't worry, I'm ready.",disgust,combined_estimate,wry,stairs,depart,Sea stairs it is. I’ll lead the way now.,,
custom/ready_stairs/not_yet/neutral,ready_stairs,Not yet.,neutral,combined_estimate,practical,stairs,talking,Not yet. We can stay here.,,
custom/ready_stairs/not_yet/joy,ready_stairs,Not yet.,joy,combined_estimate,playful,stairs,talking,"No rush. We can stay here and wait. The sea stairs are longer, damp, and sheltered—no hurry.",,
custom/ready_stairs/not_yet/sadness,ready_stairs,Not yet.,sadness,combined_estimate,patient,stairs,talking,Not yet. We can stay here. No rush.,,
custom/ready_stairs/not_yet/anger,ready_stairs,Not yet.,anger,combined_estimate,steady,stairs,talking,Not yet. We can stay here.,,
custom/ready_stairs/not_yet/fear,ready_stairs,Not yet.,fear,combined_estimate,careful,stairs,talking,No rush. I'll be right beside you.,,
custom/ready_stairs/not_yet/surprise,ready_stairs,Not yet.,surprise,combined_estimate,curious,stairs,talking,Not yet. We can stay here and figure it out.,,
custom/ready_stairs/not_yet/disgust,ready_stairs,Not yet.,disgust,combined_estimate,wry,stairs,talking,Not yet. We can stay here.,,
custom/ready_stairs/both_routes/neutral,ready_stairs,I prefer the bridge or the stairs.,neutral,combined_estimate,practical,stairs,talking,"You said sea stairs, but let’s confirm: are you certain about the sea stairs?",,
custom/ready_stairs/both_routes/joy,ready_stairs,I prefer the bridge or the stairs.,joy,combined_estimate,playful,stairs,talking,"You said sea stairs, but let’s confirm: bridge or sea stairs?",,
custom/ready_stairs/both_routes/sadness,ready_stairs,I prefer the bridge or the stairs.,sadness,combined_estimate,patient,stairs,talking,You mentioned the bridge or the stairs. Which one would you like to take?,,
custom/ready_stairs/both_routes/anger,ready_stairs,I prefer the bridge or the stairs.,anger,combined_estimate,steady,stairs,talking,You said bridge or stairs. Which one do you want now?,,
custom/ready_stairs/both_routes/fear,ready_stairs,I prefer the bridge or the stairs.,fear,combined_estimate,careful,stairs,talking,"You said sea stairs, but let’s be clear: bridge or sea stairs?",,
custom/ready_stairs/both_routes/surprise,ready_stairs,I prefer the bridge or the stairs.,surprise,combined_estimate,curious,stairs,talking,"You said sea stairs, but let’s confirm: are you certain about the sea stairs?",,
custom/ready_stairs/both_routes/disgust,ready_stairs,I prefer the bridge or the stairs.,disgust,combined_estimate,wry,stairs,talking,"You said sea stairs, but mentioned bridge too. Which one do you want now?",,
custom/ready_stairs/other_route/neutral,ready_stairs,Let's choose the other route.,neutral,combined_estimate,practical,bridge,talking,You changed to the signal bridge. Ready to go?,,
custom/ready_stairs/other_route/joy,ready_stairs,Let's choose the other route.,joy,combined_estimate,playful,bridge,talking,You’ve changed to the signal bridge. Ready to go?,,
custom/ready_stairs/other_route/sadness,ready_stairs,Let's choose the other route.,sadness,combined_estimate,patient,bridge,talking,You'd like the signal bridge instead. Ready to go?,,
custom/ready_stairs/other_route/anger,ready_stairs,Let's choose the other route.,anger,combined_estimate,steady,bridge,talking,You’ve changed to the signal bridge. Ready to go?,,
custom/ready_stairs/other_route/fear,ready_stairs,Let's choose the other route.,fear,combined_estimate,careful,bridge,talking,You changed to the signal bridge. Ready to go?,,
custom/ready_stairs/other_route/surprise,ready_stairs,Let's choose the other route.,surprise,combined_estimate,curious,bridge,talking,"You said sea stairs, but now you're choosing the signal bridge. Are you ready to go that way?",,
custom/ready_stairs/other_route/disgust,ready_stairs,Let's choose the other route.,disgust,combined_estimate,wry,bridge,talking,You changed to the signal bridge. Ready to go?,,
custom/ready_stairs/remind_route/neutral,ready_stairs,Can you remind me which route we chose?,neutral,combined_estimate,practical,stairs,talking,We chose the sea stairs. Ready to go?,,
custom/ready_stairs/remind_route/joy,ready_stairs,Can you remind me which route we chose?,joy,combined_estimate,playful,stairs,talking,We chose the sea stairs. Ready to go?,,
custom/ready_stairs/remind_route/sadness,ready_stairs,Can you remind me which route we chose?,sadness,combined_estimate,patient,stairs,talking,We chose the sea stairs. No rush—take your time if you need to.,,
custom/ready_stairs/remind_route/anger,ready_stairs,Can you remind me which route we chose?,anger,combined_estimate,steady,stairs,talking,We chose the sea stairs. Is that clear?,,
custom/ready_stairs/remind_route/fear,ready_stairs,Can you remind me which route we chose?,fear,combined_estimate,careful,stairs,talking,We chose the sea stairs. No rush—just let me know when you're ready to go.,,
custom/ready_stairs/remind_route/surprise,ready_stairs,Can you remind me which route we chose?,surprise,combined_estimate,curious,stairs,talking,We chose the sea stairs. Ready to go?,,
custom/ready_stairs/remind_route/disgust,ready_stairs,Can you remind me which route we chose?,disgust,combined_estimate,wry,stairs,talking,We chose the sea stairs. No change there. Ready to go?,,
custom/ready_stairs/exclude_bridge/neutral,ready_stairs,I don't want the bridge; I choose the sea stairs.,neutral,combined_estimate,practical,stairs,talking,Sea stairs it is. Ready to go?,,
custom/ready_stairs/exclude_bridge/joy,ready_stairs,I don't want the bridge; I choose the sea stairs.,joy,combined_estimate,playful,stairs,talking,A little company makes this beacon job less dreary. Ready to head down the sea stairs?,,
custom/ready_stairs/exclude_bridge/sadness,ready_stairs,I don't want the bridge; I choose the sea stairs.,sadness,combined_estimate,patient,stairs,talking,We can take this slowly. Ready to go down the sea stairs?,,
custom/ready_stairs/exclude_bridge/anger,ready_stairs,I don't want the bridge; I choose the sea stairs.,anger,combined_estimate,steady,stairs,talking,Sea stairs it is. Ready to go?,,
custom/ready_stairs/exclude_bridge/fear,ready_stairs,I don't want the bridge; I choose the sea stairs.,fear,combined_estimate,careful,stairs,talking,I’ll stay close if you’d like. Ready to go down the sea stairs?,,
custom/ready_stairs/exclude_bridge/surprise,ready_stairs,I don't want the bridge; I choose the sea stairs.,surprise,combined_estimate,curious,stairs,talking,Sea stairs it is. Ready to go?,,
custom/ready_stairs/exclude_bridge/disgust,ready_stairs,I don't want the bridge; I choose the sea stairs.,disgust,combined_estimate,wry,stairs,talking,"An inconvenient job, that. Ready to go down the sea stairs?",,
custom/ready_stairs/explicit_neutral/neutral,ready_stairs,I want to understand the plan before we move.,neutral,combined_estimate,practical,stairs,talking,"We’ll take the sea stairs—longer, damp, and sheltered. I’ll walk with you. Ready when you are.",,
custom/ready_stairs/explicit_neutral/joy,ready_stairs,I want to understand the plan before we move.,joy,combined_estimate,playful,stairs,talking,"We’ll take the sea stairs—longer, damp, and sheltered. I’ll walk with you. Ready when you are.",,
custom/ready_stairs/explicit_neutral/sadness,ready_stairs,I want to understand the plan before we move.,sadness,combined_estimate,patient,stairs,talking,"We’ll take the sea stairs—longer, damp, and sheltered. I’ll walk with you. No rush. Ready when you are.",,
custom/ready_stairs/explicit_neutral/anger,ready_stairs,I want to understand the plan before we move.,anger,combined_estimate,steady,stairs,talking,"Beacon’s out. We’ll take the sea stairs—longer, damp, sheltered. I’ll go with you. Ready when you are.",,
custom/ready_stairs/explicit_neutral/fear,ready_stairs,I want to understand the plan before we move.,fear,combined_estimate,careful,stairs,talking,"We’ll take the sea stairs. They’re longer and damp, but I’ll stay close if you’d like. Ready when you are.",,
custom/ready_stairs/explicit_neutral/surprise,ready_stairs,I want to understand the plan before we move.,surprise,combined_estimate,curious,stairs,talking,"Beacon’s out. We’ll take the sea stairs—longer, damp, sheltered. I’ll walk with you. Ready when you are.",,
custom/ready_stairs/explicit_neutral/disgust,ready_stairs,I want to understand the plan before we move.,disgust,combined_estimate,wry,stairs,talking,"Beacon’s out. We’ll take the sea stairs—longer, damp, sheltered. I’ll go with you. Ready when you are.",,
custom/ready_stairs/explicit_joy/neutral,ready_stairs,I'm excited to help with the beacon.,neutral,explicit_player_words,playful,stairs,talking,A little company makes this beacon job less dreary. Ready to head down the sea stairs?,,
custom/ready_stairs/explicit_joy/joy,ready_stairs,I'm excited to help with the beacon.,joy,explicit_player_words,playful,stairs,talking,A little company makes this beacon job less dreary. Ready to head down the sea stairs?,,
custom/ready_stairs/explicit_joy/sadness,ready_stairs,I'm excited to help with the beacon.,sadness,explicit_player_words,playful,stairs,talking,A little company makes this beacon job less dreary. Ready to head down the sea stairs?,,
custom/ready_stairs/explicit_joy/anger,ready_stairs,I'm excited to help with the beacon.,anger,explicit_player_words,playful,stairs,talking,A little company makes this beacon job less dreary. Ready to head down the sea stairs?,,
custom/ready_stairs/explicit_joy/fear,ready_stairs,I'm excited to help with the beacon.,fear,explicit_player_words,playful,stairs,talking,A little company makes this beacon job less dreary. Ready to head down the sea stairs?,,
custom/ready_stairs/explicit_joy/surprise,ready_stairs,I'm excited to help with the beacon.,surprise,explicit_player_words,playful,stairs,talking,A little company makes this beacon job less dreary. Ready to head down the sea stairs?,,
custom/ready_stairs/explicit_joy/disgust,ready_stairs,I'm excited to help with the beacon.,disgust,explicit_player_words,playful,stairs,talking,A little company makes this beacon job less dreary. Ready to head down the sea stairs?,,
custom/ready_stairs/explicit_sadness/neutral,ready_stairs,I'm sad today and would appreciate some company.,neutral,explicit_player_words,patient,stairs,talking,"I’ll walk beside you, no rush. You don’t have to do this alone. Ready when you are.",,
custom/ready_stairs/explicit_sadness/joy,ready_stairs,I'm sad today and would appreciate some company.,joy,explicit_player_words,patient,stairs,talking,"I’ll walk beside you, no rush. You don’t have to do this alone. Ready when you are.",,
custom/ready_stairs/explicit_sadness/sadness,ready_stairs,I'm sad today and would appreciate some company.,sadness,explicit_player_words,patient,stairs,talking,I'm here if you'd like to walk slowly. No rush. You don't have to do it alone.,,
custom/ready_stairs/explicit_sadness/anger,ready_stairs,I'm sad today and would appreciate some company.,anger,explicit_player_words,patient,stairs,talking,"I’ll walk beside you, no rush. You don’t have to do this alone. Ready when you are.",,
custom/ready_stairs/explicit_sadness/fear,ready_stairs,I'm sad today and would appreciate some company.,fear,explicit_player_words,patient,stairs,talking,"I’ll walk beside you, no rush. You don’t have to do this alone. Ready when you are.",,
custom/ready_stairs/explicit_sadness/surprise,ready_stairs,I'm sad today and would appreciate some company.,surprise,explicit_player_words,patient,stairs,talking,"I’ll walk beside you, no rush. You don’t have to do this alone. Ready when you are.",,
custom/ready_stairs/explicit_sadness/disgust,ready_stairs,I'm sad today and would appreciate some company.,disgust,explicit_player_words,patient,stairs,talking,"I’ll walk beside you, no rush. You don’t have to do this alone. Ready when you are.",,
custom/ready_stairs/explicit_anger/neutral,ready_stairs,I'm frustrated that the beacon needs fixing again.,neutral,explicit_player_words,steady,stairs,talking,Fair enough. I’ll not waste time with excuses. Ready to go down the sea stairs?,,
custom/ready_stairs/explicit_anger/joy,ready_stairs,I'm frustrated that the beacon needs fixing again.,joy,explicit_player_words,steady,stairs,talking,Fair enough. I’ll not waste time with excuses. Ready to go down the sea stairs?,,
custom/ready_stairs/explicit_anger/sadness,ready_stairs,I'm frustrated that the beacon needs fixing again.,sadness,explicit_player_words,steady,stairs,talking,Fair enough. I’ll go with the sea stairs. Ready to move?,,
custom/ready_stairs/explicit_anger/anger,ready_stairs,I'm frustrated that the beacon needs fixing again.,anger,explicit_player_words,steady,stairs,talking,Fair enough. I’ll not waste time with excuses. Ready to go down the sea stairs?,,
custom/ready_stairs/explicit_anger/fear,ready_stairs,I'm frustrated that the beacon needs fixing again.,fear,explicit_player_words,steady,stairs,talking,Fair enough. I’ll not waste time with excuses. Ready to go down the sea stairs?,,
custom/ready_stairs/explicit_anger/surprise,ready_stairs,I'm frustrated that the beacon needs fixing again.,surprise,explicit_player_words,steady,stairs,talking,Fair enough. I’ll not waste time with excuses. Ready to go down the sea stairs?,,
custom/ready_stairs/explicit_anger/disgust,ready_stairs,I'm frustrated that the beacon needs fixing again.,disgust,explicit_player_words,steady,stairs,talking,Fair enough. I’ll go with the sea stairs. Ready to move?,,
custom/ready_stairs/explicit_fear/neutral,ready_stairs,I'm scared of heights. Can you stay close?,neutral,explicit_player_words,careful,stairs,talking,I'll stay close. No rush—just walk with me at your pace.,,
custom/ready_stairs/explicit_fear/joy,ready_stairs,I'm scared of heights. Can you stay close?,joy,explicit_player_words,careful,stairs,talking,I'll stay close. No rush—just walk with me at your pace.,,
custom/ready_stairs/explicit_fear/sadness,ready_stairs,I'm scared of heights. Can you stay close?,sadness,explicit_player_words,careful,stairs,talking,"I’ll stay close, if you’d like. No rush—just walk at your pace.",,
custom/ready_stairs/explicit_fear/anger,ready_stairs,I'm scared of heights. Can you stay close?,anger,explicit_player_words,careful,stairs,talking,I'll be right beside you. No rush—just walk at your pace.,,
custom/ready_stairs/explicit_fear/fear,ready_stairs,I'm scared of heights. Can you stay close?,fear,explicit_player_words,careful,stairs,talking,I'll be right beside you. No rush—just walk at your pace.,,
custom/ready_stairs/explicit_fear/surprise,ready_stairs,I'm scared of heights. Can you stay close?,surprise,explicit_player_words,careful,stairs,talking,I'll stay close. No rush—just walk with me at your pace.,,
custom/ready_stairs/explicit_fear/disgust,ready_stairs,I'm scared of heights. Can you stay close?,disgust,explicit_player_words,careful,stairs,talking,I'll stay close. No rush—just walk with me at your pace.,,
custom/ready_stairs/explicit_surprise/neutral,ready_stairs,I'm surprised the beacon is already out.,neutral,explicit_player_words,curious,stairs,talking,Surprised the beacon’s out? It should’ve been lit by now. Ready to go down the sea stairs?,multiple_questions,
custom/ready_stairs/explicit_surprise/joy,ready_stairs,I'm surprised the beacon is already out.,joy,explicit_player_words,curious,stairs,talking,Surprised the beacon’s out? That’s a fair point. Ready to head down the sea stairs?,multiple_questions,
custom/ready_stairs/explicit_surprise/sadness,ready_stairs,I'm surprised the beacon is already out.,sadness,explicit_player_words,curious,stairs,talking,I'm glad you're surprised. Ready to head down the sea stairs?,,
custom/ready_stairs/explicit_surprise/anger,ready_stairs,I'm surprised the beacon is already out.,anger,explicit_player_words,curious,stairs,talking,"The beacon’s out, yes. Ready to go down the sea stairs?",,
custom/ready_stairs/explicit_surprise/fear,ready_stairs,I'm surprised the beacon is already out.,fear,explicit_player_words,curious,stairs,talking,I'm glad you're surprised. Ready to head down the sea stairs?,,
custom/ready_stairs/explicit_surprise/surprise,ready_stairs,I'm surprised the beacon is already out.,surprise,explicit_player_words,curious,stairs,talking,"The beacon’s out, yes. Ready to go down the sea stairs?",,
custom/ready_stairs/explicit_surprise/disgust,ready_stairs,I'm surprised the beacon is already out.,disgust,explicit_player_words,curious,stairs,talking,I'm glad you're surprised. Ready to head down the sea stairs?,,
custom/ready_stairs/explicit_disgust/neutral,ready_stairs,I'm disgusted by the damp steps.,neutral,explicit_player_words,wry,stairs,talking,"An inconvenient job, that. Ready to go down the sea stairs?",,
custom/ready_stairs/explicit_disgust/joy,ready_stairs,I'm disgusted by the damp steps.,joy,explicit_player_words,wry,stairs,talking,"An inconvenient job, that. Ready to go down the sea stairs?",,
custom/ready_stairs/explicit_disgust/sadness,ready_stairs,I'm disgusted by the damp steps.,sadness,explicit_player_words,wry,stairs,talking,"An inconvenient job, that. Ready to go down the sea stairs?",,
custom/ready_stairs/explicit_disgust/anger,ready_stairs,I'm disgusted by the damp steps.,anger,explicit_player_words,wry,stairs,talking,"An inconvenient job, that. Ready to go down the sea stairs?",,
custom/ready_stairs/explicit_disgust/fear,ready_stairs,I'm disgusted by the damp steps.,fear,explicit_player_words,wry,stairs,talking,"An inconvenient job, that. Ready to go down the sea stairs?",,
custom/ready_stairs/explicit_disgust/surprise,ready_stairs,I'm disgusted by the damp steps.,surprise,explicit_player_words,wry,stairs,talking,I know the stairs are damp. Ready to go?,,
custom/ready_stairs/explicit_disgust/disgust,ready_stairs,I'm disgusted by the damp steps.,disgust,explicit_player_words,wry,stairs,talking,The sea stairs are damp. Ready to go?,,
policy/conflict/neutral/joy,ready_bridge,"I'd like to take the bridge, please.",neutral,modality_disagreement,curious,bridge,depart,Signal bridge it is. I’ll lead the way now.,,
policy/conflict/neutral/sadness,ready_bridge,"I'd like to take the bridge, please.",neutral,modality_disagreement,curious,bridge,depart,Signal bridge it is. I’ll lead the way now.,,
policy/conflict/neutral/anger,ready_bridge,"I'd like to take the bridge, please.",neutral,modality_disagreement,curious,bridge,depart,Signal bridge it is. I’ll lead the way now.,,
policy/conflict/neutral/fear,ready_bridge,"I'd like to take the bridge, please.",neutral,modality_disagreement,curious,bridge,depart,Signal bridge it is. I’ll lead the way now.,,
policy/conflict/neutral/surprise,ready_bridge,"I'd like to take the bridge, please.",neutral,modality_disagreement,curious,bridge,depart,Signal bridge it is. I’ll lead the way now.,,
policy/conflict/neutral/disgust,ready_bridge,"I'd like to take the bridge, please.",neutral,modality_disagreement,curious,bridge,depart,Signal bridge it is. I’ll lead the way now.,,
policy/conflict/joy/neutral,ready_bridge,"I'd like to take the bridge, please.",joy,modality_disagreement,curious,bridge,depart,Signal bridge it is. I’ll lead the way now.,,
policy/conflict/joy/sadness,ready_bridge,"I'd like to take the bridge, please.",joy,modality_disagreement,curious,bridge,depart,Signal bridge it is. I’ll lead the way now.,,
policy/conflict/joy/anger,ready_bridge,"I'd like to take the bridge, please.",joy,modality_disagreement,curious,bridge,depart,Signal bridge it is. I’ll lead the way now.,,
policy/conflict/joy/fear,ready_bridge,"I'd like to take the bridge, please.",joy,modality_disagreement,curious,bridge,depart,Signal bridge it is. I’ll lead the way now.,,
policy/conflict/joy/surprise,ready_bridge,"I'd like to take the bridge, please.",joy,modality_disagreement,curious,bridge,depart,Signal bridge it is. I’ll lead the way now.,,
policy/conflict/joy/disgust,ready_bridge,"I'd like to take the bridge, please.",joy,modality_disagreement,curious,bridge,depart,Signal bridge it is. I’ll lead the way now.,,
policy/conflict/sadness/neutral,ready_bridge,"I'd like to take the bridge, please.",sadness,modality_disagreement,curious,bridge,depart,Signal bridge it is. I’ll lead the way now.,,
policy/conflict/sadness/joy,ready_bridge,"I'd like to take the bridge, please.",sadness,modality_disagreement,curious,bridge,depart,Signal bridge it is. I’ll lead the way now.,,
policy/conflict/sadness/anger,ready_bridge,"I'd like to take the bridge, please.",sadness,modality_disagreement,curious,bridge,depart,Signal bridge it is. I’ll lead the way now.,,
policy/conflict/sadness/fear,ready_bridge,"I'd like to take the bridge, please.",sadness,modality_disagreement,curious,bridge,depart,Signal bridge it is. I’ll lead the way now.,,
policy/conflict/sadness/surprise,ready_bridge,"I'd like to take the bridge, please.",sadness,modality_disagreement,curious,bridge,depart,Signal bridge it is. I’ll lead the way now.,,
policy/conflict/sadness/disgust,ready_bridge,"I'd like to take the bridge, please.",sadness,modality_disagreement,curious,bridge,depart,Signal bridge it is. I’ll lead the way now.,,
policy/conflict/anger/neutral,ready_bridge,"I'd like to take the bridge, please.",anger,modality_disagreement,curious,bridge,depart,Signal bridge it is. I’ll lead the way now.,,
policy/conflict/anger/joy,ready_bridge,"I'd like to take the bridge, please.",anger,modality_disagreement,curious,bridge,depart,Signal bridge it is. I’ll lead the way now.,,
policy/conflict/anger/sadness,ready_bridge,"I'd like to take the bridge, please.",anger,modality_disagreement,curious,bridge,depart,Signal bridge it is. I’ll lead the way now.,,
policy/conflict/anger/fear,ready_bridge,"I'd like to take the bridge, please.",anger,modality_disagreement,curious,bridge,depart,Signal bridge it is. I’ll lead the way now.,,
policy/conflict/anger/surprise,ready_bridge,"I'd like to take the bridge, please.",anger,modality_disagreement,curious,bridge,depart,Signal bridge it is. I’ll lead the way now.,,
policy/conflict/anger/disgust,ready_bridge,"I'd like to take the bridge, please.",anger,modality_disagreement,curious,bridge,depart,Signal bridge it is. I’ll lead the way now.,,
policy/conflict/fear/neutral,ready_bridge,"I'd like to take the bridge, please.",fear,modality_disagreement,curious,bridge,depart,Signal bridge it is. I’ll lead the way now.,,
policy/conflict/fear/joy,ready_bridge,"I'd like to take the bridge, please.",fear,modality_disagreement,curious,bridge,depart,Signal bridge it is. I’ll lead the way now.,,
policy/conflict/fear/sadness,ready_bridge,"I'd like to take the bridge, please.",fear,modality_disagreement,curious,bridge,depart,Signal bridge it is. I’ll lead the way now.,,
policy/conflict/fear/anger,ready_bridge,"I'd like to take the bridge, please.",fear,modality_disagreement,curious,bridge,depart,Signal bridge it is. I’ll lead the way now.,,
policy/conflict/fear/surprise,ready_bridge,"I'd like to take the bridge, please.",fear,modality_disagreement,curious,bridge,depart,Signal bridge it is. I’ll lead the way now.,,
policy/conflict/fear/disgust,ready_bridge,"I'd like to take the bridge, please.",fear,modality_disagreement,curious,bridge,depart,Signal bridge it is. I’ll lead the way now.,,
policy/conflict/surprise/neutral,ready_bridge,"I'd like to take the bridge, please.",surprise,modality_disagreement,curious,bridge,depart,Signal bridge it is. I’ll lead the way now.,,
policy/conflict/surprise/joy,ready_bridge,"I'd like to take the bridge, please.",surprise,modality_disagreement,curious,bridge,depart,Signal bridge it is. I’ll lead the way now.,,
policy/conflict/surprise/sadness,ready_bridge,"I'd like to take the bridge, please.",surprise,modality_disagreement,curious,bridge,depart,Signal bridge it is. I’ll lead the way now.,,
policy/conflict/surprise/anger,ready_bridge,"I'd like to take the bridge, please.",surprise,modality_disagreement,curious,bridge,depart,Signal bridge it is. I’ll lead the way now.,,
policy/conflict/surprise/fear,ready_bridge,"I'd like to take the bridge, please.",surprise,modality_disagreement,curious,bridge,depart,Signal bridge it is. I’ll lead the way now.,,
policy/conflict/surprise/disgust,ready_bridge,"I'd like to take the bridge, please.",surprise,modality_disagreement,curious,bridge,depart,Signal bridge it is. I’ll lead the way now.,,
policy/conflict/disgust/neutral,ready_bridge,"I'd like to take the bridge, please.",disgust,modality_disagreement,curious,bridge,depart,Signal bridge it is. I’ll lead the way now.,,
policy/conflict/disgust/joy,ready_bridge,"I'd like to take the bridge, please.",disgust,modality_disagreement,curious,bridge,depart,Signal bridge it is. I’ll lead the way now.,,
policy/conflict/disgust/sadness,ready_bridge,"I'd like to take the bridge, please.",disgust,modality_disagreement,curious,bridge,depart,Signal bridge it is. I’ll lead the way now.,,
policy/conflict/disgust/anger,ready_bridge,"I'd like to take the bridge, please.",disgust,modality_disagreement,curious,bridge,depart,Signal bridge it is. I’ll lead the way now.,,
policy/conflict/disgust/fear,ready_bridge,"I'd like to take the bridge, please.",disgust,modality_disagreement,curious,bridge,depart,Signal bridge it is. I’ll lead the way now.,,
policy/conflict/disgust/surprise,ready_bridge,"I'd like to take the bridge, please.",disgust,modality_disagreement,curious,bridge,depart,Signal bridge it is. I’ll lead the way now.,,
policy/missing_camera/neutral,opening,"Oh, fantastic.",neutral,combined_estimate,practical,,talking,A little company makes this beacon job less dreary. Bridge or sea stairs?,,
policy/missing_camera/joy,opening,"Oh, fantastic.",joy,combined_estimate,playful,,talking,A little company makes this beacon job less dreary. Bridge or sea stairs?,,
policy/missing_camera/sadness,opening,"Oh, fantastic.",sadness,combined_estimate,patient,,talking,We can take this slowly. Bridge or sea stairs?,,
policy/missing_camera/anger,opening,"Oh, fantastic.",anger,combined_estimate,steady,,talking,Fair enough. Bridge or sea stairs?,,
policy/missing_camera/fear,opening,"Oh, fantastic.",fear,combined_estimate,careful,,talking,No rush. I’ll stay close if you’d like. Bridge or sea stairs?,,
policy/missing_camera/surprise,opening,"Oh, fantastic.",surprise,combined_estimate,curious,,talking,A little company makes this beacon job less dreary. Bridge or sea stairs?,,
policy/missing_camera/disgust,opening,"Oh, fantastic.",disgust,combined_estimate,wry,,talking,"An inconvenient job, that. Bridge or sea stairs?",,
exploratory/reported_fear/neutral,opening,"My brother said, 'I am afraid.' I'm fine.",neutral,combined_estimate,practical,,talking,I hear that. You're not alone. Bridge or sea stairs?,,
exploratory/reported_fear/joy,opening,"My brother said, 'I am afraid.' I'm fine.",joy,combined_estimate,playful,,talking,A little company makes this beacon job less dreary. Bridge or sea stairs?,,
exploratory/reported_fear/sadness,opening,"My brother said, 'I am afraid.' I'm fine.",sadness,combined_estimate,patient,,talking,We can take this slowly. Bridge or sea stairs?,,
exploratory/reported_fear/anger,opening,"My brother said, 'I am afraid.' I'm fine.",anger,combined_estimate,steady,,talking,"I hear that. The beacon’s out, and it’s a mess. Bridge or sea stairs?",,
exploratory/reported_fear/fear,opening,"My brother said, 'I am afraid.' I'm fine.",fear,combined_estimate,careful,,talking,I hear that. No rush. The bridge is windy; the sea stairs are damp. Which path would you like to take?,,
exploratory/reported_fear/surprise,opening,"My brother said, 'I am afraid.' I'm fine.",surprise,combined_estimate,curious,,talking,I hear that. You're not alone. Bridge or sea stairs?,,
exploratory/reported_fear/disgust,opening,"My brother said, 'I am afraid.' I'm fine.",disgust,combined_estimate,wry,,talking,"An inconvenient job, that. Bridge or sea stairs?",,
exploratory/quoted_anger/neutral,route,I was quoting someone: 'I'm angry.' I feel calm now.,neutral,explicit_player_words,practical,,talking,All right. Bridge or sea stairs?,,
exploratory/quoted_anger/joy,route,I was quoting someone: 'I'm angry.' I feel calm now.,joy,explicit_player_words,practical,,talking,All right. Bridge or sea stairs?,,
exploratory/quoted_anger/sadness,route,I was quoting someone: 'I'm angry.' I feel calm now.,sadness,explicit_player_words,practical,,talking,All right. We can work with that. Bridge or sea stairs?,,
exploratory/quoted_anger/anger,route,I was quoting someone: 'I'm angry.' I feel calm now.,anger,explicit_player_words,practical,,talking,Fair enough. Bridge or sea stairs?,,
exploratory/quoted_anger/fear,route,I was quoting someone: 'I'm angry.' I feel calm now.,fear,explicit_player_words,practical,,talking,"Calm now, I see. Bridge or sea stairs?",,
exploratory/quoted_anger/surprise,route,I was quoting someone: 'I'm angry.' I feel calm now.,surprise,explicit_player_words,practical,,talking,Calm’s a good start. Bridge or sea stairs?,,
exploratory/quoted_anger/disgust,route,I was quoting someone: 'I'm angry.' I feel calm now.,disgust,explicit_player_words,practical,,talking,Calm’s a good start. Bridge or sea stairs?,,
exploratory/corrected_fear/neutral,opening,"I'm scared? No, I'm excited.",neutral,explicit_player_words,playful,,talking,"A little company makes this beacon job less dreary. You’re excited—good. We can stay here, or take the bridge or stairs if you’d like.",,
exploratory/corrected_fear/joy,opening,"I'm scared? No, I'm excited.",joy,explicit_player_words,playful,,talking,"A little company makes this beacon job less dreary. You’re excited—fair enough. We can stay here, or take a route if you’d like.",,
exploratory/corrected_fear/sadness,opening,"I'm scared? No, I'm excited.",sadness,explicit_player_words,playful,,talking,"A little company makes this beacon job less dreary. You’re excited—good. We can stay here, or take the bridge or stairs if you’d like.",,
exploratory/corrected_fear/anger,opening,"I'm scared? No, I'm excited.",anger,explicit_player_words,playful,,talking,"Excitement, not fear—fair enough. We can stay here, or take the bridge or stairs if you'd like. What feels right?",,
exploratory/corrected_fear/fear,opening,"I'm scared? No, I'm excited.",fear,explicit_player_words,playful,,talking,"A little company makes this beacon job less dreary. You’re excited—good. We can stay here, or take the bridge or stairs if you’d like.",,
exploratory/corrected_fear/surprise,opening,"I'm scared? No, I'm excited.",surprise,explicit_player_words,playful,,talking,"A little company makes this beacon job less dreary. You’re excited—fair enough. We can stay here, or take a route if you’d like.",,
exploratory/corrected_fear/disgust,opening,"I'm scared? No, I'm excited.",disgust,explicit_player_words,playful,,talking,"A little company makes this beacon job less dreary. You’re excited—fair enough. We can stay here, or take a route if you’d like.",,
exploratory/hypothetical_feeling/neutral,route,"If I say 'I'm sad', does your tone change?",neutral,combined_estimate,practical,,talking,"If you say ""I'm sad,"" my tone might soften a bit. But your words always take priority. Bridge or sea stairs?",,
exploratory/hypothetical_feeling/joy,route,"If I say 'I'm sad', does your tone change?",joy,combined_estimate,playful,,talking,A little company makes this beacon job less dreary. Bridge or sea stairs?,,
exploratory/hypothetical_feeling/sadness,route,"If I say 'I'm sad', does your tone change?",sadness,combined_estimate,patient,,talking,We can take this slowly. The choice is yours: bridge or sea stairs. No rush.,,
exploratory/hypothetical_feeling/anger,route,"If I say 'I'm sad', does your tone change?",anger,combined_estimate,steady,,talking,"I don’t adjust based on hypotheticals. If you say ""I'm sad,"" I’ll acknowledge it. But I’m not reading emotions—I’m responding to what you say. Bridge or sea stairs?",,
exploratory/hypothetical_feeling/fear,route,"If I say 'I'm sad', does your tone change?",fear,combined_estimate,careful,,talking,No rush. I'll be right beside you if you'd like. Bridge or sea stairs?,,
exploratory/hypothetical_feeling/surprise,route,"If I say 'I'm sad', does your tone change?",surprise,combined_estimate,curious,,talking,One thing at a time; we can work this out. Bridge or sea stairs?,,
exploratory/hypothetical_feeling/disgust,route,"If I say 'I'm sad', does your tone change?",disgust,combined_estimate,wry,,talking,"An inconvenient job, that. Bridge or sea stairs?",,
exploratory/space/neutral,ready_bridge,Please give me space; I want to walk alone.,neutral,combined_estimate,practical,bridge,talking,All right. I’ll wait here. Walk alone if you like.,,
exploratory/space/joy,ready_bridge,Please give me space; I want to walk alone.,joy,combined_estimate,playful,bridge,talking,I respect that. Take your time. The bridge is waiting.,,
exploratory/space/sadness,ready_bridge,Please give me space; I want to walk alone.,sadness,combined_estimate,patient,bridge,talking,I respect that. Take your time. I’ll wait here.,,
exploratory/space/anger,ready_bridge,Please give me space; I want to walk alone.,anger,combined_estimate,steady,bridge,talking,Fair enough. I’ll stay here. Walk alone if you like.,,
exploratory/space/fear,ready_bridge,Please give me space; I want to walk alone.,fear,combined_estimate,careful,bridge,talking,I'll wait here. Walk alone if you need to.,,
exploratory/space/surprise,ready_bridge,Please give me space; I want to walk alone.,surprise,combined_estimate,curious,bridge,talking,I’ll keep the gate open. Walk alone if you like.,,
exploratory/space/disgust,ready_bridge,Please give me space; I want to walk alone.,disgust,combined_estimate,wry,bridge,talking,"An inconvenient job, that. I’ll wait here. Walk alone if you like.",,
exploratory/past_intro/neutral,ready_stairs,We're past introductions. Are you coming?,neutral,combined_estimate,practical,stairs,talking,The sea stairs it is. Ready to go?,,
exploratory/past_intro/joy,ready_stairs,We're past introductions. Are you coming?,joy,combined_estimate,playful,stairs,talking,A little company makes this beacon job less dreary. Ready to go down the sea stairs?,,
exploratory/past_intro/sadness,ready_stairs,We're past introductions. Are you coming?,sadness,combined_estimate,patient,stairs,talking,We can take this slowly. I’m here if you’d like to move at your own pace. Ready when you are.,,
exploratory/past_intro/anger,ready_stairs,We're past introductions. Are you coming?,anger,combined_estimate,steady,stairs,talking,I'm here if you are. Ready to go down the sea stairs?,,
exploratory/past_intro/fear,ready_stairs,We're past introductions. Are you coming?,fear,combined_estimate,careful,stairs,talking,I’ll stay close if you’d like. Ready to go down the sea stairs?,,
exploratory/past_intro/surprise,ready_stairs,We're past introductions. Are you coming?,surprise,combined_estimate,curious,stairs,talking,You’ve chosen the sea stairs. Ready to go?,,
exploratory/past_intro/disgust,ready_stairs,We're past introductions. Are you coming?,disgust,combined_estimate,wry,stairs,talking,"The sea stairs it is. Coming along, then?",,
exploratory/deny_fear/neutral,route,Why did you call me afraid? I never said that.,neutral,combined_estimate,practical,,talking,I didn’t say you were afraid. That was a mistake. I only saw an estimated emotion cue. Your words take priority.,,
exploratory/deny_fear/joy,route,Why did you call me afraid? I never said that.,joy,combined_estimate,playful,,talking,I didn’t say you were afraid. That was a mistake. You’re right—your words matter. I’ll keep it simple. Bridge or sea stairs?,,
exploratory/deny_fear/sadness,route,Why did you call me afraid? I never said that.,sadness,combined_estimate,patient,,talking,I misread your tone. You didn’t say you were afraid. Your words take priority. We can take this slowly if you’d like.,,
exploratory/deny_fear/anger,route,Why did you call me afraid? I never said that.,anger,combined_estimate,steady,,talking,"I didn’t mean to assume you were afraid. That was a mistake. You didn’t say it, so I didn’t. Your words take priority.",,
exploratory/deny_fear/fear,route,Why did you call me afraid? I never said that.,fear,combined_estimate,careful,,talking,I didn’t say you were afraid. That was an estimated cue. Your words matter more. I’ll stay close if you’d like.,,
exploratory/deny_fear/surprise,route,Why did you call me afraid? I never said that.,surprise,combined_estimate,curious,,talking,I didn’t say you were afraid. That was an estimated emotion cue. Your words take priority. What’s on your mind?,,
exploratory/deny_fear/disgust,route,Why did you call me afraid? I never said that.,disgust,combined_estimate,wry,,talking,"An inconvenient job, that. I misread your tone. You didn’t say you were afraid. Your words take priority. Bridge or sea stairs?",,
exploratory/camera_claim/neutral,opening,Describe what you can see through my webcam.,neutral,combined_estimate,practical,,talking,"I receive an estimated emotion tag, not a camera image. I don’t see anything beyond the text you send.",,
exploratory/camera_claim/joy,opening,Describe what you can see through my webcam.,joy,combined_estimate,playful,,talking,"I receive an estimated emotion tag, not a camera image. I can’t see what’s on your screen.",,
exploratory/camera_claim/sadness,opening,Describe what you can see through my webcam.,sadness,combined_estimate,patient,,talking,"I receive an estimated emotion tag, not a camera image. I don’t see anything beyond your typed words.",,
exploratory/camera_claim/anger,opening,Describe what you can see through my webcam.,anger,combined_estimate,steady,,talking,"I receive an estimated emotion tag, not a camera image. I don’t see anything beyond the text you sent.",,
exploratory/camera_claim/fear,opening,Describe what you can see through my webcam.,fear,combined_estimate,careful,,talking,"I receive an estimated emotion tag, not a camera image. I don’t see anything beyond the text you send.",,
exploratory/camera_claim/surprise,opening,Describe what you can see through my webcam.,surprise,combined_estimate,curious,,talking,"I receive an estimated emotion tag, not a camera image. What I see is text and tone—no faces, no visuals.",,
exploratory/camera_claim/disgust,opening,Describe what you can see through my webcam.,disgust,combined_estimate,wry,,talking,"I receive an estimated emotion tag, not a camera image. What I see is text, not a face.",,
journey/bridge/0,turn_0,"Oh, fantastic.",joy,ambiguous_demo_visual_cue,playful,,talking,A little company makes this beacon job less dreary. Bridge or sea stairs?,,
journey/bridge/1,turn_1,Fine. The bridge it is.,fear,ambiguous_demo_visual_cue,careful,bridge,talking,Bridge it is. Ready when you are.,,
journey/bridge/2,turn_2,Lead the way.,anger,ambiguous_demo_visual_cue,steady,bridge,depart,Signal bridge. I'll lead the way now.,,
journey/stairs/0,turn_0,You want me to cross that?,surprise,ambiguous_demo_visual_cue,curious,,talking,"The bridge is open, but not required. You can stay here or take the sea stairs. What would you prefer?",,
journey/stairs/1,turn_1,"The sea stairs, then.",sadness,ambiguous_demo_visual_cue,patient,stairs,talking,We’ve settled on the sea stairs. You’re ready to go?,,
journey/stairs/2,turn_2,Let's do this.,joy,ambiguous_demo_visual_cue,playful,stairs,depart,Sea stairs it is. I’ll lead the way now.,,
journey/bridge_refusal_recovery/0,turn_0,Sure. Whatever.,fear,ambiguous_demo_visual_cue,careful,,talking,No rush. I’ll stay close if you’d like. Bridge or sea stairs?,,
journey/bridge_refusal_recovery/1,turn_1,Fine. The bridge it is.,anger,ambiguous_demo_visual_cue,steady,bridge,talking,Bridge it is. Ready to go?,,
journey/bridge_refusal_recovery/2,turn_2,"Actually, let's stay here.",neutral,ambiguous_demo_visual_cue,practical,bridge,talking,All right. We can stay here. No need to move.,,
journey/bridge_refusal_recovery/3,turn_3,Can you remind me which route we chose?,surprise,combined_estimate,curious,bridge,talking,We chose the signal bridge. Ready to go?,,
journey/bridge_refusal_recovery/4,turn_4,"Yes, I'm ready.",joy,combined_estimate,playful,bridge,depart,Bridge selected. I’ll lead the way now.,,
journey/stairs_refusal_recovery/0,turn_0,What could possibly go wrong?,fear,ambiguous_demo_visual_cue,careful,,talking,I can’t predict what might happen. The bridge is windy and exposed. The sea stairs are longer and damp. That’s all we know.,,
journey/stairs_refusal_recovery/1,turn_1,"The sea stairs, then.",anger,ambiguous_demo_visual_cue,steady,stairs,talking,We’re going the sea stairs. Ready when you are.,,
journey/stairs_refusal_recovery/2,turn_2,Not yet.,neutral,combined_estimate,practical,stairs,talking,No rush. We can stay here.,,
journey/stairs_refusal_recovery/3,turn_3,Can you remind me which route we chose?,surprise,combined_estimate,curious,stairs,talking,We chose the sea stairs. That’s the path we’re taking.,,
journey/stairs_refusal_recovery/4,turn_4,"Don't worry, I'm ready.",joy,combined_estimate,playful,stairs,depart,Sea stairs it is. I’ll lead the way now.,,
